contract_award_unique_key,award_id_piid,parent_award_agency_id,parent_award_agency_name,parent_award_id_piid,disaster_emergency_fund_codes,outlayed_amount_from_COVID-19_supplementals,obligated_amount_from_COVID-19_supplementals,outlayed_amount_from_IIJA_supplemental,obligated_amount_from_IIJA_supplemental,total_obligated_amount,total_outlayed_amount,current_total_value_of_award,potential_total_value_of_award,award_base_action_date,award_base_action_date_fiscal_year,award_latest_action_date,award_latest_action_date_fiscal_year,period_of_performance_start_date,period_of_performance_current_end_date,period_of_performance_potential_end_date,ordering_period_end_date,solicitation_date,awarding_agency_code,awarding_agency_name,awarding_sub_agency_code,awarding_sub_agency_name,awarding_office_code,awarding_office_name,funding_agency_code,funding_agency_name,funding_sub_agency_code,funding_sub_agency_name,funding_office_code,funding_office_name,treasury_accounts_funding_this_award,federal_accounts_funding_this_award,object_classes_funding_this_award,program_activities_funding_this_award,foreign_funding,foreign_funding_description,sam_exception,sam_exception_description,recipient_uei,recipient_duns,recipient_name,recipient_name_raw,recipient_doing_business_as_name,cage_code,recipient_parent_uei,recipient_parent_duns,recipient_parent_name,recipient_parent_name_raw,recipient_country_code,recipient_country_name,recipient_address_line_1,recipient_address_line_2,recipient_city_name,prime_award_summary_recipient_county_fips_code,recipient_county_name,prime_award_summary_recipient_state_fips_code,recipient_state_code,recipient_state_name,recipient_zip_4_code,prime_award_summary_recipient_cd_original,prime_award_summary_recipient_cd_current,recipient_phone_number,recipient_fax_number,primary_place_of_performance_country_code,primary_place_of_performance_country_name,primary_place_of_performance_city_name,prime_award_summary_place_of_performance_county_fips_code,primary_place_of_performance_county_name,prime_award_summary_place_of_performance_state_fips_code,primary_place_of_performance_state_code,primary_place_of_performance_state_name,primary_place_of_performance_zip_4,prime_award_summary_place_of_performance_cd_original,prime_award_summary_place_of_performance_cd_current,award_or_idv_flag,award_type_code,award_type,idv_type_code,idv_type,multiple_or_single_award_idv_code,multiple_or_single_award_idv,type_of_idc_code,type_of_idc,type_of_contract_pricing_code,type_of_contract_pricing,prime_award_base_transaction_description,solicitation_identifier,number_of_actions,inherently_governmental_functions,inherently_governmental_functions_description,product_or_service_code,product_or_service_code_description,contract_bundling_code,contract_bundling,dod_claimant_program_code,dod_claimant_program_description,naics_code,naics_description,recovered_materials_sustainability_code,recovered_materials_sustainability,domestic_or_foreign_entity_code,domestic_or_foreign_entity,dod_acquisition_program_code,dod_acquisition_program_description,information_technology_commercial_item_category_code,information_technology_commercial_item_category,epa_designated_product_code,epa_designated_product,country_of_product_or_service_origin_code,country_of_product_or_service_origin,place_of_manufacture_code,place_of_manufacture,subcontracting_plan_code,subcontracting_plan,extent_competed_code,extent_competed,solicitation_procedures_code,solicitation_procedures,type_of_set_aside_code,type_of_set_aside,evaluated_preference_code,evaluated_preference,research_code,research,fair_opportunity_limited_sources_code,fair_opportunity_limited_sources,other_than_full_and_open_competition_code,other_than_full_and_open_competition,number_of_offers_received,commercial_item_acquisition_procedures_code,commercial_item_acquisition_procedures,small_business_competitiveness_demonstration_program,simplified_procedures_for_certain_commercial_items_code,simplified_procedures_for_certain_commercial_items,a76_fair_act_action_code,a76_fair_act_action,fed_biz_opps_code,fed_biz_opps,local_area_set_aside_code,local_area_set_aside,price_evaluation_adjustment_preference_percent_difference,clinger_cohen_act_planning_code,clinger_cohen_act_planning,materials_supplies_articles_equipment_code,materials_supplies_articles_equipment,labor_standards_code,labor_standards,construction_wage_rate_requirements_code,construction_wage_rate_requirements,interagency_contracting_authority_code,interagency_contracting_authority,other_statutory_authority,program_acronym,parent_award_type_code,parent_award_type,parent_award_single_or_multiple_code,parent_award_single_or_multiple,major_program,national_interest_action_code,national_interest_action,cost_or_pricing_data_code,cost_or_pricing_data,cost_accounting_standards_clause_code,cost_accounting_standards_clause,government_furnished_property_code,government_furnished_property,sea_transportation_code,sea_transportation,consolidated_contract_code,consolidated_contract,performance_based_service_acquisition_code,performance_based_service_acquisition,multi_year_contract_code,multi_year_contract,contract_financing_code,contract_financing,purchase_card_as_payment_method_code,purchase_card_as_payment_method,contingency_humanitarian_or_peacekeeping_operation_code,contingency_humanitarian_or_peacekeeping_operation,alaskan_native_corporation_owned_firm,american_indian_owned_business,indian_tribe_federally_recognized,native_hawaiian_organization_owned_firm,tribally_owned_firm,veteran_owned_business,service_disabled_veteran_owned_business,woman_owned_business,women_owned_small_business,economically_disadvantaged_women_owned_small_business,joint_venture_women_owned_small_business,joint_venture_economic_disadvantaged_women_owned_small_bus,minority_owned_business,subcontinent_asian_asian_indian_american_owned_business,asian_pacific_american_owned_business,black_american_owned_business,hispanic_american_owned_business,native_american_owned_business,other_minority_owned_business,contracting_officers_determination_of_business_size,contracting_officers_determination_of_business_size_code,emerging_small_business,community_developed_corporation_owned_firm,labor_surplus_area_firm,us_federal_government,federally_funded_research_and_development_corp,federal_agency,us_state_government,us_local_government,city_local_government,county_local_government,inter_municipal_local_government,local_government_owned,municipality_local_government,school_district_local_government,township_local_government,us_tribal_government,foreign_government,organizational_type,corporate_entity_not_tax_exempt,corporate_entity_tax_exempt,partnership_or_limited_liability_partnership,sole_proprietorship,small_agricultural_cooperative,international_organization,us_government_entity,community_development_corporation,domestic_shelter,educational_institution,foundation,hospital_flag,manufacturer_of_goods,veterinary_hospital,hispanic_servicing_institution,receives_contracts,receives_financial_assistance,receives_contracts_and_financial_assistance,airport_authority,council_of_governments,housing_authorities_public_tribal,interstate_entity,planning_commission,port_authority,transit_authority,subchapter_scorporation,limited_liability_corporation,foreign_owned,for_profit_organization,nonprofit_organization,other_not_for_profit_organization,the_ability_one_program,private_university_or_college,state_controlled_institution_of_higher_learning,1862_land_grant_college,1890_land_grant_college,1994_land_grant_college,minority_institution,historically_black_college,tribal_college,alaskan_native_servicing_institution,native_hawaiian_servicing_institution,school_of_forestry,veterinary_college,dot_certified_disadvantage,self_certified_small_disadvantaged_business,small_disadvantaged_business,c8a_program_participant,historically_underutilized_business_zone_hubzone_firm,sba_certified_8a_joint_venture,highly_compensated_officer_1_name,highly_compensated_officer_1_amount,highly_compensated_officer_2_name,highly_compensated_officer_2_amount,highly_compensated_officer_3_name,highly_compensated_officer_3_amount,highly_compensated_officer_4_name,highly_compensated_officer_4_amount,highly_compensated_officer_5_name,highly_compensated_officer_5_amount,usaspending_permalink,last_modified_date
CONT_AWD_0001_9700_W52P1J13G0029_9700,0001,9700,DEPT OF DEFENSE,W52P1J13G0029,,,,,,366105950.43,,366105950.43,366105950.43,2014-02-27,2014,2025-09-24,2025,2014-02-27,2025-12-09,2025-12-09 12:12:00,,,097,Department of Defense,2100,Department of the Army,W519TC,W6QK ACC-RI,097,Department of Defense,2100,Department of the Army,W90XN7,W0DA US ARMY SUSTAINMENT CMD,,,,,X,NOT APPLICABLE,,,KKGNXA8LZ2Z2,,VS2 LLC,"VS2, LLC",,6RF52,KKGNXA8LZ2Z2,,VS2 LLC,VS2 LLC,USA,UNITED STATES,6348 WALKER LN,,ALEXANDRIA,51059,FAIRFAX,51,VA,VIRGINIA,223103226,VA-11,VA-11,7033294618,7033295924,USA,UNITED STATES,FORT BENNING,13053,CHATTAHOOCHEE,13,GA,GEORGIA,319050500,GA-02,GA-02,AWARD,C,DELIVERY ORDER,,,,,,,U,COST PLUS FIXED FEE,"LOGISTICS SUPPORT SERVICES TO INCLUDE MAINTENANCE, SUPPLY, AND TRANSPORTATION FUNCTIONS TO THE LOGISTICS READINESS CENTER (LRC) AT FORT BENNING, GA. IGF::OT::IGF",,1,OT,OTHER FUNCTIONS,R706,SUPPORT- MANAGEMENT: LOGISTICS SUPPORT,D,NOT A BUNDLED REQUIREMENT,S1,SERVICES,561210,FACILITIES SUPPORT SERVICES,C,NO CLAUSES INCLUDED AND NO SUSTAINABILITY INCLUDED,A,U.S. OWNED BUSINESS,000,NONE,Z,NOT IT PRODUCTS OR SERVICES,E,NOT REQUIRED,USA,UNITED STATES,C,NOT A MANUFACTURED END PRODUCT,,,A,FULL AND OPEN COMPETITION,NP,NEGOTIATED PROPOSAL/QUOTE,NONE,NO SET ASIDE USED.,NONE,NO PREFERENCE USED,,,,,,,23,D,COMMERCIAL PRODUCTS/SERVICES PROCEDURES NOT USED,f,,,N,NO,,,N,NO,0.00,N,NO,X,NOT APPLICABLE,Y,YES,X,NOT APPLICABLE,X,NOT APPLICABLE,,,D,BOA,M,MULTIPLE AWARD,,,,,,,,Y,Y,Y,YES,N,NO,Y,YES - SERVICE WHERE PBA IS USED.,,,Z,NOT APPLICABLE,N,NO,X,NOT APPLICABLE,f,f,f,f,f,f,f,f,f,f,f,f,f,f,f,f,f,f,f,OTHER THAN SMALL BUSINESS,O,f,f,f,f,f,f,f,f,f,f,f,f,f,f,f,f,f,PARTNERSHIP,f,f,t,f,f,f,f,f,f,f,f,f,f,f,f,f,f,t,f,f,f,f,f,f,f,f,t,f,t,f,f,f,f,f,f,f,f,f,f,f,f,f,f,f,f,f,f,f,f,f,,,,,,,,,,,https://www.usaspending.gov/award/CONT_AWD_0001_9700_W52P1J13G0029_9700/,2025-09-24
CONT_AWD_0002_9700_FA862515D6591_9700,0002,9700,DEPT OF DEFENSE,FA862515D6591,,,,,,46612270.09,,49999818.47,49999818.47,2016-12-22,2017,2025-05-28,2025,2016-12-22,2024-05-31,2024-05-31 00:00:00,,,097,Department of Defense,9763,Defense Contract Management Agency,S1111A,DCMA FIXED WING MARIETTA,097,Department of Defense,5700,Department of the Air Force,F4FDBV,F4FDBV AFLCMC WIB CV-22,,,,,X,NOT APPLICABLE,,,SJDEB3MKJEW5,,LOCKHEED MARTIN CORP,LOCKHEED MARTIN CORPORATION,LOCKHEED MARTIN AERONAUTICS,98897,ZFN2JJXBLZT3,,LOCKHEED MARTIN CORP,LOCKHEED MARTIN CORP,USA,UNITED STATES,86 SOUTH COBB DR,,MARIETTA,13067,COBB,13,GA,GEORGIA,300630001,GA-11,GA-11,8563593106,,USA,UNITED STATES,MARIETTA,13067,COBB,13,GA,GEORGIA,300630001,GA-11,GA-11,AWARD,C,DELIVERY ORDER,,,,,,,V,COST PLUS INCENTIVE FEE,ACAT 1 - HC/MC-130J BLOCK 7.0/8.1 UPGRADE,,1,,,1510,"AIRCRAFT, FIXED WING",D,NOT A BUNDLED REQUIREMENT,A1A,AIRFRAMES AND SPARES,336411,AIRCRAFT MANUFACTURING,C,NO CLAUSES INCLUDED AND NO SUSTAINABILITY INCLUDED,A,U.S. OWNED BUSINESS,220,C-130J,Z,NOT IT PRODUCTS OR SERVICES,E,NOT REQUIRED,USA,UNITED STATES,D,MFG IN U.S.,,,C,NOT COMPETED,SSS,ONLY ONE SOURCE,,,NONE,NO PREFERENCE USED,,,,,ONE,ONLY ONE SOURCE-OTHER (FAR 6.302-1 OTHER),,D,COMMERCIAL PRODUCTS/SERVICES PROCEDURES NOT USED,f,N,NO,N,NO,Y,YES,N,NO,,N,NO,Y,YES,N,NO,N,NO,X,NOT APPLICABLE,,,B,IDC,S,SINGLE AWARD,,,,N,NO,,,N,N,U,UNKNOWN,N,NO,X,NOT APPLICABLE,N,NO,Z,NOT APPLICABLE,N,NO,X,NOT APPLICABLE,f,f,f,f,f,f,f,f,f,f,f,f,f,f,f,f,f,f,f,OTHER THAN SMALL BUSINESS,O,f,f,f,f,f,f,f,f,f,f,f,f,f,f,f,f,f,CORPORATE NOT TAX EXEMPT,t,f,f,f,f,f,f,f,f,f,f,f,t,f,f,f,f,t,f,f,f,f,f,f,f,f,f,f,t,f,f,f,f,f,f,f,f,f,f,f,f,f,f,f,f,f,f,f,f,f,,,,,,,,,,,https://www.usaspending.gov/award/CONT_AWD_0002_9700_FA862515D6591_9700/,2025-07-21
CONT_AWD_0002_9700_W52P1J14G0026_9700,0002,9700,DEPT OF DEFENSE,W52P1J14G0026,,,,,,123105916.79,,123105916.79,123105916.79,2016-08-04,2016,2025-05-07,2025,2016-08-04,2024-09-30,2024-09-30 12:09:00,,,097,Department of Defense,2100,Department of the Army,W519TC,W6QK ACC-RI,097,Department of Defense,2100,Department of the Army,W90XN7,W0DA US ARMY SUSTAINMENT CMD,,,,,X,NOT APPLICABLE,,,V8G8J6K8NKD8,,VANQUISH WORLDWIDE L.L.C.,VANQUISH WORLDWIDE L.L.C.,,67BU9,V8G8J6K8NKD8,,VANQUISH WORLDWIDE L.L.C.,VANQUISH WORLDWIDE L.L.C.,USA,UNITED STATES,235 S. OLD GLORY ROAD,,MARYVILLE,47009,BLOUNT,47,TN,TENNESSEE,378018331,TN-01,TN-02,8658162761,8554682678,USA,UNITED STATES,FORT STEWART,13179,LIBERTY,13,GA,GEORGIA,313145014,GA-01,GA-01,AWARD,C,DELIVERY ORDER,,,,,,,U,COST PLUS FIXED FEE,IGF::OT::IGF FORT STEWART LOGISTICS READINESS CENTER - LOGISTICS SUPPORT SERVICES,,1,OT,OTHER FUNCTIONS,R706,SUPPORT- MANAGEMENT: LOGISTICS SUPPORT,D,NOT A BUNDLED REQUIREMENT,S1,SERVICES,561210,FACILITIES SUPPORT SERVICES,C,NO CLAUSES INCLUDED AND NO SUSTAINABILITY INCLUDED,A,U.S. OWNED BUSINESS,000,NONE,Z,NOT IT PRODUCTS OR SERVICES,E,NOT REQUIRED,USA,UNITED STATES,C,NOT A MANUFACTURED END PRODUCT,,,D,FULL AND OPEN COMPETITION AFTER EXCLUSION OF SOURCES,NP,NEGOTIATED PROPOSAL/QUOTE,SBA,SMALL BUSINESS SET ASIDE - TOTAL,NONE,NO PREFERENCE USED,,,,,,,28,D,COMMERCIAL PRODUCTS/SERVICES PROCEDURES NOT USED,f,,,N,NO,,,N,NO,,N,NO,X,NOT APPLICABLE,Y,YES,X,NOT APPLICABLE,X,NOT APPLICABLE,,,D,BOA,M,MULTIPLE AWARD,,,,,,,,Y,Y,N,NO,N,NO,Y,YES - SERVICE WHERE PBA IS USED.,,,Z,NOT APPLICABLE,N,NO,X,NOT APPLICABLE,f,f,f,f,f,t,t,f,f,f,f,f,f,f,f,f,f,f,f,SMALL BUSINESS,S,f,f,f,f,f,f,f,f,f,f,f,f,f,f,f,f,f,CORPORATE NOT TAX EXEMPT,t,f,f,f,f,f,f,f,f,f,f,f,f,f,f,f,f,t,f,f,f,f,f,f,f,f,t,f,t,f,f,f,f,f,f,f,f,f,f,f,f,f,f,f,f,f,f,f,f,f,,,,,,,,,,,https://www.usaspending.gov/award/CONT_AWD_0002_9700_W52P1J14G0026_9700/,2025-05-07
CONT_AWD_0003_9700_FA862504D6452_9700,0003,9700,DEPT OF DEFENSE,FA862504D6452,,,,,,205825547.89,,210199586.37,210199586.37,2007-04-05,2007,2025-08-04,2025,2007-04-05,2019-12-31,2019-12-31 00:00:00,,,097,Department of Defense,5700,Department of the Air Force,FA8625,FA8625  AFLCMC WLNK C130,097,Department of Defense,5700,Department of the Air Force,F4FDCT,F4FDCT AFLCMC WLN J,,,,,X,NOT APPLICABLE,,,SJDEB3MKJEW5,,LOCKHEED MARTIN CORP,LOCKHEED MARTIN CORPORATION,,98897,ZFN2JJXBLZT3,,LOCKHEED MARTIN CORP,LOCKHEED MARTIN CORP,USA,UNITED STATES,86 SOUTH COBB DRIVE,,MARIETTA,13067,COBB,13,GA,GEORGIA,30063,GA-11,GA-11,,,USA,UNITED STATES,MARIETTA,13067,COBB,13,GA,GEORGIA,300630001,GA-11,GA-11,AWARD,C,DELIVERY ORDER,,,,,,,R,COST PLUS AWARD FEE,BLOCK 7.0,,1,,,1510,"AIRCRAFT, FIXED WING",D,NOT A BUNDLED REQUIREMENT,A1A,AIRFRAMES AND SPARES,336411,AIRCRAFT MANUFACTURING,C,NO CLAUSES INCLUDED AND NO SUSTAINABILITY INCLUDED,,,220,C-130J,Z,NOT IT PRODUCTS OR SERVICES,E,NOT REQUIRED,USA,UNITED STATES,C,NOT A MANUFACTURED END PRODUCT,C,PLAN REQUIRED - INCENTIVE NOT INCLUDED,C,NOT COMPETED,SSS,ONLY ONE SOURCE,NONE,NO SET ASIDE USED.,NONE,NO PREFERENCE USED,,,,,ONE,ONLY ONE SOURCE-OTHER (FAR 6.302-1 OTHER),1,D,COMMERCIAL PRODUCTS/SERVICES PROCEDURES NOT USED,f,N,NO,N,NO,X,NOT APPLICABLE,,,,N,NO,X,NOT APPLICABLE,X,NOT APPLICABLE,X,NOT APPLICABLE,X,NOT APPLICABLE,,,B,IDC,S,SINGLE AWARD,,,,Y,YES,X,NOT APPLICABLE EXEMPT FROM CAS,Y,Y,U,UNKNOWN,N,NO,X,NOT APPLICABLE,N,NO,Z,NOT APPLICABLE,N,NO,X,NOT APPLICABLE,f,f,f,f,f,f,f,f,f,f,f,f,f,f,f,f,f,f,f,OTHER THAN SMALL BUSINESS,O,f,f,f,f,f,f,f,f,f,f,f,f,f,f,f,f,f,,f,f,f,f,f,f,f,f,f,f,f,f,f,f,f,f,f,f,f,f,f,f,f,f,f,f,f,f,f,f,f,f,f,f,f,f,f,f,f,f,f,f,f,f,f,f,f,f,f,f,,,,,,,,,,,https://www.usaspending.gov/award/CONT_AWD_0003_9700_FA862504D6452_9700/,2025-08-04
CONT_AWD_0005_9700_W31P4Q18D0002_9700,0005,9700,DEPT OF DEFENSE,W31P4Q18D0002,,,,,,49162937.49,,49162937.49,49684266.50,2018-07-31,2018,2025-06-06,2025,2018-07-31,2023-07-31,2023-07-31 12:07:00,,,097,Department of Defense,2100,Department of the Army,W31P4Q,W6QK ACC-RSA,097,Department of Defense,2100,Department of the Army,W71B7J,W262 CCDC ARL,,,,,X,NOT APPLICABLE,,,L3G5SBQ2PLK5,,GEORGIA TECH APPLIED RESEARCH CORP,GEORGIA TECH APPLIED RESEARCH CORPORATION,,1FEZ4,L3G5SBQ2PLK5,,GEORGIA TECH APPLIED RESEARCH CORP,GEORGIA TECH RESEARCH CORPORATION,USA,UNITED STATES,505 10TH ST,,ATLANTA,13121,FULTON,13,GA,GEORGIA,303185775,GA-05,GA-05,4048946934,4043852081,USA,UNITED STATES,ATLANTA,13121,FULTON,13,GA,GEORGIA,303185775,GA-05,GA-05,AWARD,C,DELIVERY ORDER,,,,,,,U,COST PLUS FIXED FEE,"THIS IS A RESEARCH AND DEVELOPMENT (R&D) - SERVICES FOR GEORGIA TECH RESEARCH INSTITUTE (GTRI) ENGINEERING SUPPORT TO PROGRAM EXECUTIVE OFFICE INTELLIGENCE ELECTRONIC WARFARE AND SENSORS (PEO IEW&S) WITH A PERIOD OF PERFORMANCE THROUGH 5 YEARS.  TASK ORDER 0005 IS INCREMENTALLY FUNDED.  THE INITIAL INCREMENT OF FUNDING IS $149,893.86 WITH A PERIOD OF PERFORMANCE THROUGH 28 FEBRUARY 2019.  THE TOTAL TASK ORDER 0005 AMOUNT IS $49,950,846.59.",,1,OT,OTHER FUNCTIONS,AJ41,R&D- GENERAL SCIENCE/TECHNOLOGY: ENGINEERING (BASIC RESEARCH),H,NOT BUNDLED,S1,SERVICES,541715,"RESEARCH AND DEVELOPMENT IN THE PHYSICAL, ENGINEERING, AND LIFE SCIENCES (EXCEPT NANOTECHNOLOGY AND BIOTECHNOLOGY)",C,NO CLAUSES INCLUDED AND NO SUSTAINABILITY INCLUDED,B,OTHER U.S. ENTITY (E.G. GOVERNMENT),000,NONE,Z,NOT IT PRODUCTS OR SERVICES,E,NOT REQUIRED,USA,UNITED STATES,C,NOT A MANUFACTURED END PRODUCT,F,INDIVIDUAL SUBCONTRACT PLAN,C,NOT COMPETED,SSS,ONLY ONE SOURCE,,,NONE,NO PREFERENCE USED,,,,,MES,"MOBILIZATION, ESSENTIAL R&D (FAR 6.302-3)",,D,COMMERCIAL PRODUCTS/SERVICES PROCEDURES NOT USED,f,N,NO,N,NO,Y,YES,N,NO,0.00,N,NO,N,NO,Y,YES,N,NO,X,NOT APPLICABLE,,,B,IDC,S,SINGLE AWARD,,,,Y,YES,,,N,N,N,NO,D,NOT CONSOLIDATED,N,NO - SERVICE WHERE PBA IS NOT USED.,N,NO,Z,NOT APPLICABLE,N,NO,X,NOT APPLICABLE,f,f,f,f,f,f,f,f,f,f,f,f,f,f,f,f,f,f,f,OTHER THAN SMALL BUSINESS,O,f,f,f,f,f,f,f,f,f,f,f,f,f,f,f,f,f,CORPORATE TAX EXEMPT,f,t,f,f,f,f,f,f,f,t,f,f,f,f,f,f,f,t,f,f,f,f,f,f,f,f,f,f,f,t,f,f,f,t,f,f,f,f,f,f,f,f,f,f,f,f,f,f,f,f,,,,,,,,,,,https://www.usaspending.gov/award/CONT_AWD_0005_9700_W31P4Q18D0002_9700/,2025-06-25
CONT_AWD_0007_9700_FA807514D0018_9700,0007,9700,DEPT OF DEFENSE,FA807514D0018,,,,,,51619656.88,,52579816.00,52579816.00,2015-09-28,2015,2025-06-10,2025,2015-09-28,2020-09-27,2020-09-27 00:00:00,,,097,Department of Defense,5700,Department of the Air Force,FA8075,FA8075  774 ESS,097,Department of Defense,1700,Department of the Navy,N61331,NAVAL SURFACE WARFARE CENTER,,,,,X,NOT APPLICABLE,,,L3G5SBQ2PLK5,,GEORGIA TECH APPLIED RESEARCH CORP,GEORGIA TECH APPLIED RESEARCH CORPORATION,,1FEZ4,L3G5SBQ2PLK5,,GEORGIA TECH APPLIED RESEARCH CORP,GEORGIA TECH RESEARCH CORPORATION,USA,UNITED STATES,505 10TH ST,,ATLANTA,13121,FULTON,13,GA,GEORGIA,303185775,GA-05,GA-05,4048946945,4043852081,USA,UNITED STATES,ATLANTA,13121,FULTON,13,GA,GEORGIA,303185775,GA-05,GA-05,AWARD,C,DELIVERY ORDER,,,,,,,U,COST PLUS FIXED FEE,"IGF::OT::IGF      DT15-1119  RESEARCH, ANALYSIS, AND RECOMMENDATIONS TO THE NAVAL SURFACE WARFARE CENTER PANAMA CITY DIVISION CODE X AND ITS INNOVATION CELL",FA807513R0001,1,OT,OTHER FUNCTIONS,AZ12,R&D- OTHER RESEARCH AND DEVELOPMENT (APPLIED RESEARCH/EXPLORATORY DEVELOPMENT),D,NOT A BUNDLED REQUIREMENT,S1,SERVICES,541712,"RESEARCH AND DEVELOPMENT IN THE PHYSICAL, ENGINEERING, AND LIFE SCIENCES (EXCEPT BIOTECHNOLOGY)",C,NO CLAUSES INCLUDED AND NO SUSTAINABILITY INCLUDED,A,U.S. OWNED BUSINESS,000,NONE,Z,NOT IT PRODUCTS OR SERVICES,E,NOT REQUIRED,USA,UNITED STATES,C,NOT A MANUFACTURED END PRODUCT,C,PLAN REQUIRED - INCENTIVE NOT INCLUDED,A,FULL AND OPEN COMPETITION,MAFO,SUBJECT TO MULTIPLE AWARD FAIR OPPORTUNITY,,,NONE,NO PREFERENCE USED,,,FAIR,FAIR OPPORTUNITY GIVEN,,,1,D,COMMERCIAL PRODUCTS/SERVICES PROCEDURES NOT USED,f,N,NO,N,NO,X,NOT APPLICABLE,N,NO,,N,NO,Y,YES,N,NO,N,NO,X,NOT APPLICABLE,,,B,IDC,M,MULTIPLE AWARD,,,,N,NO,,,N,N,U,UNKNOWN,N,NO,Y,YES - SERVICE WHERE PBA IS USED.,N,NO,Z,NOT APPLICABLE,N,NO,X,NOT APPLICABLE,f,f,f,f,f,f,f,f,f,f,f,f,f,f,f,f,f,f,f,OTHER THAN SMALL BUSINESS,O,f,f,f,f,f,f,f,f,f,f,f,f,f,f,f,f,f,CORPORATE TAX EXEMPT,f,t,f,f,f,f,f,f,f,t,f,f,f,f,f,f,f,t,f,f,f,f,f,f,f,f,f,f,f,t,f,f,f,t,f,f,f,f,f,f,f,f,f,f,f,f,f,f,f,f,,,,,,,,,,,https://www.usaspending.gov/award/CONT_AWD_0007_9700_FA807514D0018_9700/,2025-06-10
CONT_AWD_0008_9700_W15P7T13D0015_9700,0008,9700,DEPT OF DEFENSE,W15P7T13D0015,,,,,,250349308.80,,303416047.72,331722356.62,2016-06-03,2016,2025-04-24,2025,2016-06-03,2021-01-25,2021-01-25 00:00:00,,,097,Department of Defense,2100,Department of the Army,W15P7T,W6QK ACC-APG,097,Department of Defense,2100,Department of the Army,W15P62,W6DR PEO C3N,,,,,X,NOT APPLICABLE,,,H4V3LBJMQN97,,"DATAPATH, INC.","DATAPATH, INC.",,1BPK0,H4V3LBJMQN97,,"DATAPATH, INC.",DPII HOLDINGS  LLC,USA,UNITED STATES,2205 NORTHMONT PKWY,,DULUTH,13135,GWINNETT,13,GA,GEORGIA,300965892,GA-07,GA-04,6785970316,6782524101,USA,UNITED STATES,DULUTH,13135,GWINNETT,13,GA,GEORGIA,300965892,GA-04,GA-04,AWARD,C,DELIVERY ORDER,,,,,,,U,COST PLUS FIXED FEE,IGF::OT::IGF TASK ORDER AWARD SATELLITE COMMUNICATIONS SUPPORT SERVICES.,,1,OT,OTHER FUNCTIONS,R425,SUPPORT- PROFESSIONAL: ENGINEERING/TECHNICAL,D,NOT A BUNDLED REQUIREMENT,S1,SERVICES,334290,OTHER COMMUNICATIONS EQUIPMENT MANUFACTURING,C,NO CLAUSES INCLUDED AND NO SUSTAINABILITY INCLUDED,A,U.S. OWNED BUSINESS,000,NONE,Z,NOT IT PRODUCTS OR SERVICES,E,NOT REQUIRED,USA,UNITED STATES,C,NOT A MANUFACTURED END PRODUCT,,,A,FULL AND OPEN COMPETITION,MAFO,SUBJECT TO MULTIPLE AWARD FAIR OPPORTUNITY,,,NONE,NO PREFERENCE USED,,,FAIR,FAIR OPPORTUNITY GIVEN,,,3,D,COMMERCIAL PRODUCTS/SERVICES PROCEDURES NOT USED,f,N,NO,N,NO,Y,YES,N,NO,0.00,N,NO,X,NOT APPLICABLE,X,NOT APPLICABLE,X,NOT APPLICABLE,X,NOT APPLICABLE,,,B,IDC,M,MULTIPLE AWARD,,,,N,NO,,,N,N,N,NO,N,NO,Y,YES - SERVICE WHERE PBA IS USED.,N,NO,Z,NOT APPLICABLE,N,NO,X,NOT APPLICABLE,f,f,f,f,f,f,f,f,f,f,f,f,f,f,f,f,f,f,f,OTHER THAN SMALL BUSINESS,O,f,f,f,f,f,f,f,f,f,f,f,f,f,f,f,f,f,CORPORATE NOT TAX EXEMPT,t,f,f,f,f,f,f,f,f,f,f,f,f,f,f,f,f,t,f,f,f,f,f,f,f,f,f,f,t,f,f,f,f,f,f,f,f,f,f,f,f,f,f,f,f,f,f,f,f,f,,,,,,,,,,,https://www.usaspending.gov/award/CONT_AWD_0008_9700_W15P7T13D0015_9700/,2025-04-24
CONT_AWD_0012_9700_W912DY13G0004_9700,0012,9700,DEPT OF DEFENSE,W912DY13G0004,,,,,,33436044.61,,33436044.61,33436044.61,2016-12-02,2017,2025-05-29,2025,2016-12-02,2025-04-30,2025-04-30 00:00:00,,,097,Department of Defense,2100,Department of the Army,W912DY,W2V6 USA ENG SPT CTR HUNTSVIL,097,Department of Defense,97AS,Defense Logistics Agency,SP0600,DLA  ENERGY,,,,,X,NOT APPLICABLE,,,KJQMBHL1L9Q3,,POND CONSTRUCTORS INC.,"POND CONSTRUCTORS, INC",,1RJT2,KJQMBHL1L9Q3,,POND CONSTRUCTORS INC.,POND CONSTRUCTORS INC.,USA,UNITED STATES,3500 PARKWAY LN STE 600,,NORCROSS,13135,GWINNETT,13,GA,GEORGIA,300922861,GA-07,GA-04,6783367750,6783367755,USA,UNITED STATES,PEACHTREE CORNERS,13135,GWINNETT,13,GA,GEORGIA,300922861,GA-04,GA-04,AWARD,C,DELIVERY ORDER,,,,,,,J,FIRM FIXED PRICE,IGF::CT::IGF MARINE LOADING ARM TASK ORDER AWARD,W912DY16R0068,1,OT,OTHER FUNCTIONS,Z1NA,MAINTENANCE OF FUEL SUPPLY FACILITIES,D,NOT A BUNDLED REQUIREMENT,S1,SERVICES,213112,SUPPORT ACTIVITIES FOR OIL AND GAS OPERATIONS,C,NO CLAUSES INCLUDED AND NO SUSTAINABILITY INCLUDED,A,U.S. OWNED BUSINESS,000,NONE,Z,NOT IT PRODUCTS OR SERVICES,E,NOT REQUIRED,USA,UNITED STATES,C,NOT A MANUFACTURED END PRODUCT,,,A,FULL AND OPEN COMPETITION,NP,NEGOTIATED PROPOSAL/QUOTE,NONE,NO SET ASIDE USED.,NONE,NO PREFERENCE USED,,,,,,,1,D,COMMERCIAL PRODUCTS/SERVICES PROCEDURES NOT USED,f,,,N,NO,Y,YES,N,NO,,N,NO,N,NO,Y,YES,Y,YES,X,NOT APPLICABLE,,,D,BOA,S,SINGLE AWARD,,,,N,NO,,,N,N,U,UNKNOWN,N,NO,Y,YES - SERVICE WHERE PBA IS USED.,,,A,FAR 52.232-16 PROGRESS PAYMENTS,N,NO,X,NOT APPLICABLE,f,f,f,f,f,f,f,f,f,f,f,f,f,f,f,f,f,f,f,SMALL BUSINESS,S,f,f,f,f,f,f,f,f,f,f,f,f,f,f,f,f,f,CORPORATE NOT TAX EXEMPT,t,f,f,f,f,f,f,f,f,f,f,f,f,f,f,f,f,t,f,f,f,f,f,f,f,f,f,f,t,f,f,f,f,f,f,f,f,f,f,f,f,f,f,f,f,f,f,f,f,f,,,,,,,,,,,https://www.usaspending.gov/award/CONT_AWD_0012_9700_W912DY13G0004_9700/,2025-05-29
CONT_AWD_0026_9700_FA807514D0018_9700,0026,9700,DEPT OF DEFENSE,FA807514D0018,,,,,,45675098.56,,46631124.00,46631124.00,2016-11-28,2017,2025-09-17,2025,2016-11-15,2021-05-31,2021-05-31 00:00:00,,,097,Department of Defense,5700,Department of the Air Force,FA8075,FA8075  774 ESS,097,Department of Defense,97AD,Immediate Office of the Secretary of Defense,HJ4701,DEFENSE TECHNICAL INFO CENTER,,,,,X,NOT APPLICABLE,,,L3G5SBQ2PLK5,,GEORGIA TECH APPLIED RESEARCH CORP,GEORGIA TECH APPLIED RESEARCH CORPORATION,,1FEZ4,L3G5SBQ2PLK5,,GEORGIA TECH APPLIED RESEARCH CORP,GEORGIA TECH RESEARCH CORPORATION,USA,UNITED STATES,505 10TH ST,,ATLANTA,13121,FULTON,13,GA,GEORGIA,303185775,GA-05,GA-05,4048946945,4043852081,USA,UNITED STATES,ATLANTA,13121,FULTON,13,GA,GEORGIA,303185775,GA-05,GA-05,AWARD,C,DELIVERY ORDER,,,,,,,U,COST PLUS FIXED FEE,IGF::OT::IGF  DT 16-1263 PMA-272 ADVANCED TACTICAL AIRCRAFT PROTECTION SYSTEMS,FA807513R0001,1,OT,OTHER FUNCTIONS,AZ12,R&D- OTHER RESEARCH AND DEVELOPMENT (APPLIED RESEARCH/EXPLORATORY DEVELOPMENT),D,NOT A BUNDLED REQUIREMENT,S1,SERVICES,541712,"RESEARCH AND DEVELOPMENT IN THE PHYSICAL, ENGINEERING, AND LIFE SCIENCES (EXCEPT BIOTECHNOLOGY)",C,NO CLAUSES INCLUDED AND NO SUSTAINABILITY INCLUDED,A,U.S. OWNED BUSINESS,000,NONE,Z,NOT IT PRODUCTS OR SERVICES,E,NOT REQUIRED,USA,UNITED STATES,C,NOT A MANUFACTURED END PRODUCT,C,PLAN REQUIRED - INCENTIVE NOT INCLUDED,A,FULL AND OPEN COMPETITION,MAFO,SUBJECT TO MULTIPLE AWARD FAIR OPPORTUNITY,,,NONE,NO PREFERENCE USED,,,FAIR,FAIR OPPORTUNITY GIVEN,,,1,D,COMMERCIAL PRODUCTS/SERVICES PROCEDURES NOT USED,f,N,NO,N,NO,X,NOT APPLICABLE,N,NO,,N,NO,Y,YES,N,NO,N,NO,X,NOT APPLICABLE,,,B,IDC,M,MULTIPLE AWARD,,,,N,NO,,,N,N,U,UNKNOWN,N,NO,Y,YES - SERVICE WHERE PBA IS USED.,N,NO,Z,NOT APPLICABLE,N,NO,X,NOT APPLICABLE,f,f,f,f,f,f,f,f,f,f,f,f,f,f,f,f,f,f,f,OTHER THAN SMALL BUSINESS,O,f,f,f,f,f,f,f,f,f,f,f,f,f,f,f,f,f,CORPORATE TAX EXEMPT,f,t,f,f,f,f,f,f,f,t,f,f,f,f,f,f,f,t,f,f,f,f,f,f,f,f,f,f,f,t,f,f,f,t,f,f,f,f,f,f,f,f,f,f,f,f,f,f,f,f,,,,,,,,,,,https://www.usaspending.gov/award/CONT_AWD_0026_9700_FA807514D0018_9700/,2025-09-17
CONT_AWD_12318721F0139_12C2_12318721A0008_12C2,12318721F0139,12C2,FOREST SERVICE,12318721A0008,Q: Not Designated Nonemergency/Emergency/Disaster/Wildfire Suppression;X: Emergency P.L. 117-43;Z: Emergency P.L. 117-58,,,15635544.69,16494964.00,39449846.00,37819404.64,39449846.00,39449846.00,2021-03-24,2021,2025-03-25,2025,2021-03-24,2026-03-28,2026-03-28 00:00:00,,2021-02-03,012,Department of Agriculture,12C2,Forest Service,123187,USDA FOREST SERVICE,012,Department of Agriculture,12C2,Forest Service,123187,USDA FOREST SERVICE,012-2021/2024-1122-000;012-2022/2025-1122-000;012-2023/2026-1122-000;012-2024/2027-1122-000;012-X-1115-000;012-X-1122-000;012-X-5716-000,012-1115;012-1122;012-5716,25.2: Other services from non-Federal sources;25.5: Research and development contracts,0001: FS OPERATIONS DIRECT;0001: NATIONAL PARKS AND PUBLIC LAND LEGACY RESTORATION;0001: WILDLAND FIRE MANAGEMENT;0002: FSO DISASTER SUPPLEMENTAL;0003: FSO BIPARTISAN INFRASTRUCTURE LAW;PM08: PENDING MAPPING,X,NOT APPLICABLE,,,UKXQJYEKUN34,,GOVSTRIVE LLC,GOVSTRIVE LLC,,6V5E1,UKXQJYEKUN34,,GOVSTRIVE LLC,GOVSTRIVE LLC,USA,UNITED STATES,104 N JEFFERSON ST,,DUBLIN,13175,LAURENS,13,GA,GEORGIA,310216172,GA-12,GA-12,4783043080,4043932941,USA,UNITED STATES,DUBLIN,13175,LAURENS,13,GA,GEORGIA,310400002,GA-12,GA-12,AWARD,A,BPA CALL,,,,,,,J,FIRM FIXED PRICE,STAFFING AND CLASSIFICATION SUPPORT SERVICES,HRMSS FS RFQ 2 - STAFF CL,1,CL,CLOSELY ASSOCIATED,R431,SUPPORT- PROFESSIONAL: HUMAN RESOURCES,H,NOT BUNDLED,,,541612,"HUMAN RESOURCES CONSULTING SERVICES (2007), HUMAN RESOURCES AND EXECUTIVE SEARCH CONSULTING SERVICES (2002)",C,NO CLAUSES INCLUDED AND NO SUSTAINABILITY INCLUDED,A,U.S. OWNED BUSINESS,,,,,E,NOT REQUIRED,USA,UNITED STATES,C,NOT A MANUFACTURED END PRODUCT,,,A,FULL AND OPEN COMPETITION,MAFO,SUBJECT TO MULTIPLE AWARD FAIR OPPORTUNITY,,,NONE,NO PREFERENCE USED,,,FAIR,FAIR OPPORTUNITY GIVEN,,,,A,COMMERCIAL PRODUCTS/SERVICES,f,N,NO,N,NO,X,NOT APPLICABLE,N,NO,,Y,YES,X,NOT APPLICABLE,N,NO,X,NOT APPLICABLE,X,NOT APPLICABLE,,,E,BPA,S,SINGLE AWARD,,,,N,NO,,,N,N,,,D,NOT CONSOLIDATED,Y,YES - SERVICE WHERE PBA IS USED.,,,Z,NOT APPLICABLE,N,NO,X,NOT APPLICABLE,f,f,f,f,f,f,f,f,f,f,f,f,f,f,f,f,f,f,f,SMALL BUSINESS,S,f,f,f,f,f,f,f,f,f,f,f,f,f,f,f,f,f,CORPORATE NOT TAX EXEMPT,t,f,f,f,f,f,f,f,f,f,f,f,f,f,f,f,f,t,f,f,f,f,f,f,f,f,t,f,t,f,f,f,f,f,f,f,f,f,f,f,f,f,f,f,f,f,f,f,t,f,,,,,,,,,,,https://www.usaspending.gov/award/CONT_AWD_12318721F0139_12C2_12318721A0008_12C2/,2025-03-25
CONT_AWD_12SAD223F0014_12E3_12SAD223D0001_12E3,12SAD223F0014,12E3,RURAL HOUSING SERVICE,12SAD223D0001,Q: Not Designated Nonemergency/Emergency/Disaster/Wildfire Suppression,,,,,215783340.32,3789585.62,215783340.32,215783340.32,2023-06-20,2023,2025-12-08,2026,2023-06-20,2026-06-30,2033-06-19 00:00:00,,2023-02-27,012,Department of Agriculture,12E3,Rural Housing Service,12SAD2,USDA/RD/STRATEGIC ACQUISITION DIV 2,012,Department of Agriculture,12E3,Rural Housing Service,12RHS1,RURAL HOUSING SERVICE,012-X-4141-000,012-4141,33.0: Investments and loans,0107: OTHER COSTS INCIDENT TO LOANS,X,NOT APPLICABLE,,,EY61HHUAJH94,,"DAWSON'S REALTY & MORTGAGES, INC.","DAWSON'S REALTY & MORTGAGES, INC.",,5QTJ1,EY61HHUAJH94,,"DAWSON'S REALTY & MORTGAGES, INC.",DAWSON'S REALTY & MORTGAGES  INC.,USA,UNITED STATES,3775 VENTURE DR BLDG K STE 200,,DULUTH,13135,GWINNETT,13,GA,GEORGIA,300965102,GA-04,GA-04,6785587822,7709629830,USA,UNITED STATES,DULUTH,13135,GWINNETT,13,GA,GEORGIA,300965102,GA-04,GA-04,AWARD,C,DELIVERY ORDER,,,,,,,J,FIRM FIXED PRICE,"NDMS SAMPLE TASK ORDER FOR NON-PERSONAL SERVICES TO PROVIDE NATIONWIDE POST ACCELERATION DEFAULT, PROPERTY PRESERVATION AND REAL ESTATE OWNED (REO) SERVICES ON THE RD SINGLE FAMILY DIRECT LOAN PORTFOLIO.",12SAD122R0001,1,OT,OTHER FUNCTIONS,R499,SUPPORT- PROFESSIONAL: OTHER,H,NOT BUNDLED,,,531390,OTHER ACTIVITIES RELATED TO REAL ESTATE,C,NO CLAUSES INCLUDED AND NO SUSTAINABILITY INCLUDED,A,U.S. OWNED BUSINESS,,,,,E,NOT REQUIRED,USA,UNITED STATES,C,NOT A MANUFACTURED END PRODUCT,B,PLAN NOT REQUIRED,A,FULL AND OPEN COMPETITION,MAFO,SUBJECT TO MULTIPLE AWARD FAIR OPPORTUNITY,,,NONE,NO PREFERENCE USED,,,FAIR,FAIR OPPORTUNITY GIVEN,,,7,A,COMMERCIAL PRODUCTS/SERVICES,f,N,NO,,,Y,YES,N,NO,,N,NO,X,NOT APPLICABLE,X,NOT APPLICABLE,X,NOT APPLICABLE,X,NOT APPLICABLE,,,B,IDC,M,MULTIPLE AWARD,,,,N,NO,X,NOT APPLICABLE EXEMPT FROM CAS,N,N,,,A,CONSOLIDATED REQUIREMENTS,Y,YES - SERVICE WHERE PBA IS USED.,N,NO,,,N,NO,X,NOT APPLICABLE,f,f,f,f,f,f,f,t,t,t,f,f,t,f,f,t,f,f,f,SMALL BUSINESS,S,f,f,f,f,f,f,f,f,f,f,f,f,f,f,f,f,f,CORPORATE NOT TAX EXEMPT,t,f,f,f,f,f,f,f,f,f,f,f,f,f,f,f,f,t,f,f,f,f,f,f,f,t,f,f,t,f,f,f,f,f,f,f,f,f,f,f,f,f,f,f,t,t,f,t,f,f,,,,,,,,,,,https://www.usaspending.gov/award/CONT_AWD_12SAD223F0014_12E3_12SAD223D0001_12E3/,2025-12-08
CONT_AWD_1305M219CNMAN0018_1330_-NONE-_-NONE-,1305M219CNMAN0018,,,,AAB: Emergency P.L. 117-328;Q: Not Designated Nonemergency/Emergency/Disaster/Wildfire Suppression,,,,,251531952.31,59043000.00,253677014.40,253677014.40,2019-07-16,2019,2025-11-10,2026,2019-07-16,2028-04-10,2028-04-10 00:00:00,,2019-02-26,013,Department of Commerce,1330,National Oceanic and Atmospheric Administration,1305M2,DEPT OF COMMERCE NOAA,013,Department of Commerce,1330,National Oceanic and Atmospheric Administration,1333CB,OFFICE OF MARINE&AVIATION OPER.,013-2018/2020-1460-000;013-2021/2022-1460-000;013-2022/2026-1460-000;013-2023/2025-1460-000;013-X-1460-000,013-1460,26.0: Supplies and materials;31.0: Equipment,0000: UNKNOWN/OTHER;0002: NATIONAL MARINE FISHERIES SERVICE;0010: OFFICE OF MARINE AND AVIATION OPERATIONS,X,NOT APPLICABLE,,,NGABP44KQF33,,GULFSTREAM AEROSPACE CORPORATION,GULFSTREAM AEROSPACE CORPORATION (GEORGIA),,59734,FAZSFFE6CST9,,WICO LIMITED,GULFSTREAM AEROSPACE CORPORATION,USA,UNITED STATES,500 GULFSTREAM RD,,SAVANNAH,13051,CHATHAM,13,GA,GEORGIA,314089643,GA-01,GA-01,9129654078,,USA,UNITED STATES,SAVANNAH,13051,CHATHAM,13,GA,GEORGIA,314020371,GA-01,GA-01,AWARD,D,DEFINITIVE CONTRACT,,,,,,,J,FIRM FIXED PRICE,PROCUREMENT OF G550 AIRCRAFT FOR NOAA AOC,NMAN6000-18-01797,1,,,1680,MISCELLANEOUS AIRCRAFT ACCESSORIES AND COMPONENTS,H,NOT BUNDLED,,,336411,AIRCRAFT MANUFACTURING,C,NO CLAUSES INCLUDED AND NO SUSTAINABILITY INCLUDED,A,U.S. OWNED BUSINESS,,,,,E,NOT REQUIRED,USA,UNITED STATES,D,MFG IN U.S.,G,COMMERCIAL SUBCONTRACT PLAN,C,NOT COMPETED,SSS,ONLY ONE SOURCE,NONE,NO SET ASIDE USED.,NONE,NO PREFERENCE USED,,,,,ONE,ONLY ONE SOURCE-OTHER (FAR 6.302-1 OTHER),1,A,COMMERCIAL PRODUCTS/SERVICES,f,N,NO,N,NO,Y,YES,N,NO,0.00,N,NO,X,NOT APPLICABLE,X,NOT APPLICABLE,X,NOT APPLICABLE,X,NOT APPLICABLE,,,,,,,,,,N,NO,X,NOT APPLICABLE EXEMPT FROM CAS,N,N,,,D,NOT CONSOLIDATED,X,NOT APPLICABLE,N,NO,,,N,NO,X,NOT APPLICABLE,f,f,f,f,f,f,f,f,f,f,f,f,f,f,f,f,f,f,f,OTHER THAN SMALL BUSINESS,O,f,f,f,f,f,f,f,f,f,f,f,f,f,f,f,f,f,CORPORATE NOT TAX EXEMPT,t,f,f,f,f,f,f,f,f,f,f,f,t,f,f,f,f,t,f,f,f,f,f,f,f,f,f,f,t,f,f,f,f,f,f,f,f,f,f,f,f,f,f,f,f,f,f,f,f,f,,,,,,,,,,,https://www.usaspending.gov/award/CONT_AWD_1305M219CNMAN0018_1330_-NONE-_-NONE-/,2025-11-10
CONT_AWD_1305M224C0039_1330_-NONE-_-NONE-,1305M224C0039,,,,AAB: Emergency P.L. 117-328;AAK: Emergency P.L. 118-158,,,,,353509508.00,7773469.05,353509508.00,847242597.00,2024-09-24,2024,2026-01-30,2026,2024-09-30,2029-09-29,2032-03-30 00:00:00,,2023-12-08,013,Department of Commerce,1330,National Oceanic and Atmospheric Administration,1305M2,DEPT OF COMMERCE NOAA,013,Department of Commerce,1330,National Oceanic and Atmospheric Administration,1333CB,OFFICE OF MARINE&AVIATION OPER.,013-X-1460-000,013-1460,31.0: Equipment,0010: OFFICE OF MARINE AND AVIATION OPERATIONS,X,NOT APPLICABLE,,,HDHVQ4EF8A89,,LOCKHEED MARTIN CORPORATION,LOCKHEED MARTIN CORPORATION,,65113,HDHVQ4EF8A89,,LOCKHEED MARTIN CORPORATION,LOCKHEED MARTIN CORPORATION,USA,UNITED STATES,3251 HANOVER ST,,PALO ALTO,06085,SANTA CLARA,06,CA,CALIFORNIA,943041121,CA-16,CA-16,3039324661,,USA,UNITED STATES,MARIETTA,13067,COBB,13,GA,GEORGIA,300630001,GA-11,GA-11,AWARD,D,DEFINITIVE CONTRACT,,,,,,,U,COST PLUS FIXED FEE,NOAA/OMAO_PRODUCTION OF UP TO FOUR (4) FULLY MODIFIED C130J AIRCRAFT,1305M224RNMAN0230,1,,,1680,MISCELLANEOUS AIRCRAFT ACCESSORIES AND COMPONENTS,H,NOT BUNDLED,,,336411,AIRCRAFT MANUFACTURING,C,NO CLAUSES INCLUDED AND NO SUSTAINABILITY INCLUDED,A,U.S. OWNED BUSINESS,,,,,E,NOT REQUIRED,USA,UNITED STATES,D,MFG IN U.S.,G,COMMERCIAL SUBCONTRACT PLAN,D,FULL AND OPEN COMPETITION AFTER EXCLUSION OF SOURCES,NP,NEGOTIATED PROPOSAL/QUOTE,NONE,NO SET ASIDE USED.,NONE,NO PREFERENCE USED,,,,,BND,BRAND NAME DESCRIPTION (FAR 6.302-1(C)),1,D,COMMERCIAL PRODUCTS/SERVICES PROCEDURES NOT USED,f,N,NO,,,Y,YES,N,NO,0.00,N,NO,N,NO,N,NO,X,NOT APPLICABLE,X,NOT APPLICABLE,,,,,,,,,,N,NO,X,NOT APPLICABLE EXEMPT FROM CAS,N,N,,,D,NOT CONSOLIDATED,X,NOT APPLICABLE,N,NO,,,N,NO,X,NOT APPLICABLE,f,f,f,f,f,f,f,f,f,f,f,f,f,f,f,f,f,f,f,OTHER THAN SMALL BUSINESS,O,f,f,f,f,f,f,f,f,f,f,f,f,f,f,f,f,f,CORPORATE NOT TAX EXEMPT,t,f,f,f,f,f,f,f,f,f,f,f,t,f,f,f,f,t,f,f,f,f,f,f,f,f,f,f,t,f,f,f,f,f,f,f,f,f,f,f,f,f,f,f,f,f,f,f,f,f,,,,,,,,,,,https://www.usaspending.gov/award/CONT_AWD_1305M224C0039_1330_-NONE-_-NONE-/,2026-01-30
CONT_AWD_15F06725F0000056_1549_GS35F575AA_4732,15F06725F0000056,4732,FEDERAL ACQUISITION SERVICE,GS35F575AA,Q: Not Designated Nonemergency/Emergency/Disaster/Wildfire Suppression,,,,,31143424.56,17352506.73,31143424.56,48203987.40,2024-11-27,2025,2025-11-26,2026,2024-12-01,2026-11-30,2026-11-30 00:00:00,,2024-11-12,015,Department of Justice,1549,Federal Bureau of Investigation,15F067,FBI-JEH,015,Department of Justice,1549,Federal Bureau of Investigation,15F057,DIVISION 0100,015-2025/2025-0200-000;015-X-0200-000,015-0200,31.0: Equipment,0000: UNKNOWN/OTHER,X,NOT APPLICABLE,,,CHNNG7Z26293,,BRYTECH INC,"BRYTECH, INC.",,61YZ5,G146HD7BC7N3,,"BRYTECH, INC.",BRYTECH  INC.,USA,UNITED STATES,1954 AIRPORT RD STE 288,,CHAMBLEE,13089,DEKALB,13,GA,GEORGIA,303414967,GA-04,GA-04,7704332545,7704332104,USA,UNITED STATES,ATLANTA,13089,DEKALB,13,GA,GEORGIA,303414967,GA-04,GA-04,AWARD,C,DELIVERY ORDER,,,,,,,J,FIRM FIXED PRICE,"IBM SOFTWARE, HARDWARE, AND DATAPOWER",,1,,,7B22,IT AND TELECOM - COMPUTE: SERVERS (HARDWARE AND PERPETUAL LICENSE SOFTWARE),H,NOT BUNDLED,,,541512,COMPUTER SYSTEMS DESIGN SERVICES,C,NO CLAUSES INCLUDED AND NO SUSTAINABILITY INCLUDED,A,U.S. OWNED BUSINESS,,,,,E,NOT REQUIRED,USA,UNITED STATES,D,MFG IN U.S.,B,PLAN NOT REQUIRED,A,FULL AND OPEN COMPETITION,MAFO,SUBJECT TO MULTIPLE AWARD FAIR OPPORTUNITY,,,NONE,NO PREFERENCE USED,,,FAIR,FAIR OPPORTUNITY GIVEN,,,2,A,COMMERCIAL PRODUCTS/SERVICES,f,N,NO,N,NO,Y,YES,N,NO,,N,NO,X,NOT APPLICABLE,N,NO,X,NOT APPLICABLE,X,NOT APPLICABLE,,,C,FSS,M,MULTIPLE AWARD,,,,,,X,NOT APPLICABLE EXEMPT FROM CAS,N,N,,,D,NOT CONSOLIDATED,X,NOT APPLICABLE,,,,,N,NO,X,NOT APPLICABLE,f,f,f,f,f,t,t,f,f,f,f,f,f,f,f,f,f,f,f,SMALL BUSINESS,S,f,f,f,f,f,f,f,f,f,f,f,f,f,f,f,f,f,CORPORATE NOT TAX EXEMPT,t,f,f,f,f,f,f,f,f,f,f,f,f,f,f,f,f,t,f,f,f,f,f,f,f,f,f,f,t,f,f,f,f,f,f,f,f,f,f,f,f,f,f,f,f,f,f,f,t,f,,,,,,,,,,,https://www.usaspending.gov/award/CONT_AWD_15F06725F0000056_1549_GS35F575AA_4732/,2025-11-26
CONT_AWD_1605JE22C0008_1605_-NONE-_-NONE-,1605JE22C0008,,,,Q: Not Designated Nonemergency/Emergency/Disaster/Wildfire Suppression,,,,,42420801.66,37998535.02,49271336.76,62223437.00,2022-04-27,2022,2025-12-19,2026,2022-06-01,2026-06-30,2027-06-30 00:00:00,,2021-04-09,1601,Department of Labor,1605,Office of the Assistant Secretary for Administration and Management,1605JE,DOL - JCAS EAST PROCUREMENT,1601,Department of Labor,1631,Office of Job Corps,1631H3,BRUNSWICK JOB CORPS CENTER,016-2021/2022-0181-000;016-2021/2024-0181-000;016-2022/2023-0181-000;016-2022/2025-0181-000;016-2023/2024-0181-000;016-2023/2026-0181-000;016-2024/2025-0181-000;016-2024/2027-0181-000;016-2025/2026-0181-000;016-2025/2028-0181-000,016-0181,25.2: Other services from non-Federal sources;25.4: Operation and maintenance of facilities,"0001: JOB CORPS OPERATIONS;0002: CONSTRUCTION, REHABILITATION, AND ACQUISITION (CRA)",X,NOT APPLICABLE,,,HV9FBNEWXMY9,,ADAMS AND ASSOCIATES INC,"ADAMS AND ASSOCIATES, INC.",,3J8V5,HV9FBNEWXMY9,,ADAMS AND ASSOCIATES INC,ADAMS AND ASSOCIATES INC,USA,UNITED STATES,6151 LAKESIDE DR,STE 1000,RENO,32031,WASHOE,32,NV,NEVADA,895118539,NV-02,NV-02,7753480900,7753485393,USA,UNITED STATES,BRUNSWICK,13127,GLYNN,13,GA,GEORGIA,315259229,GA-01,GA-01,AWARD,D,DEFINITIVE CONTRACT,,,,,,,J,FIRM FIXED PRICE,BRUNSWICK JOB CORPS CENTER WITH OA & CTS,1605JE-21-R-00004,1,OT,OTHER FUNCTIONS,U006,EDUCATION/TRAINING- VOCATIONAL/TECHNICAL,H,NOT BUNDLED,,,611519,OTHER TECHNICAL AND TRADE SCHOOLS,D,ENERGY EFFICIENT,A,U.S. OWNED BUSINESS,,,,,E,NOT REQUIRED,USA,UNITED STATES,C,NOT A MANUFACTURED END PRODUCT,F,INDIVIDUAL SUBCONTRACT PLAN,A,FULL AND OPEN COMPETITION,NP,NEGOTIATED PROPOSAL/QUOTE,NONE,NO SET ASIDE USED.,NONE,NO PREFERENCE USED,,,,,,,9,D,COMMERCIAL PRODUCTS/SERVICES PROCEDURES NOT USED,f,N,NO,N,NO,Y,YES,N,NO,0.00,N,NO,X,NOT APPLICABLE,Y,YES,N,NO,X,NOT APPLICABLE,,,,,,,,,,N,NO,X,NOT APPLICABLE EXEMPT FROM CAS,N,N,,,D,NOT CONSOLIDATED,N,NO - SERVICE WHERE PBA IS NOT USED.,N,NO,Z,NOT APPLICABLE,N,NO,X,NOT APPLICABLE,f,f,f,f,f,f,f,f,f,f,f,f,f,f,f,f,f,f,f,OTHER THAN SMALL BUSINESS,O,f,f,f,f,f,f,f,f,f,f,f,f,f,f,f,f,f,CORPORATE NOT TAX EXEMPT,t,f,f,f,f,f,f,f,f,f,f,f,f,f,f,f,f,t,f,f,f,f,f,f,f,t,f,f,t,f,f,f,f,f,f,f,f,f,f,f,f,f,f,f,f,f,f,f,f,f,SUSAN J LARSON,529118.00,GREGORY  WEBER,276781.00,DEBORAH  CAVATHAS,219828.00,CHERYL D DAILEY,217739.00,TIFFINAY  PAGNI,206973.00,https://www.usaspending.gov/award/CONT_AWD_1605JE22C0008_1605_-NONE-_-NONE-/,2025-12-19
CONT_AWD_1605JE22F00001_1605_1605JE22D0016_1605,1605JE22F00001,1605,OFFICE OF THE ASSISTANT SECRETARY FOR ADMINISTRATION AND MANAGEMENT,1605JE22D0016,Q: Not Designated Nonemergency/Emergency/Disaster/Wildfire Suppression,,,,,27718327.44,27682755.87,29100648.72,29200648.72,2022-09-30,2022,2025-03-10,2025,2022-10-01,2024-04-30,2024-04-30 00:00:00,,2022-09-08,1601,Department of Labor,1605,Office of the Assistant Secretary for Administration and Management,1605JE,DOL - JCAS EAST PROCUREMENT,1601,Department of Labor,1631,Office of Job Corps,1631G4,DOL(JC)-TURNER JOB CORPS CENTER,016-2022/2023-0181-000;016-2022/2025-0181-000;016-2023/2024-0181-000,016-0181,25.2: Other services from non-Federal sources;25.4: Operation and maintenance of facilities,"0001: JOB CORPS OPERATIONS;0002: CONSTRUCTION, REHABILITATION, AND ACQUISITION (CRA)",X,NOT APPLICABLE,,,NKU3DN6KB1N4,,"ODLE MANAGEMENT GROUP, L.L.C.","ODLE MANAGEMENT GROUP, L.L.C.",,346G3,HW57FCX3KKB8,,"ECKERD YOUTH ALTERNATIVES, INC.",ODLE MANAGEMENT GROUP  L.L.C.,USA,UNITED STATES,9937 E BELL RD STE 110,,SCOTTSDALE,04013,MARICOPA,04,AZ,ARIZONA,852602524,AZ-01,AZ-01,7274612990,,USA,UNITED STATES,ALBANY,13321,WORTH,13,GA,GEORGIA,317054702,GA-08,GA-08,AWARD,C,DELIVERY ORDER,,,,,,,J,FIRM FIXED PRICE,OPERATION OF THE TURNER JOB CORPS CENTER WITH OUTREACH & ADMISSIONS (OA) AND CAREER TRANSITION SERVICES (CTS),,1,OT,OTHER FUNCTIONS,U006,EDUCATION/TRAINING- VOCATIONAL/TECHNICAL,H,NOT BUNDLED,,,611519,OTHER TECHNICAL AND TRADE SCHOOLS,C,NO CLAUSES INCLUDED AND NO SUSTAINABILITY INCLUDED,A,U.S. OWNED BUSINESS,,,,,A,MEETS REQUIREMENTS,USA,UNITED STATES,C,NOT A MANUFACTURED END PRODUCT,F,INDIVIDUAL SUBCONTRACT PLAN,A,FULL AND OPEN COMPETITION,NP,NEGOTIATED PROPOSAL/QUOTE,,,NONE,NO PREFERENCE USED,,,,,,,,D,COMMERCIAL PRODUCTS/SERVICES PROCEDURES NOT USED,f,N,NO,N,NO,Y,YES,N,NO,,N,NO,X,NOT APPLICABLE,Y,YES,X,NOT APPLICABLE,X,NOT APPLICABLE,,,B,IDC,S,SINGLE AWARD,,,,N,NO,X,NOT APPLICABLE EXEMPT FROM CAS,N,N,,,D,NOT CONSOLIDATED,N,NO - SERVICE WHERE PBA IS NOT USED.,N,NO,Z,NOT APPLICABLE,N,NO,X,NOT APPLICABLE,f,f,f,f,f,f,f,f,f,f,f,f,f,f,f,f,f,f,f,OTHER THAN SMALL BUSINESS,O,f,f,f,f,f,f,f,f,f,f,f,f,f,f,f,f,f,CORPORATE TAX EXEMPT,f,t,f,f,f,f,f,f,f,f,f,f,f,f,f,f,f,t,f,f,f,f,f,f,f,f,t,f,t,f,f,f,f,f,f,f,f,f,f,f,f,f,f,f,f,f,f,f,f,f,RICHARD  SEMANCIK,250000.00,CHRISTOPHER  HERRO,200000.00,ALEX  REED,200000.00,THOMAS  RAINEY,175000.00,JOHN  SALZER,175000.00,https://www.usaspending.gov/award/CONT_AWD_1605JE22F00001_1605_1605JE22D0016_1605/,2025-03-10
CONT_AWD_1605JE24C0013_1605_-NONE-_-NONE-,1605JE24C0013,,,,Q: Not Designated Nonemergency/Emergency/Disaster/Wildfire Suppression,,,,,40789935.28,32661342.50,46186795.47,120613237.63,2024-03-29,2024,2026-02-05,2026,2024-05-01,2026-04-30,2029-04-30 00:00:00,,2021-03-11,1601,Department of Labor,1605,Office of the Assistant Secretary for Administration and Management,1605JE,DOL - JCAS EAST PROCUREMENT,1601,Department of Labor,1631,Office of Job Corps,1631G4,DOL(JC)-TURNER JOB CORPS CENTER,016-2022/2025-0181-000;016-2023/2024-0181-000;016-2023/2026-0181-000;016-2024/2025-0181-000;016-2024/2027-0181-000;016-2025/2026-0181-000,016-0181,25.2: Other services from non-Federal sources;25.4: Operation and maintenance of facilities,"0001: JOB CORPS OPERATIONS;0002: CONSTRUCTION, REHABILITATION, AND ACQUISITION (CRA)",X,NOT APPLICABLE,,,NKU3DN6KB1N4,,"ODLE MANAGEMENT GROUP, L.L.C.","ODLE MANAGEMENT GROUP, L.L.C",,346G3,HW57FCX3KKB8,,"ECKERD YOUTH ALTERNATIVES, INC.",ODLE MANAGEMENT GROUP  L.L.C.,USA,UNITED STATES,9937 E BELL RD STE 110,,SCOTTSDALE,04013,MARICOPA,04,AZ,ARIZONA,852602524,AZ-13,AZ-01,7274612990,,USA,UNITED STATES,ALBANY,13321,WORTH,13,GA,GEORGIA,317054702,GA-08,GA-08,AWARD,D,DEFINITIVE CONTRACT,,,,,,,J,FIRM FIXED PRICE,TURNER JCC OA & CTS,1605JE-21-R-00007,1,OT,OTHER FUNCTIONS,U006,EDUCATION/TRAINING- VOCATIONAL/TECHNICAL,H,NOT BUNDLED,,,611519,OTHER TECHNICAL AND TRADE SCHOOLS,D,ENERGY EFFICIENT,A,U.S. OWNED BUSINESS,,,,,E,NOT REQUIRED,USA,UNITED STATES,C,NOT A MANUFACTURED END PRODUCT,F,INDIVIDUAL SUBCONTRACT PLAN,A,FULL AND OPEN COMPETITION,NP,NEGOTIATED PROPOSAL/QUOTE,NONE,NO SET ASIDE USED.,NONE,NO PREFERENCE USED,,,,,,,6,D,COMMERCIAL PRODUCTS/SERVICES PROCEDURES NOT USED,f,N,NO,,,Y,YES,N,NO,0.00,N,NO,N,NO,Y,YES,N,NO,X,NOT APPLICABLE,,,,,,,,,,N,NO,X,NOT APPLICABLE EXEMPT FROM CAS,N,N,,,D,NOT CONSOLIDATED,N,NO - SERVICE WHERE PBA IS NOT USED.,N,NO,,,N,NO,X,NOT APPLICABLE,f,f,f,f,f,f,f,f,f,f,f,f,f,f,f,f,f,f,f,OTHER THAN SMALL BUSINESS,O,f,f,f,f,f,f,f,f,f,f,f,f,f,f,f,f,f,CORPORATE TAX EXEMPT,f,t,f,f,f,f,f,f,f,f,f,f,f,f,f,f,f,t,f,f,f,f,f,f,f,f,t,f,t,f,f,f,f,f,f,f,f,f,f,f,f,f,f,f,f,f,f,f,f,f,ALEX  REED,250000.00,CHRISTOPHER  HERRO,200000.00,KEVIN  GEORGE,185000.00,THOMAS  RAINEY,185000.00,JOHN  SALZER,185000.00,https://www.usaspending.gov/award/CONT_AWD_1605JE24C0013_1605_-NONE-_-NONE-/,2026-02-05
CONT_AWD_1630J317C0006_1605_-NONE-_-NONE-,1630J317C0006,,,,Q: Not Designated Nonemergency/Emergency/Disaster/Wildfire Suppression,,,,,53321264.92,32712085.38,55534872.60,55534872.60,2017-06-20,2017,2025-09-22,2025,2017-06-20,2022-06-30,2022-06-30 00:00:00,,,1601,Department of Labor,1605,Office of the Assistant Secretary for Administration and Management,1605JE,DOL - JCAS EAST PROCUREMENT,1601,Department of Labor,1605,Office of the Assistant Secretary for Administration and Management,1605DC,DEPT OF LABOR-OASAM-OFC  PROC SVCS,016-2017/2018-0181-000;016-2017/2020-0181-000;016-2018/2019-0181-000;016-2018/2021-0181-000;016-2019/2020-0181-000;016-2019/2022-0181-000;016-2020/2021-0181-000;016-2020/2023-0181-000;016-2021/2022-0181-000;016-2021/2024-0181-000,016-0181,25.2: Other services from non-Federal sources;25.4: Operation and maintenance of facilities,"0001: JOB CORPS OPERATIONS;0001: OPERATIONS;0002: CONSTRUCTION, REHABILITATION, AND ACQUISITION (CRA)",X,NOT APPLICABLE,,,G58ZEJ7HJGM1,,MANAGEMENT & TRAINING CORPORATION,MANAGEMENT & TRAINING CORPORATION,,3JBN8,G58ZEJ7HJGM1,,MANAGEMENT & TRAINING CORPORATION,MANAGEMENT & TRAINING CORPORATION,USA,UNITED STATES,500 N MARKET PL DR STE 100,,CENTERVILLE,49011,DAVIS,49,UT,UTAH,840141711,UT-02,UT-02,8016932750,8016932900,USA,UNITED STATES,BRUNSWICK,13127,GLYNN,13,GA,GEORGIA,315251222,GA-01,GA-01,AWARD,D,DEFINITIVE CONTRACT,,,,,,,V,COST PLUS INCENTIVE FEE,IGF::OT::IGF BRUNSWICK JCC W/ OACTS,DOL-ETA-15-R-00030,1,OT,OTHER FUNCTIONS,M1CZ,OPERATION OF OTHER EDUCATIONAL BUILDINGS,H,NOT BUNDLED,,,611519,OTHER TECHNICAL AND TRADE SCHOOLS,D,ENERGY EFFICIENT,A,U.S. OWNED BUSINESS,,,,,E,NOT REQUIRED,USA,UNITED STATES,C,NOT A MANUFACTURED END PRODUCT,F,INDIVIDUAL SUBCONTRACT PLAN,A,FULL AND OPEN COMPETITION,NP,NEGOTIATED PROPOSAL/QUOTE,NONE,NO SET ASIDE USED.,NONE,NO PREFERENCE USED,,,,,,,2,D,COMMERCIAL PRODUCTS/SERVICES PROCEDURES NOT USED,f,N,NO,N,NO,Y,YES,N,NO,0.00,N,NO,N,NO,Y,YES,Y,YES,X,NOT APPLICABLE,,,,,,,BRUNSWICK JCC W/ OA CTS,,,Y,YES,Y,YES - CAS CLAUSE INCLUDED,N,N,,,D,NOT CONSOLIDATED,Y,YES - SERVICE WHERE PBA IS USED.,N,NO,,,N,NO,X,NOT APPLICABLE,f,f,f,f,f,f,f,f,f,f,f,f,f,f,f,f,f,f,f,OTHER THAN SMALL BUSINESS,O,f,f,f,f,f,f,f,f,f,f,f,f,f,f,f,f,f,CORPORATE NOT TAX EXEMPT,t,f,f,f,f,f,f,f,f,f,f,f,f,f,f,f,f,t,f,f,f,f,f,f,f,t,f,f,t,f,f,f,f,f,f,f,f,f,f,f,f,f,f,f,f,f,f,f,f,f,,,,,,,,,,,https://www.usaspending.gov/award/CONT_AWD_1630J317C0006_1605_-NONE-_-NONE-/,2025-09-22
CONT_AWD_19AQMM19F3103_1900_19AQMM19D0125_1900,19AQMM19F3103,1900,"STATE, DEPARTMENT OF",19AQMM19D0125,L: Emergency P.L. 116-123;N: Emergency P.L. 116-136;Q: Not Designated Nonemergency/Emergency/Disaster/Wildfire Suppression,138516467.08,73011038.03,,,418325383.80,216092950.87,418325383.80,418325383.80,2019-09-01,2019,2025-09-30,2025,2019-09-01,2026-02-28,2026-02-28 00:00:00,,2019-08-20,019,Department of State,1900,Department of State,19AQMM,ACQUISITIONS - AQM MOMENTUM,019,Department of State,1900,Department of State,19XMED,OFFICE OF MEDICAL SERVICES,019-2018/2019-0113-000;019-2019/2020-0113-000;019-2020/2022-0113-000;019-2022/2024-0113-000;019-2023/2024-0113-000;019-2024/2025-0113-000;019-X-0113-000;019-X-4519-000,019-0113;019-4519,25.1: Advisory and assistance services;26.0: Supplies and materials,0000: UNKNOWN/OTHER;0007: SECURITY-WORLDWIDE SECURITY PROTECTION;0008: OVERSEAS CONTINGENCY OPERATIONS;000S: COVID-19;0801: DIPLOMATIC AND CONSULAR PROGRAMS (REIMBURSABLE);0805: MEDICAL SERVICES;0811: IT DESKTOP,X,NOT APPLICABLE,,,TFE5W13GFMJ6,,"PHOENIX AIR GROUP, INC.","PHOENIX AIR GROUP, INC.",,1CK27,TFE5W13GFMJ6,,"PHOENIX AIR GROUP, INC.",PHOENIX AIR GROUP  INC.,USA,UNITED STATES,100 PHOENIX AIR DR SW,,CARTERSVILLE,13015,BARTOW,13,GA,GEORGIA,301206896,GA-11,GA-11,7703872000,8005335334,USA,UNITED STATES,CARTERSVILLE,13015,BARTOW,13,GA,GEORGIA,301206896,GA-11,GA-11,AWARD,C,DELIVERY ORDER,,,,,,,J,FIRM FIXED PRICE,MULTI-MISSION AVIATION AND SUPPORT SERVICES,,1,CT,CRITICAL FUNCTIONS,R429,SUPPORT- PROFESSIONAL: EMERGENCY RESPONSE/DISASTER PLANNING/PREPAREDNESS SUPPORT,H,NOT BUNDLED,,,481211,NONSCHEDULED CHARTERED PASSENGER AIR TRANSPORTATION,C,NO CLAUSES INCLUDED AND NO SUSTAINABILITY INCLUDED,A,U.S. OWNED BUSINESS,,,,,A,MEETS REQUIREMENTS,USA,UNITED STATES,C,NOT A MANUFACTURED END PRODUCT,B,PLAN NOT REQUIRED,D,FULL AND OPEN COMPETITION AFTER EXCLUSION OF SOURCES,NP,NEGOTIATED PROPOSAL/QUOTE,,,NONE,NO PREFERENCE USED,,,,,,,,D,COMMERCIAL PRODUCTS/SERVICES PROCEDURES NOT USED,f,N,NO,N,NO,Y,YES,N,NO,,N,NO,X,NOT APPLICABLE,N,NO,X,NOT APPLICABLE,X,NOT APPLICABLE,,,B,IDC,S,SINGLE AWARD,,,,N,NO,,,Y,Y,,,D,NOT CONSOLIDATED,Y,YES - SERVICE WHERE PBA IS USED.,Y,YES,,,N,NO,X,NOT APPLICABLE,f,f,f,f,f,t,f,f,f,f,f,f,f,f,f,f,f,f,f,SMALL BUSINESS,S,f,f,f,f,f,f,f,f,f,f,f,f,f,f,f,f,f,CORPORATE NOT TAX EXEMPT,t,f,f,f,f,f,f,f,f,f,f,f,f,f,f,f,f,t,f,f,f,f,f,f,f,f,f,f,t,f,f,f,f,f,f,f,f,f,f,f,f,f,f,f,f,f,f,f,f,f,MARK H THOMPSON,1823832.00,RANDALL H DAVIS,729542.00,DENT M THOMPSON,583636.00,AURTHUR S HARRISON,549390.00,ROBERT F TRACEY,282188.00,https://www.usaspending.gov/award/CONT_AWD_19AQMM19F3103_1900_19AQMM19D0125_1900/,2025-10-31
CONT_AWD_19AQMM23F0211_1900_47QTCA19D00MV_4732,19AQMM23F0211,4732,FEDERAL ACQUISITION SERVICE,47QTCA19D00MV,Q: Not Designated Nonemergency/Emergency/Disaster/Wildfire Suppression,,,,,23930433.98,15965911.41,23930433.98,25730433.98,2022-12-30,2023,2025-05-19,2025,2023-01-01,2023-12-30,2023-12-30 00:00:00,,2022-12-23,019,Department of State,1900,Department of State,19AQMM,ACQUISITIONS - AQM MOMENTUM,019,Department of State,1900,Department of State,19X1RM,BUREAU OF INFORMATION RESOURCE MGT,019-X-4519-000,019-4519,"23.3: Communications, utilities, and miscellaneous charges",0801: WORKING CAPITAL FUND PROGRAMS,X,NOT APPLICABLE,,,P2S7GZFBCSJ1,,ATT MOBILITY LLC,AT&T MOBILITY LLC,,1XGS4,NT9TC1ZVV5N9,,AT&T INC.,AT&T INC.,USA,UNITED STATES,1025 LENOX PARK BLVD NE,,ATLANTA,13089,DEKALB,13,GA,GEORGIA,303195309,GA-04,GA-05,3017691382,3015765443,USA,UNITED STATES,BROOKHAVEN,13089,DEKALB,13,GA,GEORGIA,303195309,GA-05,GA-05,AWARD,C,DELIVERY ORDER,,,,,,,J,FIRM FIXED PRICE,WIRELESS SERVICES - 6 MONTH TASK ORDER,,1,OT,OTHER FUNCTIONS,DG11,IT AND TELECOM - NETWORK: SATELLITE COMMUNICATIONS AND TELECOM ACCESS SERVICES,H,NOT BUNDLED,,,517312,WIRELESS TELECOMMUNICATIONS CARRIERS (EXCEPT SATELLITE),C,NO CLAUSES INCLUDED AND NO SUSTAINABILITY INCLUDED,A,U.S. OWNED BUSINESS,,,,,E,NOT REQUIRED,USA,UNITED STATES,C,NOT A MANUFACTURED END PRODUCT,G,COMMERCIAL SUBCONTRACT PLAN,A,FULL AND OPEN COMPETITION,MAFO,SUBJECT TO MULTIPLE AWARD FAIR OPPORTUNITY,,,NONE,NO PREFERENCE USED,,,FOO,FOLLOW-ON ACTION FOLLOWING COMPETITIVE INITIAL ACTION,,,1,A,COMMERCIAL PRODUCTS/SERVICES,f,N,NO,N,NO,Y,YES,N,NO,,Y,YES,X,NOT APPLICABLE,X,NOT APPLICABLE,X,NOT APPLICABLE,X,NOT APPLICABLE,,,C,FSS,M,MULTIPLE AWARD,,,,,,X,NOT APPLICABLE EXEMPT FROM CAS,N,N,,,D,NOT CONSOLIDATED,Y,YES - SERVICE WHERE PBA IS USED.,,,,,N,NO,X,NOT APPLICABLE,f,f,f,f,f,f,f,f,f,f,f,f,f,f,f,f,f,f,f,OTHER THAN SMALL BUSINESS,O,f,f,f,f,f,f,f,f,f,f,f,f,f,f,f,f,f,CORPORATE NOT TAX EXEMPT,t,f,f,f,f,f,f,f,f,f,f,f,f,f,f,f,f,t,f,f,f,f,f,f,f,f,t,f,t,f,f,f,f,f,f,f,f,f,f,f,f,f,f,f,f,f,f,f,f,f,,,,,,,,,,,https://www.usaspending.gov/award/CONT_AWD_19AQMM23F0211_1900_47QTCA19D00MV_4732/,2025-05-19
CONT_AWD_2031JW22F00088_2046_47QTCB21D0360_4732,2031JW22F00088,4732,FEDERAL ACQUISITION SERVICE,47QTCB21D0360,Q: Not Designated Nonemergency/Emergency/Disaster/Wildfire Suppression,,,,,23063170.58,19892324.99,23063170.58,29894228.99,2022-05-13,2022,2025-05-20,2025,2022-05-13,2026-05-12,2027-05-12 00:00:00,,2022-02-10,020,Department of the Treasury,2046,Office of the Comptroller of the Currency,2031JW,COMPTROLLER OF CURRENCY ACQS,020,Department of the Treasury,2046,Office of the Comptroller of the Currency,2031KB,OFFICE OF MANAGEMENT / CFO,020-X-8413-000,020-8413,25.1: Advisory and assistance services,0881: BANK SUPERVISION,X,NOT APPLICABLE,,,VU7VVBY1S6Y8,,"TOTALLY JOINED FOR ACHIEVING COLLABORATIVE TECHNIQUES (TJFACT), LLC","TOTALLY JOINED FOR ACHIEVING COLLABORATIVE TECHNIQUES (TJFACT), LLC",,58QX2,VU7VVBY1S6Y8,,"TOTALLY JOINED FOR ACHIEVING COLLABORATIVE TECHNIQUES (TJFACT), LLC",TOTALLY JOINED FOR ACHIEVING COLLABORATIVE TECHNIQUES (TJFACT)  LLC,USA,UNITED STATES,235 PEACHTREE ST NE STE 2400,,ATLANTA,13121,FULTON,13,GA,GEORGIA,303031406,GA-05,GA-05,2022949181,8882245996,USA,UNITED STATES,ATLANTA,13121,FULTON,13,GA,GEORGIA,303032329,GA-05,GA-05,AWARD,C,DELIVERY ORDER,,,,,,,J,FIRM FIXED PRICE,"THE OCC SEEKS TO LEVERAGE PROVEN, INDUSTRY-MANAGED SERVICE STRATEGIES AND TECHNOLOGIES TO OPERATE AND MAINTAIN END USER SUPPORT SERVICES, WITH A GOAL OF ACHIEVING GREATER OPERATIONAL EFFICIENCY AND READINESS.  THE OCC SEEKS A SOLUTION THAT PROVIDES T",2031JW22Q00033,1,OT,OTHER FUNCTIONS,DE01,"IT AND TELECOM - END USER: HELP DESK; TIER 1-2, WORKSPACE, PRINT, OUTPUT, PRODUCTIVITY TOOLS (LABOR)",H,NOT BUNDLED,,,541512,COMPUTER SYSTEMS DESIGN SERVICES,C,NO CLAUSES INCLUDED AND NO SUSTAINABILITY INCLUDED,A,U.S. OWNED BUSINESS,,,,,E,NOT REQUIRED,USA,UNITED STATES,C,NOT A MANUFACTURED END PRODUCT,B,PLAN NOT REQUIRED,D,FULL AND OPEN COMPETITION AFTER EXCLUSION OF SOURCES,MAFO,SUBJECT TO MULTIPLE AWARD FAIR OPPORTUNITY,,,NONE,NO PREFERENCE USED,,,FAIR,FAIR OPPORTUNITY GIVEN,,,7,D,COMMERCIAL PRODUCTS/SERVICES PROCEDURES NOT USED,f,N,NO,N,NO,Y,YES,N,NO,,Y,YES,X,NOT APPLICABLE,N,NO,X,NOT APPLICABLE,X,NOT APPLICABLE,,,A,GWAC,M,MULTIPLE AWARD,,,,,,,,N,N,,,D,NOT CONSOLIDATED,Y,YES - SERVICE WHERE PBA IS USED.,,,,,N,NO,X,NOT APPLICABLE,f,f,f,f,f,t,t,f,f,f,f,f,t,f,f,t,f,f,f,SMALL BUSINESS,S,f,f,f,f,f,f,f,f,f,f,f,f,f,f,f,f,f,OTHER,f,f,f,f,f,f,f,f,f,f,f,f,f,f,f,f,f,t,f,f,f,f,f,f,f,f,t,f,t,f,f,f,f,f,f,f,f,f,f,f,f,f,f,f,f,f,f,t,t,f,,,,,,,,,,,https://www.usaspending.gov/award/CONT_AWD_2031JW22F00088_2046_47QTCB21D0360_4732/,2025-05-20
CONT_AWD_2032H822F00085_2050_47QRAA20D008W_4732,2032H822F00085,4732,FEDERAL ACQUISITION SERVICE,47QRAA20D008W,Q: Not Designated Nonemergency/Emergency/Disaster/Wildfire Suppression,,,,,34390351.30,21532504.17,57494602.91,69677765.47,2022-06-21,2022,2025-10-20,2026,2022-07-01,2026-06-30,2027-06-30 19:33:57,,2022-04-18,020,Department of the Treasury,2050,Internal Revenue Service,2023H2,SPECIAL OPERATIONS,020,Department of the Treasury,2050,Internal Revenue Service,2031JB,CRIMINAL INVESTIGATION,020-2021/2022-0913-000;020-2022/2022-0913-000;020-2022/2023-0913-000;020-2024/2024-0913-000;020-2025/2025-0913-000,020-0913,25.2: Other services from non-Federal sources,0001: INVESTIGATIONS,X,NOT APPLICABLE,,,HVWNKMMU6ER5,,"FIVE STONES INTELLIGENCE, INC.","FIVE STONES INTELLIGENCE, INC.",,75GB4,UQRMJF2VMM65,,"FIVE STONES INTELLIGENCE, INC.",FIVE STONES INTELLIGENCE  INC.,USA,UNITED STATES,620 N OCOEE ST,,CLEVELAND,47011,BRADLEY,47,TN,TENNESSEE,373112249,TN-03,TN-03,7035999250,,USA,UNITED STATES,BRUNSWICK,13127,GLYNN,13,GA,GEORGIA,315242002,GA-01,GA-01,AWARD,C,DELIVERY ORDER,,,,,,,J,FIRM FIXED PRICE,CI INSTRUCTOR TRAINING SUPPORT SERVICES,2032H8-22-Q-0139,1,OT,OTHER FUNCTIONS,U099,EDUCATION/TRAINING- OTHER,H,NOT BUNDLED,,,541211,OFFICES OF CERTIFIED PUBLIC ACCOUNTANTS,C,NO CLAUSES INCLUDED AND NO SUSTAINABILITY INCLUDED,A,U.S. OWNED BUSINESS,,,,,E,NOT REQUIRED,USA,UNITED STATES,C,NOT A MANUFACTURED END PRODUCT,B,PLAN NOT REQUIRED,A,FULL AND OPEN COMPETITION,MAFO,SUBJECT TO MULTIPLE AWARD FAIR OPPORTUNITY,SBA,SMALL BUSINESS SET ASIDE - TOTAL,NONE,NO PREFERENCE USED,,,CSA,COMPETITIVE SET ASIDE,,,3,A,COMMERCIAL PRODUCTS/SERVICES,f,N,NO,N,NO,Y,YES,N,NO,,N,NO,X,NOT APPLICABLE,Y,YES,X,NOT APPLICABLE,X,NOT APPLICABLE,,,C,FSS,M,MULTIPLE AWARD,,,,,,,,Y,Y,,,D,NOT CONSOLIDATED,Y,YES - SERVICE WHERE PBA IS USED.,,,,,N,NO,X,NOT APPLICABLE,f,f,f,f,f,f,f,f,f,f,f,f,f,f,f,f,f,f,f,SMALL BUSINESS,S,f,f,f,f,f,f,f,f,f,f,f,f,f,f,f,f,f,CORPORATE NOT TAX EXEMPT,t,f,f,f,f,f,f,f,f,f,f,f,f,f,f,f,f,t,f,f,f,f,f,f,f,f,f,f,t,f,f,f,f,f,f,f,f,f,f,f,f,f,f,f,f,f,f,f,f,f,,,,,,,,,,,https://www.usaspending.gov/award/CONT_AWD_2032H822F00085_2050_47QRAA20D008W_4732/,2025-10-21
CONT_AWD_24361819F0093_2400_24361819A0005_2400,24361819F0093,2400,OFFICE OF PERSONNEL MANAGEMENT,24361819A0005,Q: Not Designated Nonemergency/Emergency/Disaster/Wildfire Suppression,,,,,143397225.08,98172700.42,169753695.75,169753695.75,2019-09-23,2019,2025-12-12,2026,2019-11-01,2025-01-31,2025-12-12 00:00:00,,2019-05-30,024,Office of Personnel Management,2400,Office of Personnel Management,243226,OPM DC CENTRAL OFFICE CONTRACTING,024,Office of Personnel Management,2400,Office of Personnel Management,241400,OFFICE OF THE CHIEF FINANCIAL OFCR,024-X-4571-024,024-4571,25.1: Advisory and assistance services,0803: HUMAN RESOURCES TOOLS & TECHNOLOGY (HRTT),X,NOT APPLICABLE,,,LREZCR4GTFM5,,RESEARCH MANAGEMENT CONSULTANTS INC,RESEARCH MANAGEMENT CONSULTANTS INC.,,3LWE4,LREZCR4GTFM5,,RESEARCH MANAGEMENT CONSULTANTS INC,RESEARCH MANAGEMENT CONSULTANTS INC,USA,UNITED STATES,651 CORPORATE CIR,,GOLDEN,08059,JEFFERSON,08,CO,COLORADO,804015651,CO-07,CO-07,3032770066,3032770055,USA,UNITED STATES,MACON,13021,BIBB,13,GA,GEORGIA,312046307,GA-02,GA-02,AWARD,A,BPA CALL,,,,,,,J,FIRM FIXED PRICE,HRSITMPMO SYSTEMS OPERATION AND MAINTENANCE,,1,OT,OTHER FUNCTIONS,D308,IT AND TELECOM- PROGRAMMING,H,NOT BUNDLED,,,541519,OTHER COMPUTER RELATED SERVICES,F,ENVIRONMENTALLY PREFERABLE,A,U.S. OWNED BUSINESS,,,,,E,NOT REQUIRED,USA,UNITED STATES,C,NOT A MANUFACTURED END PRODUCT,,,A,FULL AND OPEN COMPETITION,MAFO,SUBJECT TO MULTIPLE AWARD FAIR OPPORTUNITY,,,NONE,NO PREFERENCE USED,,,FAIR,FAIR OPPORTUNITY GIVEN,,,3,A,COMMERCIAL PRODUCTS/SERVICES,f,,,N,NO,,,N,NO,0.00,Y,YES,X,NOT APPLICABLE,N,NO,X,NOT APPLICABLE,X,NOT APPLICABLE,,,E,BPA,M,MULTIPLE AWARD,,,,,,,,N,N,,,D,NOT CONSOLIDATED,Y,YES - SERVICE WHERE PBA IS USED.,,,,,N,NO,X,NOT APPLICABLE,f,f,f,f,f,f,f,t,t,f,f,f,t,f,f,f,t,f,f,SMALL BUSINESS,S,f,f,f,f,f,f,f,f,f,f,f,f,f,f,f,f,f,CORPORATE NOT TAX EXEMPT,t,f,f,f,f,f,f,f,f,f,f,f,f,f,f,f,f,f,f,f,f,f,f,f,f,f,f,f,t,f,f,f,f,f,f,f,f,f,f,f,f,f,f,f,f,f,f,f,f,f,RAYDEAN  ACEVEDO,520000.00,CYNDI  BURNS,216000.00,,,,,,,https://www.usaspending.gov/award/CONT_AWD_24361819F0093_2400_24361819A0005_2400/,2025-12-12
CONT_AWD_36C24723N0580_3600_36C24719D0017_3600,36C24723N0580,3600,"VETERANS AFFAIRS, DEPARTMENT OF",36C24719D0017,,,,,,22771020.54,,22771020.54,22771020.54,2023-09-25,2023,2025-09-12,2025,2023-08-28,2026-02-09,2026-02-09 00:00:00,,2023-04-27,036,Department of Veterans Affairs,3600,Department of Veterans Affairs,36C247,247-NETWORK CONTRACT OFFICE 7 (36C247),036,Department of Veterans Affairs,3600,Department of Veterans Affairs,36C247,247-NETWORK CONTRACT OFFICE 7 (36C247),,,,,X,NOT APPLICABLE,,,CKRASC1SL4F5,,SAW-GREENLAND JV II LLC,"SAW-GREENLAND JV II, LLC",,7ZAB0,CKRASC1SL4F5,,SAW-GREENLAND JV II LLC,SAW-GREENLAND JV II LLC,USA,UNITED STATES,2625 PRODUCTION RD STE A,,VIRGINIA BEACH,51810,VIRGINIA BEACH (CITY),51,VA,VIRGINIA,234545255,VA-02,VA-02,7574861580,,USA,UNITED STATES,AUGUSTA,13245,RICHMOND,13,GA,GEORGIA,309045872,GA-12,GA-12,AWARD,C,DELIVERY ORDER,,,,,,,J,FIRM FIXED PRICE,TASK ORDER FOR BOILER PROJECT 509-20-100,,1,OT,OTHER FUNCTIONS,Y1DA,CONSTRUCTION OF HOSPITALS AND INFIRMARIES,H,NOT BUNDLED,,,236220,COMMERCIAL AND INSTITUTIONAL BUILDING CONSTRUCTION,D,ENERGY EFFICIENT,A,U.S. OWNED BUSINESS,,,,,E,NOT REQUIRED,USA,UNITED STATES,C,NOT A MANUFACTURED END PRODUCT,B,PLAN NOT REQUIRED,D,FULL AND OPEN COMPETITION AFTER EXCLUSION OF SOURCES,MAFO,SUBJECT TO MULTIPLE AWARD FAIR OPPORTUNITY,,,NONE,NO PREFERENCE USED,,,FAIR,FAIR OPPORTUNITY GIVEN,,,2,D,COMMERCIAL PRODUCTS/SERVICES PROCEDURES NOT USED,f,N,NO,N,NO,Y,YES,N,NO,,N,NO,X,NOT APPLICABLE,X,NOT APPLICABLE,Y,YES,X,NOT APPLICABLE,,,B,IDC,M,MULTIPLE AWARD,,,,N,NO,X,NOT APPLICABLE EXEMPT FROM CAS,N,N,,,D,NOT CONSOLIDATED,N,NO - SERVICE WHERE PBA IS NOT USED.,Y,YES,,,N,NO,X,NOT APPLICABLE,f,f,f,f,f,t,t,f,f,f,f,f,t,f,t,f,f,f,f,SMALL BUSINESS,S,f,f,f,f,f,f,f,f,f,f,f,f,f,f,f,f,f,CORPORATE NOT TAX EXEMPT,t,f,f,f,f,f,f,f,f,f,f,f,f,f,f,f,f,t,f,f,f,f,f,f,f,f,t,f,t,f,f,f,f,f,f,f,f,f,f,f,f,f,f,f,f,t,f,f,f,f,,,,,,,,,,,https://www.usaspending.gov/award/CONT_AWD_36C24723N0580_3600_36C24719D0017_3600/,2025-09-12
CONT_AWD_36C77625C0087_3600_-NONE-_-NONE-,36C77625C0087,,,,,,,,,27849345.00,,27849345.00,27849345.00,2025-09-25,2025,2025-09-25,2025,2025-09-25,2027-09-25,2027-09-25 00:00:00,,2025-06-12,036,Department of Veterans Affairs,3600,Department of Veterans Affairs,36C776,PCAC (36C776),036,Department of Veterans Affairs,3600,Department of Veterans Affairs,36C508,508-ATLANTA (00508)(36C508),,,,,X,NOT APPLICABLE,,,J1LWSNNJ6EY9,,"HURLEY JV, LLP","HURLEY JV, LLP",AMERITECH CONTRACTING LLC,9KJX4,J1LWSNNJ6EY9,,"HURLEY JV, LLP",HURLEY JV  LLP,USA,UNITED STATES,1545 CEDAR VALLEY LN,,COLORADO SPRINGS,08041,EL PASO,08,CO,COLORADO,80919,CO-05,CO-05,7196519542,,USA,UNITED STATES,DECATUR,13089,DEKALB,13,GA,GEORGIA,300334004,GA-05,GA-05,AWARD,D,DEFINITIVE CONTRACT,,,,,,,J,FIRM FIXED PRICE,"ATLANTA EHRM INFRASTRUCTURE AND DATA CENTER UPGRADES - DECATUR, GA",36C77625B0020,1,CL,CLOSELY ASSOCIATED,Y1DA,CONSTRUCTION OF HOSPITALS AND INFIRMARIES,H,NOT BUNDLED,,,236220,COMMERCIAL AND INSTITUTIONAL BUILDING CONSTRUCTION,F,ENVIRONMENTALLY PREFERABLE,A,U.S. OWNED BUSINESS,,,,,A,MEETS REQUIREMENTS,USA,UNITED STATES,C,NOT A MANUFACTURED END PRODUCT,B,PLAN NOT REQUIRED,D,FULL AND OPEN COMPETITION AFTER EXCLUSION OF SOURCES,SB,SEALED BID,SDVOSBC,SERVICE DISABLED VETERAN OWNED SMALL BUSINESS SET-ASIDE,NONE,NO PREFERENCE USED,,,,,,,5,D,COMMERCIAL PRODUCTS/SERVICES PROCEDURES NOT USED,f,N,NO,,,Y,YES,N,NO,0.00,N,NO,X,NOT APPLICABLE,X,NOT APPLICABLE,Y,YES,X,NOT APPLICABLE,,,,,,,,,,N,NO,X,NOT APPLICABLE EXEMPT FROM CAS,N,N,,,D,NOT CONSOLIDATED,N,NO - SERVICE WHERE PBA IS NOT USED.,N,NO,,,N,NO,X,NOT APPLICABLE,f,f,f,f,f,t,t,f,f,f,f,f,f,f,f,f,f,f,f,SMALL BUSINESS,S,f,f,f,f,f,f,f,f,f,f,f,f,f,f,f,f,f,PARTNERSHIP,f,f,t,f,f,f,f,f,f,f,f,f,f,f,f,f,f,t,f,f,f,f,f,f,f,f,f,f,t,f,f,f,f,f,f,f,f,f,f,f,f,f,f,f,f,f,f,f,f,f,,,,,,,,,,,https://www.usaspending.gov/award/CONT_AWD_36C77625C0087_3600_-NONE-_-NONE-/,2025-09-29
CONT_AWD_36C77625C0099_3600_-NONE-_-NONE-,36C77625C0099,,,,,,,,,23087400.00,,23087400.00,23087400.00,2025-09-22,2025,2025-09-22,2025,2025-09-22,2027-06-30,2027-06-30 00:00:00,,2025-06-24,036,Department of Veterans Affairs,3600,Department of Veterans Affairs,36C776,PCAC (36C776),036,Department of Veterans Affairs,3600,Department of Veterans Affairs,36C776,PCAC (36C776),,,,,X,NOT APPLICABLE,,,T1EKCDPNF564,,V LINE SERVICES L.L.C.,V LINE SERVICES L.L.C.,,88T61,T1EKCDPNF564,,V LINE SERVICES L.L.C.,V LINE SERVICES L.L.C.,USA,UNITED STATES,126 P RICKMAN INDUSTRIAL DR,,CANTON,13057,CHEROKEE,13,GA,GEORGIA,301159000,GA-11,GA-11,9193230577,,USA,UNITED STATES,CANTON,13057,CHEROKEE,13,GA,GEORGIA,301156634,GA-11,GA-11,AWARD,D,DEFINITIVE CONTRACT,,,,,,,J,FIRM FIXED PRICE,EHRM INFRASTRUCTURE UPGRADES,36C77625B0021,1,OT,OTHER FUNCTIONS,Z1DA,MAINTENANCE OF HOSPITALS AND INFIRMARIES,H,NOT BUNDLED,,,236220,COMMERCIAL AND INSTITUTIONAL BUILDING CONSTRUCTION,C,NO CLAUSES INCLUDED AND NO SUSTAINABILITY INCLUDED,A,U.S. OWNED BUSINESS,,,,,A,MEETS REQUIREMENTS,USA,UNITED STATES,C,NOT A MANUFACTURED END PRODUCT,B,PLAN NOT REQUIRED,D,FULL AND OPEN COMPETITION AFTER EXCLUSION OF SOURCES,SB,SEALED BID,SDVOSBC,SERVICE DISABLED VETERAN OWNED SMALL BUSINESS SET-ASIDE,NONE,NO PREFERENCE USED,,,,,,,4,D,COMMERCIAL PRODUCTS/SERVICES PROCEDURES NOT USED,f,N,NO,,,Y,YES,N,NO,0.00,N,NO,X,NOT APPLICABLE,Y,YES,X,NOT APPLICABLE,X,NOT APPLICABLE,,,,,,,,,,N,NO,X,NOT APPLICABLE EXEMPT FROM CAS,N,N,,,D,NOT CONSOLIDATED,N,NO - SERVICE WHERE PBA IS NOT USED.,N,NO,Z,NOT APPLICABLE,N,NO,X,NOT APPLICABLE,f,f,f,f,f,t,t,f,f,f,f,f,f,f,f,f,f,f,f,SMALL BUSINESS,S,f,f,f,f,f,f,f,f,f,f,f,f,f,f,f,f,f,CORPORATE NOT TAX EXEMPT,t,f,f,f,f,f,f,f,f,f,f,f,f,f,f,f,f,t,f,f,f,f,f,f,f,f,t,f,t,f,f,f,f,f,f,f,f,f,f,f,f,f,f,f,f,f,f,f,f,f,,,,,,,,,,,https://www.usaspending.gov/award/CONT_AWD_36C77625C0099_3600_-NONE-_-NONE-/,2026-01-07
CONT_AWD_36C78623C0003_3600_-NONE-_-NONE-,36C78623C0003,,,,,,,,,25353183.72,,25353183.72,25353183.72,2023-01-17,2023,2025-10-14,2026,2023-02-04,2025-12-29,2025-12-29 00:00:00,,2022-08-08,036,Department of Veterans Affairs,3600,Department of Veterans Affairs,36C786,NATIONAL CEMETERY ADMIN (36C786),036,Department of Veterans Affairs,3600,Department of Veterans Affairs,36C786,NATIONAL CEMETERY ADMIN (36C786),,,,,X,NOT APPLICABLE,,,Z6ZVR3MXC9L4,,C & C CONTRACTORS LLC,"C&C CONTRACTORS, LLC",,56PB2,Z6ZVR3MXC9L4,,C & C CONTRACTORS LLC,C & C CONTRACTORS LLC,USA,UNITED STATES,209 LYON ST,,NOTASULGA,01087,MACON,01,AL,ALABAMA,368662584,AL-02,AL-02,3342574307,,USA,UNITED STATES,CANTON,13057,CHEROKEE,13,GA,GEORGIA,301140003,GA-11,GA-11,AWARD,D,DEFINITIVE CONTRACT,,,,,,,J,FIRM FIXED PRICE,GEORGIA NATION CEMETERY EXPANSION,36C78622R0020,1,OT,OTHER FUNCTIONS,Y1FE,CONSTRUCTION OF RELIGIOUS FACILITIES,H,NOT BUNDLED,,,237990,OTHER HEAVY AND CIVIL ENGINEERING CONSTRUCTION,C,NO CLAUSES INCLUDED AND NO SUSTAINABILITY INCLUDED,A,U.S. OWNED BUSINESS,,,,,E,NOT REQUIRED,USA,UNITED STATES,C,NOT A MANUFACTURED END PRODUCT,B,PLAN NOT REQUIRED,D,FULL AND OPEN COMPETITION AFTER EXCLUSION OF SOURCES,NP,NEGOTIATED PROPOSAL/QUOTE,SDVOSBC,SERVICE DISABLED VETERAN OWNED SMALL BUSINESS SET-ASIDE,NONE,NO PREFERENCE USED,,,,,,,4,D,COMMERCIAL PRODUCTS/SERVICES PROCEDURES NOT USED,f,N,NO,,,X,NOT APPLICABLE,N,NO,0.00,N,NO,X,NOT APPLICABLE,X,NOT APPLICABLE,Y,YES,X,NOT APPLICABLE,,,,,,,,,,N,NO,X,NOT APPLICABLE EXEMPT FROM CAS,N,N,,,D,NOT CONSOLIDATED,Y,YES - SERVICE WHERE PBA IS USED.,N,NO,,,N,NO,X,NOT APPLICABLE,f,f,f,f,f,t,t,f,f,f,f,f,f,f,f,f,f,f,f,SMALL BUSINESS,S,f,f,f,f,f,f,f,f,f,f,f,f,f,f,f,f,f,PARTNERSHIP,f,f,t,f,f,f,f,f,f,f,f,f,f,f,f,f,f,t,f,f,f,f,f,f,f,t,f,f,t,f,f,f,f,f,f,f,f,f,f,f,f,f,f,f,f,t,f,f,t,f,,,,,,,,,,,https://www.usaspending.gov/award/CONT_AWD_36C78623C0003_3600_-NONE-_-NONE-/,2025-10-14
CONT_AWD_47PE0321C0002_4740_-NONE-_-NONE-,47PE0321C0002,,,,Q: Not Designated Nonemergency/Emergency/Disaster/Wildfire Suppression,,,,,22127660.11,22122660.11,22127660.11,22127660.11,2021-07-29,2021,2026-01-14,2026,2021-07-29,2026-06-30,2026-09-30 00:00:00,,2021-01-25,047,General Services Administration,4740,Public Buildings Service,47PE03,PBS R4 AMD CAPITAL/AE BRANCH,070,Department of Homeland Security,7003,U.S. Citizenship and Immigration Services,70SC1S,US CITIZENSHIP  IMMIGRATION SVCS,047-X-4542-001,047-4542,25.4: Operation and maintenance of facilities;32.0: Land and structures,0802: REPAIRS AND ALTERATIONS;0820: SPECIAL SERVICES AND IMPROVEMENTS,X,NOT APPLICABLE,,,XNP2ZJ9TV594,,TURNER CONSTRUCTION COMPANY,TURNER CONSTRUCTION COMPANY,,7N326,JAZVTDKP3R73,,"ACS, ACTIVIDADES DE CONSTRUCCION Y SERVICIOS, SA",TURNER CONSTRUCTION COMPANY,USA,UNITED STATES,375 HUDSON ST FL 6,,NEW YORK,36061,NEW YORK,36,NY,NEW YORK,100147462,NY-12,NY-10,7034643163,7034678351,USA,UNITED STATES,ATLANTA,13121,FULTON,13,GA,GEORGIA,303080029,GA-05,GA-05,AWARD,D,DEFINITIVE CONTRACT,,,,,,,J,FIRM FIXED PRICE,"GENERAL CONTRACTOR CONSTRUCTION SERVICES - US CITIZENSHIP AND MIGRATION SERVICES (USCIS) AT THE PEACHTREE SUMMIT US FEDERAL BUILDING, REPAIR AND ALTERATION PROJECT LOCATED AT 401 WEST PEACHTREE STREET NW, ATLANTA, GA 30308",47PE0321R0003,1,OT,OTHER FUNCTIONS,Z2AA,REPAIR OR ALTERATION OF OFFICE BUILDINGS,H,NOT BUNDLED,,,236220,COMMERCIAL AND INSTITUTIONAL BUILDING CONSTRUCTION,E,BIO-BASED,C,FOREIGN-OWNED BUSINESS INCORPORATED IN THE U.S.,,,,,A,MEETS REQUIREMENTS,USA,UNITED STATES,C,NOT A MANUFACTURED END PRODUCT,F,INDIVIDUAL SUBCONTRACT PLAN,A,FULL AND OPEN COMPETITION,NP,NEGOTIATED PROPOSAL/QUOTE,NONE,NO SET ASIDE USED.,NONE,NO PREFERENCE USED,,,,,,,7,D,COMMERCIAL PRODUCTS/SERVICES PROCEDURES NOT USED,f,N,NO,N,NO,Y,YES,N,NO,0.00,N,NO,Y,YES,X,NOT APPLICABLE,Y,YES,A,ECONOMY ACT,,,,,,,,,,N,NO,X,NOT APPLICABLE EXEMPT FROM CAS,N,N,,,D,NOT CONSOLIDATED,N,NO - SERVICE WHERE PBA IS NOT USED.,N,NO,Z,NOT APPLICABLE,N,NO,X,NOT APPLICABLE,f,f,f,f,f,f,f,f,f,f,f,f,f,f,f,f,f,f,f,OTHER THAN SMALL BUSINESS,O,f,f,f,f,f,f,f,f,f,f,f,f,f,f,f,f,f,CORPORATE NOT TAX EXEMPT,t,f,f,f,f,f,f,f,f,f,f,f,f,f,f,f,f,t,f,f,f,f,f,f,f,f,f,t,t,f,f,f,f,f,f,f,f,f,f,f,f,f,f,f,f,f,f,f,f,f,,,,,,,,,,,https://www.usaspending.gov/award/CONT_AWD_47PE0321C0002_4740_-NONE-_-NONE-/,2026-01-14
CONT_AWD_47PF0021C0017_4740_-NONE-_-NONE-,47PF0021C0017,,,,Q: Not Designated Nonemergency/Emergency/Disaster/Wildfire Suppression,,,,,119136914.00,95158447.97,119136914.00,119136914.00,2021-02-04,2021,2026-02-05,2026,2021-02-04,2026-06-01,2026-08-03 00:00:00,,2020-09-22,047,General Services Administration,4740,Public Buildings Service,47PE03,PBS R4 AMD CAPITAL/AE BRANCH,047,General Services Administration,4740,Public Buildings Service,47PE03,PBS R4 AMD CAPITAL/AE BRANCH,047-X-4542-001,047-4542,25.4: Operation and maintenance of facilities;31.0: Equipment;32.0: Land and structures,0802: REPAIRS AND ALTERATIONS;0811: BUILDING OPERATIONS;0820: SPECIAL SERVICES AND IMPROVEMENTS,X,NOT APPLICABLE,,,TWVGJRMK6Z78,,BRASFIELD & GORRIE LLC,"BRASFIELD & GORRIE, L.L.C.",,0L5R0,TWVGJRMK6Z78,,BRASFIELD & GORRIE LLC,BRASFIELD & GORRIE LLC,USA,UNITED STATES,3021 7TH AVE S,,BIRMINGHAM,01073,JEFFERSON,01,AL,ALABAMA,352332939,AL-07,AL-07,2053284000,2057141959,USA,UNITED STATES,SAVANNAH,13051,CHATHAM,13,GA,GEORGIA,314013749,GA-01,GA-01,AWARD,D,DEFINITIVE CONTRACT,,,,,,,L,FIXED PRICE INCENTIVE,"AWARD # 47PF0021C0017. CONSTRUCTION MANAGER AS CONSTRUCTOR (CMC) FOR THE ALTERATION OF THE TOMOCHICHI FEDERAL BUILDING AND U.S. COURTHOUSE, 125 BULL STREET, SAVANNAH, GEORGIA, 31401.",47PF0020R0071,1,OT,OTHER FUNCTIONS,Z2AA,REPAIR OR ALTERATION OF OFFICE BUILDINGS,H,NOT BUNDLED,,,236220,COMMERCIAL AND INSTITUTIONAL BUILDING CONSTRUCTION,B,FAR 52.223-4 AND FAR 52.223-9 INCLUDED,A,U.S. OWNED BUSINESS,,,,,A,MEETS REQUIREMENTS,USA,UNITED STATES,C,NOT A MANUFACTURED END PRODUCT,F,INDIVIDUAL SUBCONTRACT PLAN,A,FULL AND OPEN COMPETITION,NP,NEGOTIATED PROPOSAL/QUOTE,NONE,NO SET ASIDE USED.,NONE,NO PREFERENCE USED,,,,,,,4,D,COMMERCIAL PRODUCTS/SERVICES PROCEDURES NOT USED,f,N,NO,N,NO,Y,YES,N,NO,0.00,N,NO,N,NO,N,NO,Y,YES,X,NOT APPLICABLE,,,,,,,,,,N,NO,Y,YES - CAS CLAUSE INCLUDED,N,N,,,D,NOT CONSOLIDATED,N,NO - SERVICE WHERE PBA IS NOT USED.,N,NO,Z,NOT APPLICABLE,N,NO,X,NOT APPLICABLE,f,f,f,f,f,f,f,f,f,f,f,f,f,f,f,f,f,f,f,OTHER THAN SMALL BUSINESS,O,f,f,f,f,f,f,f,f,f,f,f,f,f,f,f,f,f,OTHER,f,f,f,f,f,f,f,f,f,f,f,f,f,f,f,f,f,t,f,f,f,f,f,f,f,f,t,f,t,f,f,f,f,f,f,f,f,f,f,f,f,f,f,f,f,f,f,f,f,f,,,,,,,,,,,https://www.usaspending.gov/award/CONT_AWD_47PF0021C0017_4740_-NONE-_-NONE-/,2026-02-05
CONT_AWD_47PN0424F0003_4740_47PN0424A0002_4740,47PN0424F0003,4740,PUBLIC BUILDINGS SERVICE,47PN0424A0002,Q: Not Designated Nonemergency/Emergency/Disaster/Wildfire Suppression,,,,,33441668.95,0.00,33441668.95,187477422.65,2024-07-18,2024,2025-08-31,2025,2024-09-01,2026-08-31,2035-02-28 00:00:00,,2023-11-22,047,General Services Administration,4740,Public Buildings Service,47PN04,PBS ACQ CENTER FACILITY MGMT SERVICES - R4,047,General Services Administration,4740,Public Buildings Service,47PE06,PBS R4 AMD BLUE RIDGE EAST BRANCH,047-X-4542-001,047-4542,25.4: Operation and maintenance of facilities,0811: BUILDING OPERATIONS,X,NOT APPLICABLE,,,RJ7MF1XTJN88,,"JONES LANG LASALLE AMERICAS, INC.","JONES LANG LASALLE AMERICAS, INC.",,7EM20,PBG7UK4DCJP4,,"JONES LANG LASALLE AMERICAS, INC.",JONES LANG LASALLE AMERICAS  INC.,USA,UNITED STATES,200 E RANDOLPH ST,"FL 46, STE 4600",CHICAGO,17031,COOK,17,IL,ILLINOIS,606016522,IL-07,IL-07,5186696648,,USA,UNITED STATES,ATLANTA,13121,FULTON,13,GA,GEORGIA,303033490,GA-05,GA-05,AWARD,A,BPA CALL,,,,,,,J,FIRM FIXED PRICE,"PROJECT AND LOCATION: COMPLETE FACILITIES MAINTENANCE SERVICES, VARIOUS LOCATIONS THROUGHOUT THE STATE OF GEORGIA, ATLANTA NORTH. AWARD OF BASE PERIOD OF PERFORMANCE 9/1/2024 - 8/31/2025.",,1,OT,OTHER FUNCTIONS,S216,HOUSEKEEPING- FACILITIES OPERATIONS SUPPORT,H,NOT BUNDLED,,,561210,FACILITIES SUPPORT SERVICES,B,FAR 52.223-4 AND FAR 52.223-9 INCLUDED,A,U.S. OWNED BUSINESS,,,,,A,MEETS REQUIREMENTS,USA,UNITED STATES,C,NOT A MANUFACTURED END PRODUCT,,,A,FULL AND OPEN COMPETITION,MAFO,SUBJECT TO MULTIPLE AWARD FAIR OPPORTUNITY,,,NONE,NO PREFERENCE USED,,,FAIR,FAIR OPPORTUNITY GIVEN,,,,A,COMMERCIAL PRODUCTS/SERVICES,f,N,NO,N,NO,,,N,NO,,N,NO,X,NOT APPLICABLE,Y,YES,X,NOT APPLICABLE,X,NOT APPLICABLE,,,E,BPA,S,SINGLE AWARD,,,,,,X,NOT APPLICABLE EXEMPT FROM CAS,Y,Y,,,D,NOT CONSOLIDATED,Y,YES - SERVICE WHERE PBA IS USED.,,,,,N,NO,X,NOT APPLICABLE,f,f,f,f,f,f,f,f,f,f,f,f,f,f,f,f,f,f,f,OTHER THAN SMALL BUSINESS,O,f,f,f,f,f,f,f,f,f,f,f,f,f,f,f,f,f,CORPORATE NOT TAX EXEMPT,t,f,f,f,f,f,f,f,f,f,f,f,f,f,f,f,f,t,f,f,f,f,f,f,f,f,f,f,t,f,f,f,f,f,f,f,f,f,f,f,f,f,f,f,f,f,f,f,f,f,,,,,,,,,,,https://www.usaspending.gov/award/CONT_AWD_47PN0424F0003_4740_47PN0424A0002_4740/,2025-08-31
CONT_AWD_47QFCA19C0006_4732_-NONE-_-NONE-,47QFCA19C0006,,,,Q: Not Designated Nonemergency/Emergency/Disaster/Wildfire Suppression,,,,,21911824.38,8572280.40,24306136.08,29848873.08,2019-01-31,2019,2025-03-07,2025,2019-01-31,2024-01-31,2024-01-31 00:00:00,,,047,General Services Administration,4732,Federal Acquisition Service,47QFCA,GSA FAS AAS FEDSIM,075,Department of Health and Human Services,7505,Office of Assistant Secretary for Preparedness and Response,75A503,ASPR/ORM-SNS,047-X-4534-001,047-4534,25.1: Advisory and assistance services,0850: ASSISTED ACQUISITION SERVICES (AAS) - FLOW-THRU,X,NOT APPLICABLE,,,WFQJM5RJ8JX8,,"INTEGRATED QUALITY SOLUTIONS, LLC","INTEGRATED QUALITY SOLUTIONS, LLC",,6XQL5,WFQJM5RJ8JX8,,"INTEGRATED QUALITY SOLUTIONS, LLC",INTEGRATED QUALITY SOLUTIONS  LLC,USA,UNITED STATES,1105 BLAKE RD,,CORDOVA,47157,SHELBY,47,TN,TENNESSEE,380186511,TN-09,TN-09,5089582857,9782070140,USA,UNITED STATES,ATLANTA,13089,DEKALB,13,GA,GEORGIA,303330001,GA-05,GA-05,AWARD,D,DEFINITIVE CONTRACT,,,,,,,J,FIRM FIXED PRICE,AWARD,GSCQFOB1332711,1,,,6515,"MEDICAL AND SURGICAL INSTRUMENTS, EQUIPMENT, AND SUPPLIES",H,NOT BUNDLED,,,493110,GENERAL WAREHOUSING AND STORAGE,C,NO CLAUSES INCLUDED AND NO SUSTAINABILITY INCLUDED,A,U.S. OWNED BUSINESS,,,,,E,NOT REQUIRED,USA,UNITED STATES,D,MFG IN U.S.,B,PLAN NOT REQUIRED,A,FULL AND OPEN COMPETITION,NP,NEGOTIATED PROPOSAL/QUOTE,NONE,NO SET ASIDE USED.,NONE,NO PREFERENCE USED,,,,,,,1,A,COMMERCIAL PRODUCTS/SERVICES,f,N,NO,N,NO,Y,YES,N,NO,0.00,N,NO,X,NOT APPLICABLE,N,NO,X,NOT APPLICABLE,B,OTHER STATUTORY AUTHORITY,40 U.S.C. 321 ACQUISITION SERVICES FUND,,,,,,,,,N,NO,X,NOT APPLICABLE EXEMPT FROM CAS,N,N,,,D,NOT CONSOLIDATED,X,NOT APPLICABLE,Y,YES,,,N,NO,X,NOT APPLICABLE,f,f,f,f,f,f,f,f,f,f,f,f,f,f,f,f,f,f,f,SMALL BUSINESS,S,f,f,f,f,f,f,f,f,f,f,f,f,f,f,f,f,f,CORPORATE NOT TAX EXEMPT,t,f,f,f,f,f,f,f,f,f,f,f,f,f,f,f,f,t,f,f,f,f,f,f,f,f,t,f,t,f,f,f,f,f,f,f,f,f,f,f,f,f,f,f,f,f,f,f,f,f,,,,,,,,,,,https://www.usaspending.gov/award/CONT_AWD_47QFCA19C0006_4732_-NONE-_-NONE-/,2025-03-07
CONT_AWD_47QFCA21C0023_4732_-NONE-_-NONE-,47QFCA21C0023,,,,Q: Not Designated Nonemergency/Emergency/Disaster/Wildfire Suppression,,,,,31929740.00,26175475.55,34029740.00,65237743.00,2021-09-10,2021,2025-08-28,2025,2021-09-30,2026-09-29,2031-09-29 00:00:00,,2021-07-15,047,General Services Administration,4732,Federal Acquisition Service,47QFCA,GSA FAS AAS FEDSIM,075,Department of Health and Human Services,7523,Centers for Disease Control and Prevention,75D301,CDC OFFICE OF ACQUISITION SERVICES,047-X-4534-001,047-4534,25.1: Advisory and assistance services,0850: ASSISTED ACQUISITION SERVICES (AAS) - FLOW-THRU,X,NOT APPLICABLE,,,P8KLJ5AA5RP5,,METRO LOGICS INC,"METRO LOGICS, INC.",,460S2,P8KLJ5AA5RP5,,METRO LOGICS INC,METRO LOGICS INC,USA,UNITED STATES,10635 MARINA DR,,OLIVE BRANCH,28033,DESOTO,28,MS,MISSISSIPPI,386543711,MS-01,MS-01,9015819133,6628957141,USA,UNITED STATES,ATLANTA,13089,DEKALB,13,GA,GEORGIA,303330001,GA-05,GA-05,AWARD,D,DEFINITIVE CONTRACT,,,,,,,J,FIRM FIXED PRICE,MANAGED SERVICES SUPPORT FOR GOVERNMENTOWNED PHARMACEUTICAL MEDICAL SUPPLIES AND MEDICAL EQUIPMENT SITE N,47QFCA21R0043,1,OT,OTHER FUNCTIONS,R429,SUPPORT- PROFESSIONAL: EMERGENCY RESPONSE/DISASTER PLANNING/PREPAREDNESS SUPPORT,H,NOT BUNDLED,,,493120,REFRIGERATED WAREHOUSING AND STORAGE,C,NO CLAUSES INCLUDED AND NO SUSTAINABILITY INCLUDED,A,U.S. OWNED BUSINESS,,,,,E,NOT REQUIRED,USA,UNITED STATES,C,NOT A MANUFACTURED END PRODUCT,B,PLAN NOT REQUIRED,A,FULL AND OPEN COMPETITION,NP,NEGOTIATED PROPOSAL/QUOTE,NONE,NO SET ASIDE USED.,NONE,NO PREFERENCE USED,,,,,,,2,A,COMMERCIAL PRODUCTS/SERVICES,f,N,NO,N,NO,Y,YES,N,NO,0.00,N,NO,N,NO,Y,YES,X,NOT APPLICABLE,B,OTHER STATUTORY AUTHORITY,40 U.S.C. 321 ACQUISITION SERVICES FUND,,,,,,,,,N,NO,X,NOT APPLICABLE EXEMPT FROM CAS,N,N,,,D,NOT CONSOLIDATED,N,NO - SERVICE WHERE PBA IS NOT USED.,Y,YES,,,N,NO,X,NOT APPLICABLE,f,f,f,f,f,f,f,f,f,f,f,f,f,f,f,f,f,f,f,OTHER THAN SMALL BUSINESS,O,f,f,f,f,f,f,f,f,f,f,f,f,f,f,f,f,f,CORPORATE NOT TAX EXEMPT,t,f,f,f,f,f,f,f,f,f,f,f,f,f,f,f,f,t,f,f,f,f,f,f,f,f,f,f,t,f,f,f,f,f,f,f,f,f,f,f,f,f,f,f,f,f,f,f,f,f,SAMUEL B POTTS,270955.00,JAMES I BYRD,268752.00,MONTE  MASSONGILL,223108.00,RANDY  LOWMAN,163131.00,KEVIN  YARBROUGH,163378.00,https://www.usaspending.gov/award/CONT_AWD_47QFCA21C0023_4732_-NONE-_-NONE-/,2025-08-28
CONT_AWD_47QFCA22C0006_4732_-NONE-_-NONE-,47QFCA22C0006,,,,Q: Not Designated Nonemergency/Emergency/Disaster/Wildfire Suppression,,,,,79333160.00,56764648.99,99544737.00,149265816.00,2021-12-14,2022,2025-03-19,2025,2021-12-14,2026-12-13,2031-12-13 00:00:00,,2021-10-08,047,General Services Administration,4732,Federal Acquisition Service,47QFCA,GSA FAS AAS FEDSIM,075,Department of Health and Human Services,7523,Centers for Disease Control and Prevention,75D301,CDC OFFICE OF ACQUISITION SERVICES,047-X-4534-001,047-4534,25.1: Advisory and assistance services,0850: ASSISTED ACQUISITION SERVICES (AAS) - FLOW-THRU,X,NOT APPLICABLE,,,JM2QVRETXLX1,,LIFE SCIENCE LOGISTICS LLC,"LIFE SCIENCE LOGISTICS, LLC",,4FFQ5,KNH2HSECQNM5,,"LIFE SCIENCE LOGISTICS, LLC",LIFE SCIENCE LOGISTICS  LLC,USA,UNITED STATES,2600 REGENT BLVD,,DFW AIRPORT,48113,DALLAS,48,TX,TEXAS,75261,,TX-24,4698443713,,USA,UNITED STATES,ATLANTA,13089,DEKALB,13,GA,GEORGIA,303330001,GA-05,GA-05,AWARD,D,DEFINITIVE CONTRACT,,,,,,,J,FIRM FIXED PRICE,MANAGED SERVICES SUPPORT FOR GOVERNMENTOWNED PHARMACEUTICAL MEDICAL SUPPLIES AND MEDICAL EQUIPMENT SITE L,47QFCA21R0095,1,OT,OTHER FUNCTIONS,R429,SUPPORT- PROFESSIONAL: EMERGENCY RESPONSE/DISASTER PLANNING/PREPAREDNESS SUPPORT,H,NOT BUNDLED,,,493120,REFRIGERATED WAREHOUSING AND STORAGE,C,NO CLAUSES INCLUDED AND NO SUSTAINABILITY INCLUDED,A,U.S. OWNED BUSINESS,,,,,E,NOT REQUIRED,USA,UNITED STATES,C,NOT A MANUFACTURED END PRODUCT,B,PLAN NOT REQUIRED,A,FULL AND OPEN COMPETITION,NP,NEGOTIATED PROPOSAL/QUOTE,NONE,NO SET ASIDE USED.,NONE,NO PREFERENCE USED,,,,,,,2,A,COMMERCIAL PRODUCTS/SERVICES,f,N,NO,N,NO,Y,YES,N,NO,0.00,N,NO,N,NO,Y,YES,X,NOT APPLICABLE,B,OTHER STATUTORY AUTHORITY,40 U.S.C. 321 ACQUISITION SERVICES FUND,,,,,,,,,N,NO,X,NOT APPLICABLE EXEMPT FROM CAS,N,N,,,D,NOT CONSOLIDATED,N,NO - SERVICE WHERE PBA IS NOT USED.,Y,YES,,,N,NO,X,NOT APPLICABLE,f,f,f,f,f,f,f,f,f,f,f,f,f,f,f,f,f,f,f,OTHER THAN SMALL BUSINESS,O,f,f,f,f,f,f,f,f,f,f,f,f,f,f,f,f,f,PARTNERSHIP,f,f,t,f,f,f,f,f,f,f,f,f,f,f,f,f,f,t,f,f,f,f,f,f,f,f,t,f,t,f,f,f,f,f,f,f,f,f,f,f,f,f,f,f,f,f,f,f,f,f,,,,,,,,,,,https://www.usaspending.gov/award/CONT_AWD_47QFCA22C0006_4732_-NONE-_-NONE-/,2025-03-20
CONT_AWD_47QFCA22C0007_4732_-NONE-_-NONE-,47QFCA22C0007,,,,Q: Not Designated Nonemergency/Emergency/Disaster/Wildfire Suppression,,,,,21521267.47,21521267.47,21521267.47,21521267.47,2022-03-24,2022,2025-12-30,2026,2022-05-01,2025-04-30,2027-04-30 00:00:00,,2022-01-24,047,General Services Administration,4732,Federal Acquisition Service,47QFCA,GSA FAS AAS FEDSIM,075,Department of Health and Human Services,7505,Office of Assistant Secretary for Preparedness and Response,75A503,ASPR/ORM-SNS,047-X-4534-001,047-4534,25.1: Advisory and assistance services,0850: ASSISTED ACQUISITION SERVICES (AAS) - FLOW-THRU,X,NOT APPLICABLE,,,JM2QVRETXLX1,,LIFE SCIENCE LOGISTICS LLC,"LIFE SCIENCE LOGISTICS, LLC",,4FFQ5,KNH2HSECQNM5,,"LIFE SCIENCE LOGISTICS, LLC",LIFE SCIENCE LOGISTICS  LLC,USA,UNITED STATES,2600 REGENT BLVD,,DFW AIRPORT,48113,DALLAS,48,TX,TEXAS,75261,,TX-24,4698443713,,USA,UNITED STATES,ATLANTA,13089,DEKALB,13,GA,GEORGIA,303330001,GA-05,GA-05,AWARD,D,DEFINITIVE CONTRACT,,,,,,,J,FIRM FIXED PRICE,MANAGED SERVICES FOR PPE SITE W,47QFCA21R0106,1,OT,OTHER FUNCTIONS,R429,SUPPORT- PROFESSIONAL: EMERGENCY RESPONSE/DISASTER PLANNING/PREPAREDNESS SUPPORT,H,NOT BUNDLED,,,493110,GENERAL WAREHOUSING AND STORAGE,C,NO CLAUSES INCLUDED AND NO SUSTAINABILITY INCLUDED,A,U.S. OWNED BUSINESS,,,,,E,NOT REQUIRED,USA,UNITED STATES,C,NOT A MANUFACTURED END PRODUCT,B,PLAN NOT REQUIRED,C,NOT COMPETED,SSS,ONLY ONE SOURCE,NONE,NO SET ASIDE USED.,NONE,NO PREFERENCE USED,,,,,URG,URGENCY (FAR 6.302-2),1,A,COMMERCIAL PRODUCTS/SERVICES,f,N,NO,N,NO,Y,YES,N,NO,0.00,N,NO,N,NO,Y,YES,X,NOT APPLICABLE,B,OTHER STATUTORY AUTHORITY,40 U.S.C. 321 ACQUISITION SERVICES FUND,,,,,,,,,N,NO,X,NOT APPLICABLE EXEMPT FROM CAS,N,N,,,D,NOT CONSOLIDATED,N,NO - SERVICE WHERE PBA IS NOT USED.,N,NO,,,N,NO,X,NOT APPLICABLE,f,f,f,f,f,f,f,f,f,f,f,f,f,f,f,f,f,f,f,OTHER THAN SMALL BUSINESS,O,f,f,f,f,f,f,f,f,f,f,f,f,f,f,f,f,f,PARTNERSHIP,f,f,t,f,f,f,f,f,f,f,f,f,f,f,f,f,f,t,f,f,f,f,f,f,f,f,t,f,t,f,f,f,f,f,f,f,f,f,f,f,f,f,f,f,f,f,f,f,f,f,,,,,,,,,,,https://www.usaspending.gov/award/CONT_AWD_47QFCA22C0007_4732_-NONE-_-NONE-/,2026-01-06
CONT_AWD_47QFCA23C0001_4732_-NONE-_-NONE-,47QFCA23C0001,,,,Q: Not Designated Nonemergency/Emergency/Disaster/Wildfire Suppression,,,,,75495934.00,55245961.83,96730806.00,172127958.00,2022-10-04,2023,2025-10-29,2026,2022-11-01,2027-10-31,2032-10-31 00:00:00,,2022-06-01,047,General Services Administration,4732,Federal Acquisition Service,47QFCA,GSA FAS AAS FEDSIM,075,Department of Health and Human Services,7505,Office of Assistant Secretary for Preparedness and Response,75A503,ASPR/ORM-SNS,047-X-4534-001,047-4534,25.1: Advisory and assistance services,0850: ASSISTED ACQUISITION SERVICES (AAS) - FLOW-THRU,X,NOT APPLICABLE,,,JM2QVRETXLX1,,LIFE SCIENCE LOGISTICS LLC,LIFE SCIENCE LOGISTICS LLC,LIFESCIENCE LOGISTICS,4FFQ5,KNH2HSECQNM5,,"LIFE SCIENCE LOGISTICS, LLC",LIFE SCIENCE LOGISTICS  LLC,USA,UNITED STATES,3100 OLYMPUS BLVD,STE 100,COPPELL,48113,DALLAS,48,TX,TEXAS,75019,,TX-24,4698443713,,USA,UNITED STATES,ATLANTA,13121,FULTON,13,GA,GEORGIA,303491022,GA-06,GA-06,AWARD,D,DEFINITIVE CONTRACT,,,,,,,J,FIRM FIXED PRICE,"MANAGED SERVICES SUPPORT FOR GOVERNMENT-OWNED PHARMACEUTICALS, MEDICAL SUPPLIES, AND MEDICAL EQUIPMENT (SITE E)",47QFCA22R0027,1,OT,OTHER FUNCTIONS,R429,SUPPORT- PROFESSIONAL: EMERGENCY RESPONSE/DISASTER PLANNING/PREPAREDNESS SUPPORT,H,NOT BUNDLED,,,493120,REFRIGERATED WAREHOUSING AND STORAGE,C,NO CLAUSES INCLUDED AND NO SUSTAINABILITY INCLUDED,A,U.S. OWNED BUSINESS,,,,,E,NOT REQUIRED,USA,UNITED STATES,C,NOT A MANUFACTURED END PRODUCT,G,COMMERCIAL SUBCONTRACT PLAN,A,FULL AND OPEN COMPETITION,NP,NEGOTIATED PROPOSAL/QUOTE,NONE,NO SET ASIDE USED.,NONE,NO PREFERENCE USED,,,,,,,2,A,COMMERCIAL PRODUCTS/SERVICES,f,N,NO,N,NO,Y,YES,N,NO,0.00,N,NO,X,NOT APPLICABLE,Y,YES,X,NOT APPLICABLE,B,OTHER STATUTORY AUTHORITY,40 U.S.C. 321 ACQUISITION SERVICES FUND,,,,,,,,,N,NO,X,NOT APPLICABLE EXEMPT FROM CAS,N,N,,,D,NOT CONSOLIDATED,N,NO - SERVICE WHERE PBA IS NOT USED.,Y,YES,,,N,NO,X,NOT APPLICABLE,f,f,f,f,f,f,f,f,f,f,f,f,f,f,f,f,f,f,f,OTHER THAN SMALL BUSINESS,O,f,f,f,f,f,f,f,f,f,f,f,f,f,f,f,f,f,PARTNERSHIP,f,f,t,f,f,f,f,f,f,f,f,f,f,f,f,f,f,t,f,f,f,f,f,f,f,f,t,f,t,f,f,f,f,f,f,f,f,f,f,f,f,f,f,f,f,f,f,f,f,f,,,,,,,,,,,https://www.usaspending.gov/award/CONT_AWD_47QFCA23C0001_4732_-NONE-_-NONE-/,2025-10-30
CONT_AWD_47QFCA23C0002_4732_-NONE-_-NONE-,47QFCA23C0002,,,,Q: Not Designated Nonemergency/Emergency/Disaster/Wildfire Suppression,,,,,72099486.00,51587858.80,138057722.00,246019688.00,2022-12-22,2023,2025-07-18,2025,2023-10-30,2028-10-29,2033-10-29 00:00:00,,2022-10-28,047,General Services Administration,4732,Federal Acquisition Service,47QFCA,GSA FAS AAS FEDSIM,075,Department of Health and Human Services,7523,Centers for Disease Control and Prevention,75D301,CDC OFFICE OF ACQUISITION SERVICES,047-X-4534-001,047-4534,25.1: Advisory and assistance services,0850: ASSISTED ACQUISITION SERVICES (AAS) - FLOW-THRU,X,NOT APPLICABLE,,,WFQJM5RJ8JX8,,"INTEGRATED QUALITY SOLUTIONS, LLC",INTEGRATED QUALITY SOLUTIONS LLC,,6XQL5,WFQJM5RJ8JX8,,"INTEGRATED QUALITY SOLUTIONS, LLC",INTEGRATED QUALITY SOLUTIONS  LLC,USA,UNITED STATES,585 S GREER ST,APT 600,MEMPHIS,47157,SHELBY,47,TN,TENNESSEE,381113207,TN-09,TN-09,5089582857,9782070140,USA,UNITED STATES,ATLANTA,13089,DEKALB,13,GA,GEORGIA,303412466,GA-04,GA-04,AWARD,D,DEFINITIVE CONTRACT,,,,,,,J,FIRM FIXED PRICE,MANAGED SERVICES SUPPORT FOR GOVERNMENT OWNED PHARMACEUTICAL MEDICAL   SUPPLIES AND MEDICAL EQUIPMENT SITE F,47QFCA22R0067,1,OT,OTHER FUNCTIONS,R429,SUPPORT- PROFESSIONAL: EMERGENCY RESPONSE/DISASTER PLANNING/PREPAREDNESS SUPPORT,H,NOT BUNDLED,,,493120,REFRIGERATED WAREHOUSING AND STORAGE,C,NO CLAUSES INCLUDED AND NO SUSTAINABILITY INCLUDED,A,U.S. OWNED BUSINESS,,,,,E,NOT REQUIRED,USA,UNITED STATES,C,NOT A MANUFACTURED END PRODUCT,B,PLAN NOT REQUIRED,A,FULL AND OPEN COMPETITION,NP,NEGOTIATED PROPOSAL/QUOTE,NONE,NO SET ASIDE USED.,NONE,NO PREFERENCE USED,,,,,,,2,A,COMMERCIAL PRODUCTS/SERVICES,f,N,NO,,,Y,YES,N,NO,0.00,N,NO,N,NO,Y,YES,X,NOT APPLICABLE,B,OTHER STATUTORY AUTHORITY,40 U.S.C. 321 ACQUISITION SERVICES FUND,,,,,,,,,N,NO,X,NOT APPLICABLE EXEMPT FROM CAS,N,N,,,D,NOT CONSOLIDATED,N,NO - SERVICE WHERE PBA IS NOT USED.,Y,YES,,,N,NO,X,NOT APPLICABLE,f,f,f,f,f,f,f,f,f,f,f,f,f,f,f,f,f,f,f,OTHER THAN SMALL BUSINESS,O,f,f,f,f,f,f,f,f,f,f,f,f,f,f,f,f,f,CORPORATE NOT TAX EXEMPT,t,f,f,f,f,f,f,f,f,f,f,f,f,f,f,f,f,t,f,f,f,f,f,f,f,f,t,f,t,f,f,f,f,f,f,f,f,f,f,f,f,f,f,f,f,t,f,f,f,f,,,,,,,,,,,https://www.usaspending.gov/award/CONT_AWD_47QFCA23C0002_4732_-NONE-_-NONE-/,2025-07-18
CONT_AWD_47QFCA23F0058_4732_47QTCK18D0004_4732,47QFCA23F0058,4732,FEDERAL ACQUISITION SERVICE,47QTCK18D0004,Q: Not Designated Nonemergency/Emergency/Disaster/Wildfire Suppression,,,,,399628341.34,0.00,516079474.30,1517729638.30,2023-09-27,2023,2025-12-18,2026,2023-10-23,2026-04-22,2032-10-22 00:00:00,,2023-05-16,047,General Services Administration,4732,Federal Acquisition Service,47QFCA,GSA FAS AAS FEDSIM,075,Department of Health and Human Services,7523,Centers for Disease Control and Prevention,75D301,CDC OFFICE OF ACQUISITION SERVICES,047-X-4534-001,047-4534,25.1: Advisory and assistance services,0850: ASSISTED ACQUISITION SERVICES (AAS) - FLOW-THRU,X,NOT APPLICABLE,,,JCBMLGPE6Z71,,BOOZ ALLEN HAMILTON INC,BOOZ ALLEN HAMILTON INC.,,17038,MBPHTU7Y9S65,,BOOZ ALLEN HAMILTON HOLDING CORPORATION,BOOZ ALLEN HAMILTON INC,USA,UNITED STATES,8283 GREENSBORO DR,,MCLEAN,51059,FAIRFAX,51,VA,VIRGINIA,221023830,VA-11,VA-11,7033770195,7039023200,USA,UNITED STATES,ATLANTA,13089,DEKALB,13,GA,GEORGIA,303330001,GA-05,GA-05,AWARD,C,DELIVERY ORDER,,,,,,,R,COST PLUS AWARD FEE,AWARD OF TASK ORDER 47QFCA23F0058 FOR DATA MODERNIZATION ACCELERATOR FOR CDC (DMAC).,47QFCA23R0028,1,OT,OTHER FUNCTIONS,DF01,IT AND TELECOM - IT MANAGEMENT SUPPORT SERVICES (LABOR),H,NOT BUNDLED,,,541512,COMPUTER SYSTEMS DESIGN SERVICES,C,NO CLAUSES INCLUDED AND NO SUSTAINABILITY INCLUDED,A,U.S. OWNED BUSINESS,,,,,E,NOT REQUIRED,USA,UNITED STATES,C,NOT A MANUFACTURED END PRODUCT,F,INDIVIDUAL SUBCONTRACT PLAN,A,FULL AND OPEN COMPETITION,MAFO,SUBJECT TO MULTIPLE AWARD FAIR OPPORTUNITY,,,NONE,NO PREFERENCE USED,,,FAIR,FAIR OPPORTUNITY GIVEN,,,4,D,COMMERCIAL PRODUCTS/SERVICES PROCEDURES NOT USED,f,N,NO,N,NO,Y,YES,N,NO,,Y,YES,X,NOT APPLICABLE,X,NOT APPLICABLE,X,NOT APPLICABLE,B,OTHER STATUTORY AUTHORITY,40 U.S.C. 321 ACQUISITION SERVICES FUND,,A,GWAC,M,MULTIPLE AWARD,,,,,,Y,YES - CAS CLAUSE INCLUDED,N,N,,,D,NOT CONSOLIDATED,Y,YES - SERVICE WHERE PBA IS USED.,,,,,N,NO,X,NOT APPLICABLE,f,f,f,f,f,f,f,f,f,f,f,f,f,f,f,f,f,f,f,OTHER THAN SMALL BUSINESS,O,f,f,f,f,f,f,f,f,f,f,f,f,f,f,f,f,f,CORPORATE NOT TAX EXEMPT,t,f,f,f,f,f,f,f,f,f,f,f,f,f,f,f,f,t,f,f,f,f,f,f,f,f,f,f,t,f,f,f,f,f,f,f,f,f,f,f,f,f,f,f,f,f,f,f,f,f,,,,,,,,,,,https://www.usaspending.gov/award/CONT_AWD_47QFCA23F0058_4732_47QTCK18D0004_4732/,2025-12-18
CONT_AWD_47QFCA24F0006_4732_GS00Q14OADU117_4732,47QFCA24F0006,4732,FEDERAL ACQUISITION SERVICE,GS00Q14OADU117,Q: Not Designated Nonemergency/Emergency/Disaster/Wildfire Suppression,,,,,326085592.67,0.00,527293055.00,913549338.00,2023-12-09,2024,2026-01-12,2026,2024-01-05,2027-01-04,2029-01-04 00:00:00,,2023-06-27,047,General Services Administration,4732,Federal Acquisition Service,47QFCA,GSA FAS AAS FEDSIM,097,Department of Defense,2100,Department of the Army,W91K8Y,W6UX US ARMY CYBER COMMAND,047-X-4534-001,047-4534,25.1: Advisory and assistance services,0850: ASSISTED ACQUISITION SERVICES (AAS) - FLOW-THRU,X,NOT APPLICABLE,,,ZBPQEJVECCT4,,PERATON INC.,PERATON INC.,,0HD54,ZBPQEJVECCT4,,PERATON INC.,PERATON INC.,USA,UNITED STATES,12975 WORLDGATE DR,SUITE 7322,HERNDON,51059,FAIRFAX,51,VA,VIRGINIA,201706008,VA-11,VA-11,7036686447,,USA,UNITED STATES,FORT GORDON,13245,RICHMOND,13,GA,GEORGIA,309055730,GA-12,GA-12,AWARD,C,DELIVERY ORDER,,,,,,,R,COST PLUS AWARD FEE,INFORMATION ADVANTAGE ENTERPRISE IAE,47QFCA23R0043,1,OT,OTHER FUNCTIONS,R499,SUPPORT- PROFESSIONAL: OTHER,H,NOT BUNDLED,,,541330,ENGINEERING SERVICES,C,NO CLAUSES INCLUDED AND NO SUSTAINABILITY INCLUDED,A,U.S. OWNED BUSINESS,,,Z,NOT IT PRODUCTS OR SERVICES,E,NOT REQUIRED,USA,UNITED STATES,C,NOT A MANUFACTURED END PRODUCT,C,PLAN REQUIRED - INCENTIVE NOT INCLUDED,A,FULL AND OPEN COMPETITION,MAFO,SUBJECT TO MULTIPLE AWARD FAIR OPPORTUNITY,,,NONE,NO PREFERENCE USED,,,FAIR,FAIR OPPORTUNITY GIVEN,,,3,D,COMMERCIAL PRODUCTS/SERVICES PROCEDURES NOT USED,f,N,NO,N,NO,Y,YES,N,NO,,N,NO,X,NOT APPLICABLE,N,NO,X,NOT APPLICABLE,B,OTHER STATUTORY AUTHORITY,40 U.S.C. 321 ACQUISITION SERVICES FUND,,B,IDC,M,MULTIPLE AWARD,,,,N,NO,X,NOT APPLICABLE EXEMPT FROM CAS,Y,Y,,,D,NOT CONSOLIDATED,Y,YES - SERVICE WHERE PBA IS USED.,N,NO,,,N,NO,X,NOT APPLICABLE,f,f,f,f,f,f,f,f,f,f,f,f,f,f,f,f,f,f,f,OTHER THAN SMALL BUSINESS,O,f,f,f,f,f,f,f,f,f,f,f,f,f,f,f,f,f,CORPORATE NOT TAX EXEMPT,t,f,f,f,f,f,f,f,f,f,f,f,f,f,f,f,f,t,f,f,f,f,f,f,f,f,f,f,t,f,f,f,f,f,f,f,f,f,f,f,f,f,f,f,f,f,f,f,f,f,STEVEN  SCHORER,5866762.00,KIM  SHEA,3878584.00,KENNETH  SHARP,1859005.00,REBECCA  MCHALE,1194952.00,JAMES  WINNER,1032804.00,https://www.usaspending.gov/award/CONT_AWD_47QFCA24F0006_4732_GS00Q14OADU117_4732/,2026-01-13
CONT_AWD_47QFCA24F0011_4732_GS00Q14OADU309_4732,47QFCA24F0011,4732,FEDERAL ACQUISITION SERVICE,GS00Q14OADU309,Q: Not Designated Nonemergency/Emergency/Disaster/Wildfire Suppression,,,,,220033855.00,0.00,255244237.00,637506938.00,2024-03-05,2024,2025-12-29,2026,2024-04-02,2026-04-01,2029-04-01 00:00:00,,2023-09-22,047,General Services Administration,4732,Federal Acquisition Service,47QFCA,GSA FAS AAS FEDSIM,097,Department of Defense,5700,Department of the Air Force,F3QCAZ,F3QCAZ AFLCMC HBGF,047-X-4534-001,047-4534,25.1: Advisory and assistance services,0850: ASSISTED ACQUISITION SERVICES (AAS) - FLOW-THRU,X,NOT APPLICABLE,,,N3PBJAVNKF61,,"CACI, INC. - FEDERAL","CACI, INC. - FEDERAL",,1QU78,QSRTXLFKV857,,CACI INTERNATIONAL INC,CACI  INC. - FEDERAL,USA,UNITED STATES,14370 NEWBROOK DRIVE,,CHANTILLY,51059,FAIRFAX,51,VA,VIRGINIA,201514206,VA-11,VA-11,7036794137,,USA,UNITED STATES,WARNER ROBINS,13153,HOUSTON,13,GA,GEORGIA,310981670,GA-02,GA-02,AWARD,C,DELIVERY ORDER,,,,,,,R,COST PLUS AWARD FEE,DISTRIBUTED COMMON GROUND SYSTEM DCGS ENTERPRISE PRODUCT SUPPORT EPS  TO 1,47QFCA24Q0002,1,OT,OTHER FUNCTIONS,R425,SUPPORT- PROFESSIONAL: ENGINEERING/TECHNICAL,H,NOT BUNDLED,,,541330,ENGINEERING SERVICES,C,NO CLAUSES INCLUDED AND NO SUSTAINABILITY INCLUDED,A,U.S. OWNED BUSINESS,,,Z,NOT IT PRODUCTS OR SERVICES,E,NOT REQUIRED,USA,UNITED STATES,C,NOT A MANUFACTURED END PRODUCT,C,PLAN REQUIRED - INCENTIVE NOT INCLUDED,A,FULL AND OPEN COMPETITION,MAFO,SUBJECT TO MULTIPLE AWARD FAIR OPPORTUNITY,,,NONE,NO PREFERENCE USED,,,FAIR,FAIR OPPORTUNITY GIVEN,,,3,D,COMMERCIAL PRODUCTS/SERVICES PROCEDURES NOT USED,f,N,NO,N,NO,Y,YES,N,NO,,N,NO,X,NOT APPLICABLE,N,NO,X,NOT APPLICABLE,B,OTHER STATUTORY AUTHORITY,40 U.S.C. 321 ACQUISITION SERVICES FUND,,B,IDC,M,MULTIPLE AWARD,,,,N,NO,X,NOT APPLICABLE EXEMPT FROM CAS,N,N,,,D,NOT CONSOLIDATED,Y,YES - SERVICE WHERE PBA IS USED.,N,NO,,,N,NO,X,NOT APPLICABLE,f,f,f,f,f,f,f,f,f,f,f,f,f,f,f,f,f,f,f,OTHER THAN SMALL BUSINESS,O,f,f,f,f,f,f,f,f,f,f,f,f,f,f,f,f,f,CORPORATE NOT TAX EXEMPT,t,f,f,f,f,f,f,f,f,f,f,f,f,f,f,f,f,t,f,f,f,f,f,f,f,f,f,f,t,f,f,f,f,f,f,f,f,f,f,f,f,f,f,f,f,f,f,f,f,f,,,,,,,,,,,https://www.usaspending.gov/award/CONT_AWD_47QFCA24F0011_4732_GS00Q14OADU309_4732/,2025-12-31
CONT_AWD_47QFMA23F0017_4732_47QRAD20D1103_4732,47QFMA23F0017,4732,FEDERAL ACQUISITION SERVICE,47QRAD20D1103,Q: Not Designated Nonemergency/Emergency/Disaster/Wildfire Suppression,,,,,48568243.63,0.00,59364825.34,88430072.32,2023-08-01,2023,2025-10-01,2026,2023-08-03,2026-08-02,2027-08-02 00:00:00,,2023-06-21,047,General Services Administration,4732,Federal Acquisition Service,47QFMA,GSA FAS AAS REGION 3,097,Department of Defense,5700,Department of the Air Force,F1ATNW,JFCC NW,047-X-4534-001,047-4534,25.1: Advisory and assistance services,0850: ASSISTED ACQUISITION SERVICES (AAS) - FLOW-THRU,X,NOT APPLICABLE,,,XD9AZLCVM826,,"CYBER ENGINEERING AND TECHNICAL ALLIANCE, LLC","CYBER ENGINEERING AND TECHNICAL ALLIANCE, LLC",,7YKF9,XD9AZLCVM826,,"CYBER ENGINEERING AND TECHNICAL ALLIANCE, LLC",CYBER ENGINEERING AND TECHNICAL ALLIANCE  LLC,USA,UNITED STATES,8115 MAPLE LAWN BLVD,STE 110,FULTON,24027,HOWARD,24,MD,MARYLAND,207592681,MD-03,MD-03,2402492548,,USA,UNITED STATES,FORT GORDON,13245,RICHMOND,13,GA,GEORGIA,309056000,GA-12,GA-12,AWARD,C,DELIVERY ORDER,,,,,,,U,COST PLUS FIXED FEE,COMMAND ADVISORY AND ASSISTANCE SERVICES CAAS,47QFMA23R0006,1,OT,OTHER FUNCTIONS,R499,SUPPORT- PROFESSIONAL: OTHER,H,NOT BUNDLED,,,541990,"ALL OTHER PROFESSIONAL, SCIENTIFIC, AND TECHNICAL SERVICES",C,NO CLAUSES INCLUDED AND NO SUSTAINABILITY INCLUDED,A,U.S. OWNED BUSINESS,,,Z,NOT IT PRODUCTS OR SERVICES,E,NOT REQUIRED,USA,UNITED STATES,C,NOT A MANUFACTURED END PRODUCT,B,PLAN NOT REQUIRED,D,FULL AND OPEN COMPETITION AFTER EXCLUSION OF SOURCES,MAFO,SUBJECT TO MULTIPLE AWARD FAIR OPPORTUNITY,,,NONE,NO PREFERENCE USED,,,FAIR,FAIR OPPORTUNITY GIVEN,,,1,D,COMMERCIAL PRODUCTS/SERVICES PROCEDURES NOT USED,f,N,NO,N,NO,Y,YES,N,NO,,N,NO,X,NOT APPLICABLE,N,NO,X,NOT APPLICABLE,B,OTHER STATUTORY AUTHORITY,40 U.S.C. 321 ACQUISITION SERVICES FUND,,B,IDC,M,MULTIPLE AWARD,,,,N,NO,X,NOT APPLICABLE EXEMPT FROM CAS,N,N,,,D,NOT CONSOLIDATED,Y,YES - SERVICE WHERE PBA IS USED.,N,NO,,,N,NO,X,NOT APPLICABLE,f,f,f,f,f,t,t,f,f,f,f,f,f,f,f,t,f,f,f,SMALL BUSINESS,S,f,f,f,f,f,f,f,f,f,f,f,f,f,f,f,f,f,CORPORATE NOT TAX EXEMPT,t,f,f,f,f,f,f,f,f,f,f,f,f,f,f,f,f,t,f,f,f,f,f,f,f,f,t,f,t,f,f,f,f,f,f,f,f,f,f,f,f,f,f,f,t,t,f,f,f,f,,,,,,,,,,,https://www.usaspending.gov/award/CONT_AWD_47QFMA23F0017_4732_47QRAD20D1103_4732/,2025-10-02
CONT_AWD_47QFRA21F0002_4732_47QRAA19D00B4_4732,47QFRA21F0002,4732,FEDERAL ACQUISITION SERVICE,47QRAA19D00B4,Q: Not Designated Nonemergency/Emergency/Disaster/Wildfire Suppression,,,,,45243836.15,0.00,45317706.10,45317706.10,2020-10-30,2021,2026-01-15,2026,2020-11-02,2026-05-01,2026-05-01 00:00:00,,2020-09-01,047,General Services Administration,4732,Federal Acquisition Service,47QFRA,GSA FAS AAS REGION 8,097,Department of Defense,5700,Department of the Air Force,F2TS3A,F2TS3A SMC RN,047-X-4534-001,047-4534,25.1: Advisory and assistance services,0850: ASSISTED ACQUISITION SERVICES (AAS) - FLOW-THRU,X,NOT APPLICABLE,,,JRAMK3G3MCN3,,IESE SOLUTIONS,IESE SOLUTIONS,,6MXC5,PMLEM8EEQRJ8,,IESE SOLUTIONS,IESE SOLUTIONS,USA,UNITED STATES,101 CONTINENTAL BLVD STE 880,,EL SEGUNDO,06037,LOS ANGELES,06,CA,CALIFORNIA,902454512,CA-36,CA-36,7202815554,3106402799,USA,UNITED STATES,WARNER ROBINS,13153,HOUSTON,13,GA,GEORGIA,310981670,GA-02,GA-02,AWARD,C,DELIVERY ORDER,,,,,,,J,FIRM FIXED PRICE,SMC ZACM INTEGRATION AND TEST,ID08200036,1,OT,OTHER FUNCTIONS,R499,SUPPORT- PROFESSIONAL: OTHER,H,NOT BUNDLED,,,541330,ENGINEERING SERVICES,C,NO CLAUSES INCLUDED AND NO SUSTAINABILITY INCLUDED,A,U.S. OWNED BUSINESS,,,Z,NOT IT PRODUCTS OR SERVICES,E,NOT REQUIRED,USA,UNITED STATES,C,NOT A MANUFACTURED END PRODUCT,B,PLAN NOT REQUIRED,A,FULL AND OPEN COMPETITION,MAFO,SUBJECT TO MULTIPLE AWARD FAIR OPPORTUNITY,,,NONE,NO PREFERENCE USED,,,FAIR,FAIR OPPORTUNITY GIVEN,,,1,A,COMMERCIAL PRODUCTS/SERVICES,f,N,NO,N,NO,Y,YES,N,NO,,N,NO,X,NOT APPLICABLE,Y,YES,X,NOT APPLICABLE,B,OTHER STATUTORY AUTHORITY,40 U.S.C. 321 ACQUISITION SERVICES FUND,,C,FSS,M,MULTIPLE AWARD,,,,,,,,Y,Y,,,D,NOT CONSOLIDATED,Y,YES - SERVICE WHERE PBA IS USED.,,,,,N,NO,X,NOT APPLICABLE,f,f,f,f,f,f,f,t,t,f,f,f,f,f,t,f,f,f,f,SMALL BUSINESS,S,f,f,f,f,f,f,f,f,f,f,f,f,f,f,f,f,f,CORPORATE NOT TAX EXEMPT,t,f,f,f,f,f,f,f,f,f,f,f,f,f,f,f,f,t,f,f,f,f,f,f,f,f,f,f,t,f,f,f,f,f,f,f,f,f,f,f,f,f,f,f,f,t,f,f,f,f,,,,,,,,,,,https://www.usaspending.gov/award/CONT_AWD_47QFRA21F0002_4732_47QRAA19D00B4_4732/,2026-01-15
CONT_AWD_47QFSA21F0044_4732_47QRAA19D00C5_4732,47QFSA21F0044,4732,FEDERAL ACQUISITION SERVICE,47QRAA19D00C5,Q: Not Designated Nonemergency/Emergency/Disaster/Wildfire Suppression,,,,,22889172.06,0.00,23896068.02,26717029.00,2021-05-12,2021,2025-11-21,2026,2021-05-13,2026-01-12,2026-01-12 00:00:00,,2020-12-02,047,General Services Administration,4732,Federal Acquisition Service,47QFSA,GSA FAS AAS REGION 4,075,Department of Health and Human Services,7523,Centers for Disease Control and Prevention,75D301,CDC OFFICE OF ACQUISITION SERVICES,047-X-4534-001,047-4534,25.1: Advisory and assistance services,0850: ASSISTED ACQUISITION SERVICES (AAS) - FLOW-THRU,X,NOT APPLICABLE,,,R875BEBFLMU4,,G2S CORP,G2S CORP,,5Q2R7,R875BEBFLMU4,,G2S CORP,G2S CORP,USA,UNITED STATES,10104 CARTER CYN,,SAN ANTONIO,48029,BEXAR,48,TX,TEXAS,782552458,TX-20,TX-23,2107716934,2102008397,USA,UNITED STATES,ATLANTA,13089,DEKALB,13,GA,GEORGIA,303412466,GA-04,GA-04,AWARD,C,DELIVERY ORDER,,,,,,,Z,LABOR HOURS,CDC NCBDDD PROFESSIONAL SUPPORT SERVICES,ID04200052,1,OT,OTHER FUNCTIONS,R410,SUPPORT- PROFESSIONAL: PROGRAM EVALUATION/REVIEW/DEVELOPMENT,H,NOT BUNDLED,,,541611,ADMINISTRATIVE MANAGEMENT AND GENERAL MANAGEMENT CONSULTING SERVICES,C,NO CLAUSES INCLUDED AND NO SUSTAINABILITY INCLUDED,A,U.S. OWNED BUSINESS,,,,,E,NOT REQUIRED,USA,UNITED STATES,C,NOT A MANUFACTURED END PRODUCT,B,PLAN NOT REQUIRED,A,FULL AND OPEN COMPETITION,MAFO,SUBJECT TO MULTIPLE AWARD FAIR OPPORTUNITY,8A,8A COMPETED,NONE,NO PREFERENCE USED,,,CSA,COMPETITIVE SET ASIDE,,,5,A,COMMERCIAL PRODUCTS/SERVICES,f,N,NO,N,NO,Y,YES,N,NO,,N,NO,X,NOT APPLICABLE,Y,YES,X,NOT APPLICABLE,B,OTHER STATUTORY AUTHORITY,40 U.S.C. 321 ACQUISITION SERVICES FUND,,C,FSS,M,MULTIPLE AWARD,,,,N,NO,,,N,N,,,D,NOT CONSOLIDATED,Y,YES - SERVICE WHERE PBA IS USED.,,,Z,NOT APPLICABLE,N,NO,X,NOT APPLICABLE,f,f,f,f,f,f,f,f,f,f,f,f,t,f,f,f,t,f,f,SMALL BUSINESS,S,f,f,f,f,f,f,f,f,f,f,f,f,f,f,f,f,f,CORPORATE NOT TAX EXEMPT,t,f,f,f,f,f,f,f,f,f,f,f,f,f,f,f,f,t,f,f,f,f,f,f,f,t,f,f,t,f,f,f,f,f,f,f,f,f,f,f,f,f,f,f,f,t,f,f,f,f,,,,,,,,,,,https://www.usaspending.gov/award/CONT_AWD_47QFSA21F0044_4732_47QRAA19D00C5_4732/,2025-11-21
CONT_AWD_47QFSA22F0135_4732_47QTCK18D0036_4732,47QFSA22F0135,4732,FEDERAL ACQUISITION SERVICE,47QTCK18D0036,Q: Not Designated Nonemergency/Emergency/Disaster/Wildfire Suppression,,,,,92147768.07,0.00,130484000.00,189500000.00,2022-09-20,2022,2025-07-17,2025,2022-09-21,2024-11-20,2025-09-20 00:00:00,,2022-03-03,047,General Services Administration,4732,Federal Acquisition Service,47QFSA,GSA FAS AAS REGION 4,075,Department of Health and Human Services,7509,Office of Intergovernmental and External Affairs,7543LM,HHS CDC NATL CENTER CHRONIC DISEASE,047-X-4534-001,047-4534,25.1: Advisory and assistance services,0850: ASSISTED ACQUISITION SERVICES (AAS) - FLOW-THRU,X,NOT APPLICABLE,,,C47BNA8GM833,,ACCENTURE FEDERAL SERVICES LLC,ACCENTURE FEDERAL SERVICES LLC,,1ZD18,K9S7KL73XBE3,,"NOVETTA SOLUTIONS, LLC",ACCENTURE FEDERAL SERVICES LLC,USA,UNITED STATES,800 N GLEBE RD STE 300,,ARLINGTON,51013,ARLINGTON,51,VA,VIRGINIA,222032149,VA-08,VA-08,5714142553,,USA,UNITED STATES,ATLANTA,13089,DEKALB,13,GA,GEORGIA,303415535,GA-04,GA-04,AWARD,C,DELIVERY ORDER,,,,,,,Z,LABOR HOURS,"CDC CLOUD RATIONALIZATION, NAVIGATION, MODERNIZATION, AND SUSTAINMENT SERVICES - ALLIANT 2 TASK ORDER",47QFSA22R0003,1,OT,OTHER FUNCTIONS,DA01,IT AND TELECOM - BUSINESS APPLICATION/APPLICATION DEVELOPMENT SUPPORT SERVICES (LABOR),H,NOT BUNDLED,,,541512,COMPUTER SYSTEMS DESIGN SERVICES,C,NO CLAUSES INCLUDED AND NO SUSTAINABILITY INCLUDED,D,FOREIGN-OWNED BUSINESS NOT INCORPORATED IN THE U.S.,,,,,E,NOT REQUIRED,USA,UNITED STATES,C,NOT A MANUFACTURED END PRODUCT,F,INDIVIDUAL SUBCONTRACT PLAN,A,FULL AND OPEN COMPETITION,MAFO,SUBJECT TO MULTIPLE AWARD FAIR OPPORTUNITY,,,NONE,NO PREFERENCE USED,,,FAIR,FAIR OPPORTUNITY GIVEN,,,7,D,COMMERCIAL PRODUCTS/SERVICES PROCEDURES NOT USED,f,N,NO,N,NO,Y,YES,N,NO,,Y,YES,X,NOT APPLICABLE,X,NOT APPLICABLE,X,NOT APPLICABLE,B,OTHER STATUTORY AUTHORITY,40 U.S.C. 321 ACQUISITION SERVICES FUND,,A,GWAC,M,MULTIPLE AWARD,,,,,,,,N,N,,,D,NOT CONSOLIDATED,Y,YES - SERVICE WHERE PBA IS USED.,,,,,N,NO,X,NOT APPLICABLE,f,f,f,f,f,f,f,f,f,f,f,f,f,f,f,f,f,f,f,OTHER THAN SMALL BUSINESS,O,f,f,f,f,f,f,f,f,f,f,f,f,f,f,f,f,f,CORPORATE NOT TAX EXEMPT,t,f,f,f,f,f,f,f,f,f,f,f,f,f,f,f,f,t,f,f,f,f,f,f,f,f,f,t,t,f,f,f,f,f,f,f,f,f,f,f,f,f,f,f,f,f,f,f,f,f,JOHN - FY24 TOTAL COMP UPDATED IN JAN. 2025 B GOODMAN,5169643.00,RONALD - FY24 TOTAL COMP UPDATED IN JAN. 2025 G ASH,2083459.00,ELAINE - FY24 TOTAL COMP UPDATED IN JAN. 2025 H BEEMAN,2017598.00,PAUL - FY24 TOTAL COMP UPDATED IN JAN. 2025 J PECK,1839777.00,IRA - FY24 TOTAL COMP UPDATED IN JAN. 2025  ENTIS,1729146.00,https://www.usaspending.gov/award/CONT_AWD_47QFSA22F0135_4732_47QTCK18D0036_4732/,2025-07-18
CONT_AWD_47QFWA22F0038_4732_47QTCK18D0029_4732,47QFWA22F0038,4732,FEDERAL ACQUISITION SERVICE,47QTCK18D0029,Q: Not Designated Nonemergency/Emergency/Disaster/Wildfire Suppression,,,,,26592003.09,0.00,28293650.35,40924983.96,2022-09-29,2022,2025-11-25,2026,2022-09-30,2026-09-29,2027-09-29 00:00:00,,2022-09-23,047,General Services Administration,4732,Federal Acquisition Service,47QFWA,GSA FAS AAS REGION 7,075,Department of Health and Human Services,7523,Centers for Disease Control and Prevention,75D301,CDC OFFICE OF ACQUISITION SERVICES,047-X-4534-001,047-4534,25.1: Advisory and assistance services,0850: ASSISTED ACQUISITION SERVICES (AAS) - FLOW-THRU,X,NOT APPLICABLE,,,CKV2L9GZKJK3,,DELOITTE CONSULTING LLP,DELOITTE CONSULTING LLP,,1TTG5,GT54N467W2C6,,DELOITTE CONSULTING LLP,DELOITTE CONSULTING LLP,USA,UNITED STATES,1919 N LYNN ST,,ARLINGTON,51013,ARLINGTON,51,VA,VIRGINIA,222091742,VA-08,VA-08,5718580176,7038426748,USA,UNITED STATES,ATLANTA,13089,DEKALB,13,GA,GEORGIA,303330002,GA-05,GA-05,AWARD,C,DELIVERY ORDER,,,,,,,J,FIRM FIXED PRICE,CDC AIIS SUPPORT SERVICES,47QFWA22Q0008,1,OT,OTHER FUNCTIONS,R499,SUPPORT- PROFESSIONAL: OTHER,H,NOT BUNDLED,,,541512,COMPUTER SYSTEMS DESIGN SERVICES,C,NO CLAUSES INCLUDED AND NO SUSTAINABILITY INCLUDED,A,U.S. OWNED BUSINESS,,,,,E,NOT REQUIRED,USA,UNITED STATES,C,NOT A MANUFACTURED END PRODUCT,F,INDIVIDUAL SUBCONTRACT PLAN,A,FULL AND OPEN COMPETITION,MAFO,SUBJECT TO MULTIPLE AWARD FAIR OPPORTUNITY,,,NONE,NO PREFERENCE USED,,,ONE,ONLY ONE SOURCE - OTHER,,,1,D,COMMERCIAL PRODUCTS/SERVICES PROCEDURES NOT USED,f,N,NO,N,NO,Y,YES,N,NO,,Y,YES,X,NOT APPLICABLE,X,NOT APPLICABLE,X,NOT APPLICABLE,B,OTHER STATUTORY AUTHORITY,40 U.S.C. 321 ACQUISITION SERVICES FUND,,A,GWAC,M,MULTIPLE AWARD,,,,,,,,N,N,,,D,NOT CONSOLIDATED,Y,YES - SERVICE WHERE PBA IS USED.,,,,,N,NO,X,NOT APPLICABLE,f,f,f,f,f,f,f,f,f,f,f,f,f,f,f,f,f,f,f,OTHER THAN SMALL BUSINESS,O,f,f,f,f,f,f,f,f,f,f,f,f,f,f,f,f,f,PARTNERSHIP,f,f,t,f,f,f,f,f,f,f,f,f,f,f,f,f,f,t,f,f,f,f,f,f,f,f,f,f,t,f,f,f,f,f,f,f,f,f,f,f,f,f,f,f,f,f,f,f,f,f,,,,,,,,,,,https://www.usaspending.gov/award/CONT_AWD_47QFWA22F0038_4732_47QTCK18D0029_4732/,2025-11-26
CONT_AWD_47QSWC24F0020_4732_47QSWC20A0017_4732,47QSWC24F0020,4732,FEDERAL ACQUISITION SERVICE,47QSWC20A0017,Q: Not Designated Nonemergency/Emergency/Disaster/Wildfire Suppression,,,,,58787546.47,0.00,58787546.47,58787546.47,2024-01-31,2024,2025-05-05,2025,2024-02-02,2026-06-12,2026-06-12 00:00:00,,2024-01-31,047,General Services Administration,4732,Federal Acquisition Service,47QSWC,GSA/FAS/GSS/QSCBD/ASSISTED CONTRACTING BRANCH B,097,Department of Defense,5700,Department of the Air Force,F3QCDK,F3QCDK AFLCMC ROZ SPT EQUIP VEH,047-X-4534-001,047-4534,26.0: Supplies and materials,0852: GENERAL SUPPLIES AND SERVICES (GSS) - FLOW-THRU,X,NOT APPLICABLE,,,GJMSFBCNMSK3,,"ATLANTIC DIVING SUPPLY, INC.","ATLANTIC DIVING SUPPLY, INC.",,1CAY9,GJMSFBCNMSK3,,"ATLANTIC DIVING SUPPLY, INC.",ADS TACTICAL  INC.,USA,UNITED STATES,621 LYNNHAVEN PKWY,STE 160,VIRGINIA BEACH,51810,VIRGINIA BEACH (CITY),51,VA,VIRGINIA,234527383,VA-02,VA-02,7574817758,7574403007,USA,UNITED STATES,WARNER ROBINS,13153,HOUSTON,13,GA,GEORGIA,310982694,GA-02,GA-02,AWARD,A,BPA CALL,,,,,,,J,FIRM FIXED PRICE,BPA CALL ORDER ESAP 1A 1B,47QSWC24Q0030,1,,,5450,MISCELLANEOUS PREFABRICATED STRUCTURES,H,NOT BUNDLED,,,333318,OTHER COMMERCIAL AND SERVICE INDUSTRY MACHINERY MANUFACTURING,C,NO CLAUSES INCLUDED AND NO SUSTAINABILITY INCLUDED,A,U.S. OWNED BUSINESS,,,Z,NOT IT PRODUCTS OR SERVICES,E,NOT REQUIRED,USA,UNITED STATES,D,MFG IN U.S.,,,A,FULL AND OPEN COMPETITION,MAFO,SUBJECT TO MULTIPLE AWARD FAIR OPPORTUNITY,,,NONE,NO PREFERENCE USED,,,FAIR,FAIR OPPORTUNITY GIVEN,,,,A,COMMERCIAL PRODUCTS/SERVICES,f,N,NO,N,NO,,,N,NO,,N,NO,X,NOT APPLICABLE,X,NOT APPLICABLE,X,NOT APPLICABLE,B,OTHER STATUTORY AUTHORITY,40 U.S.C. 321 ACQUISITION SERVICES FUND,,E,BPA,S,SINGLE AWARD,,,,,,X,NOT APPLICABLE EXEMPT FROM CAS,N,N,,,D,NOT CONSOLIDATED,X,NOT APPLICABLE,,,,,N,NO,X,NOT APPLICABLE,f,f,f,f,f,f,f,f,f,f,f,f,f,f,f,f,f,f,f,SMALL BUSINESS,S,f,f,f,f,f,f,f,f,f,f,f,f,f,f,f,f,f,CORPORATE NOT TAX EXEMPT,t,f,f,f,f,f,f,f,f,f,f,f,f,f,f,f,f,t,f,f,f,f,f,f,f,f,f,f,t,f,f,f,f,f,f,f,f,f,f,f,f,f,f,f,f,f,f,f,f,f,RYAN  ANGOLD,1489750.00,KAY J DUNN,1487290.00,LEVI J WILSON,1288168.00,MARK  LIBONATE,1276940.00,JULIE  COOKE,892871.00,https://www.usaspending.gov/award/CONT_AWD_47QSWC24F0020_4732_47QSWC20A0017_4732/,2025-05-05
CONT_AWD_47QSWC25F0022_4732_47QSWC24A0006_4732,47QSWC25F0022,4732,FEDERAL ACQUISITION SERVICE,47QSWC24A0006,Q: Not Designated Nonemergency/Emergency/Disaster/Wildfire Suppression,,,,,77628524.52,0.00,77628524.52,77628524.52,2024-11-26,2025,2025-04-22,2025,2024-11-28,2026-12-31,2026-12-31 00:00:00,,2024-11-25,047,General Services Administration,4732,Federal Acquisition Service,47QSWC,GSA/FAS/GSS/QSCBD/ASSISTED CONTRACTING BRANCH B,097,Department of Defense,5700,Department of the Air Force,F3QCDK,F3QCDK AFLCMC ROZ SPT EQUIP VEH,047-X-4534-001,047-4534,26.0: Supplies and materials,0852: GENERAL SUPPLIES AND SERVICES (GSS) - FLOW-THRU,X,NOT APPLICABLE,,,GJMSFBCNMSK3,,"ATLANTIC DIVING SUPPLY, INC.","ATLANTIC DIVING SUPPLY, INC.",,1CAY9,GJMSFBCNMSK3,,"ATLANTIC DIVING SUPPLY, INC.",ADS TACTICAL  INC.,USA,UNITED STATES,621 LYNNHAVEN PKWY,STE 160,VIRGINIA BEACH,51810,VIRGINIA BEACH (CITY),51,VA,VIRGINIA,234527383,VA-02,VA-02,7574817758,7574403007,USA,UNITED STATES,WARNER ROBINS,13153,HOUSTON,13,GA,GEORGIA,310982694,GA-02,GA-02,AWARD,A,BPA CALL,,,,,,,J,FIRM FIXED PRICE,BPA CALL ORDER ESAP 1A 1B INSTALLATION KITS,47QSWC25Q0029,1,,,5410,PREFABRICATED AND PORTABLE BUILDINGS,H,NOT BUNDLED,,,332999,ALL OTHER MISCELLANEOUS FABRICATED METAL PRODUCT MANUFACTURING,C,NO CLAUSES INCLUDED AND NO SUSTAINABILITY INCLUDED,A,U.S. OWNED BUSINESS,,,Z,NOT IT PRODUCTS OR SERVICES,E,NOT REQUIRED,USA,UNITED STATES,D,MFG IN U.S.,,,A,FULL AND OPEN COMPETITION,MAFO,SUBJECT TO MULTIPLE AWARD FAIR OPPORTUNITY,,,NONE,NO PREFERENCE USED,,,ONE,ONLY ONE SOURCE - OTHER,,,,A,COMMERCIAL PRODUCTS/SERVICES,f,N,NO,N,NO,,,N,NO,,N,NO,X,NOT APPLICABLE,X,NOT APPLICABLE,X,NOT APPLICABLE,B,OTHER STATUTORY AUTHORITY,40 U.S.C. 321 ACQUISITION SERVICES FUND,,E,BPA,S,SINGLE AWARD,,,,,,X,NOT APPLICABLE EXEMPT FROM CAS,N,N,,,D,NOT CONSOLIDATED,X,NOT APPLICABLE,,,,,N,NO,X,NOT APPLICABLE,f,f,f,f,f,f,f,f,f,f,f,f,f,f,f,f,f,f,f,SMALL BUSINESS,S,f,f,f,f,f,f,f,f,f,f,f,f,f,f,f,f,f,CORPORATE NOT TAX EXEMPT,t,f,f,f,f,f,f,f,f,f,f,f,f,f,f,f,f,t,f,f,f,f,f,f,f,f,f,f,t,f,f,f,f,f,f,f,f,f,f,f,f,f,f,f,f,f,f,f,f,f,RYAN  ANGOLD,1489750.00,KAY J DUNN,1487290.00,LEVI J WILSON,1288168.00,MARK  LIBONATE,1276940.00,JULIE  COOKE,892871.00,https://www.usaspending.gov/award/CONT_AWD_47QSWC25F0022_4732_47QSWC24A0006_4732/,2025-07-15
CONT_AWD_68HE0423F0051_6800_68HE0421D0012_6800,68HE0423F0051,6800,ENVIRONMENTAL PROTECTION AGENCY,68HE0421D0012,Z: Emergency P.L. 117-58,,,22391274.55,29999600.00,29999600.00,22391274.55,39932706.73,39932706.73,2023-07-07,2023,2025-11-12,2026,2023-07-10,2026-09-30,2026-09-30 00:00:00,,2023-03-20,068,Environmental Protection Agency,6800,Environmental Protection Agency,68HE04,REGION 4 CONTRACTING OFFICE,068,Environmental Protection Agency,6800,Environmental Protection Agency,68U000,REGION 5 (FUNDING OFFICE),068-068-X-8145-000,068-8145,25.2: Other services from non-Federal sources,00D2: SUPERFUND:  REMEDIAL,X,NOT APPLICABLE,,,CZKDXLMHM8A1,,"C M C, INC.","C M C, INC.",,3EP69,CZKDXLMHM8A1,,"C M C, INC.",C M C  INC.,USA,UNITED STATES,1151 JESSAMINE STATION PIKE,,NICHOLASVILLE,21113,JESSAMINE,21,KY,KENTUCKY,403569408,KY-06,KY-06,8598854955,8598854688,USA,UNITED STATES,ATLANTA,13121,FULTON,13,GA,GEORGIA,303033104,GA-05,GA-05,AWARD,C,DELIVERY ORDER,,,,,,,Y,TIME AND MATERIALS,"WESTSIDE LEAD SUPERFUND SITE, REMEDIAL ACTION SITE ID: GAN000407160 (C482)",,1,CT,CRITICAL FUNCTIONS,F108,ENVIRONMENTAL SYSTEMS PROTECTION- ENVIRONMENTAL REMEDIATION,H,NOT BUNDLED,,,562910,REMEDIATION SERVICES,F,ENVIRONMENTALLY PREFERABLE,A,U.S. OWNED BUSINESS,,,,,E,NOT REQUIRED,USA,UNITED STATES,C,NOT A MANUFACTURED END PRODUCT,B,PLAN NOT REQUIRED,D,FULL AND OPEN COMPETITION AFTER EXCLUSION OF SOURCES,MAFO,SUBJECT TO MULTIPLE AWARD FAIR OPPORTUNITY,,,NONE,NO PREFERENCE USED,,,FAIR,FAIR OPPORTUNITY GIVEN,,,2,A,COMMERCIAL PRODUCTS/SERVICES,f,N,NO,N,NO,Y,YES,N,NO,,N,NO,N,NO,Y,YES,Y,YES,X,NOT APPLICABLE,,,B,IDC,M,MULTIPLE AWARD,,,,W,NOT OBTAINED - WAIVED,X,NOT APPLICABLE EXEMPT FROM CAS,N,N,,,D,NOT CONSOLIDATED,Y,YES - SERVICE WHERE PBA IS USED.,N,NO,,,N,NO,X,NOT APPLICABLE,f,f,f,f,f,f,f,f,f,f,f,f,f,f,f,f,f,f,f,SMALL BUSINESS,S,f,f,f,f,f,f,f,f,f,f,f,f,f,f,f,f,f,CORPORATE NOT TAX EXEMPT,t,f,f,f,f,f,f,f,f,f,f,f,f,f,f,f,f,t,f,f,f,f,f,f,f,f,f,f,t,f,f,f,f,f,f,f,f,f,f,f,f,f,f,f,f,f,f,f,f,f,,,,,,,,,,,https://www.usaspending.gov/award/CONT_AWD_68HE0423F0051_6800_68HE0421D0012_6800/,2025-11-12
CONT_AWD_70B02C20C00000027_7014_-NONE-_-NONE-,70B02C20C00000027,,,,"9: DEFC of '9' Indicates that the data for this row is not related to a COVID-19 P.L. (DEFC not one of the following: ['L', 'M', 'N', 'O', 'P', 'U', 'V']), but that the agency has declined to specify which other DEFC (or combination of DEFCs, in the case that the money hasn't been split out like it would be with a specific DEFC value) applies. This code was discontinued on July 13, 2021.;Q: Not Designated Nonemergency/Emergency/Disaster/Wildfire Suppression",,,,,36655026.02,-20683.37,36655026.02,63179260.98,2020-03-16,2020,2025-08-21,2025,2020-04-01,2020-12-31,2020-12-31 00:00:00,,2020-02-11,070,Department of Homeland Security,7014,U.S. Customs and Border Protection,70B02C,AIR AND MARINE CONTRACTING DIVISION,070,Department of Homeland Security,7014,U.S. Customs and Border Protection,70B002,OFFICE OF AIR AND MARINE OPERATIONS,070-2018/2020-0532-000;070-2020/2020-0530-000;070-2020/2021-0530-000;070-2021/2022-0530-000,070-0530;070-0532,22.0: Transportation of things;25.7: Operation and maintenance of equipment;26.0: Supplies and materials;31.0: Equipment,0007: CAS - INTEGRATED OPERATIONS;0010: CAS - INTEGRATED OPERATIONS ASSETS AND INFRASTRUCTURE;OPTN: FIELD IS OPTIONAL PRIOR TO FY21,X,NOT APPLICABLE,,,VXHLJL9WVYE7,,LOCKHEED MARTIN AERONAUTICAL SYSTEMS SUPPORT COMPANY,LOCKHEED MARTIN AERONAUTICAL SYSTEMS SUPPORT COMPANY,,74703,ZFN2JJXBLZT3,,LOCKHEED MARTIN CORP,LOCKHEED MARTIN CORPORATION,USA,UNITED STATES,86 S COBB DR,,MARIETTA,13067,COBB,13,GA,GEORGIA,300630001,GA-11,GA-11,4106820755,,USA,UNITED STATES,MARIETTA,13067,COBB,13,GA,GEORGIA,300630001,GA-11,GA-11,AWARD,D,DEFINITIVE CONTRACT,,,,,,,V,COST PLUS INCENTIVE FEE,P-3 AIRCRAFT MAINTENANCE AND LOGISTICS SUPPORT,70B02C20R00000045,1,"CL,CT","CLOSELY ASSOCIATED,CRITICAL FUNCTIONS",J015,MAINT/REPAIR/REBUILD OF EQUIPMENT- AIRCRAFT AND AIRFRAME STRUCTURAL COMPONENTS,H,NOT BUNDLED,,,336411,AIRCRAFT MANUFACTURING,C,NO CLAUSES INCLUDED AND NO SUSTAINABILITY INCLUDED,A,U.S. OWNED BUSINESS,,,,,E,NOT REQUIRED,USA,UNITED STATES,C,NOT A MANUFACTURED END PRODUCT,B,PLAN NOT REQUIRED,C,NOT COMPETED,SSS,ONLY ONE SOURCE,NONE,NO SET ASIDE USED.,NONE,NO PREFERENCE USED,,,,,ONE,ONLY ONE SOURCE-OTHER (FAR 6.302-1 OTHER),1,D,COMMERCIAL PRODUCTS/SERVICES PROCEDURES NOT USED,f,N,NO,N,NO,Y,YES,N,NO,0.00,N,NO,N,NO,Y,YES,X,NOT APPLICABLE,X,NOT APPLICABLE,,,,,,,,,,Y,YES,Y,YES - CAS CLAUSE INCLUDED,N,N,,,D,NOT CONSOLIDATED,Y,YES - SERVICE WHERE PBA IS USED.,N,NO,Z,NOT APPLICABLE,N,NO,X,NOT APPLICABLE,f,f,f,f,f,f,f,f,f,f,f,f,f,f,f,f,f,f,f,OTHER THAN SMALL BUSINESS,O,f,f,f,f,f,f,f,f,f,f,f,f,f,f,f,f,f,CORPORATE NOT TAX EXEMPT,t,f,f,f,f,f,f,f,f,f,f,f,f,f,f,f,f,t,f,f,f,f,f,f,f,f,f,f,t,f,f,f,f,f,f,f,f,f,f,f,f,f,f,f,f,f,f,f,f,f,,,,,,,,,,,https://www.usaspending.gov/award/CONT_AWD_70B02C20C00000027_7014_-NONE-_-NONE-/,2025-08-21
CONT_AWD_70CMSD21C00000001_7012_-NONE-_-NONE-,70CMSD21C00000001,,,,Q: Not Designated Nonemergency/Emergency/Disaster/Wildfire Suppression,,,,,22132743.00,14063051.39,22132743.00,22132743.00,2021-02-25,2021,2025-05-05,2025,2021-02-25,2026-02-28,2026-02-28 00:00:00,,2020-12-07,070,Department of Homeland Security,7012,U.S. Immigration and Customs Enforcement,70CMSD,INVESTIGATIONS AND OPERATIONS SUPPORT DALLAS,070,Department of Homeland Security,7012,U.S. Immigration and Customs Enforcement,70CDV5,HOMELAND SECURITY INVESTIGATIONS DIVISION 5,070-2021/2021-0540-000;070-2022/2022-0540-000;070-2023/2023-0540-000;070-2024/2024-0540-000;070-2025/2025-0540-000;070-2026/2026-0540-000,070-0540,25.2: Other services from non-Federal sources,0002: CAS - MISSION SUPPORT;0004: CAS - HOMELAND SECURITY INVESTIGATIONS;0005: CAS - ENFORCEMENT AND REMOVAL OPERTIONS,X,NOT APPLICABLE,,,UJJ2MWZC6SJ9,,LEXISNEXIS RISK SOLUTIONS INC,LEXISNEXIS RISK SOLUTIONS INC.,,3WYT5,TUZXND87M5A1,,RELX PLC,LEXISNEXIS RISK SOLUTIONS INC.,USA,UNITED STATES,1000 ALDERMAN DR,,ALPHARETTA,13121,FULTON,13,GA,GEORGIA,300054101,GA-06,GA-07,2023781018,2023781750,USA,UNITED STATES,ALPHARETTA,13121,FULTON,13,GA,GEORGIA,300054101,GA-07,GA-07,AWARD,D,DEFINITIVE CONTRACT,,,,,,,J,FIRM FIXED PRICE,LAW ENFORCEMENT INVESTIGATIVE DATABASE SUBSCRIPTION (LEIDS),70CMSD21R00000002,1,OT,OTHER FUNCTIONS,DC10,IT AND TELECOM - DATA CENTER AS A SERVICE,H,NOT BUNDLED,,,519130,INTERNET PUBLISHING AND BROADCASTING AND WEB SEARCH PORTALS,C,NO CLAUSES INCLUDED AND NO SUSTAINABILITY INCLUDED,C,FOREIGN-OWNED BUSINESS INCORPORATED IN THE U.S.,,,,,E,NOT REQUIRED,USA,UNITED STATES,C,NOT A MANUFACTURED END PRODUCT,A,PLAN NOT INCLUDED - NO SUBCONTRACTING POSSIBILITIES,A,FULL AND OPEN COMPETITION,NP,NEGOTIATED PROPOSAL/QUOTE,NONE,NO SET ASIDE USED.,NONE,NO PREFERENCE USED,,,,,,,6,A,COMMERCIAL PRODUCTS/SERVICES,f,N,NO,N,NO,Y,YES,N,NO,0.00,N,NO,X,NOT APPLICABLE,X,NOT APPLICABLE,X,NOT APPLICABLE,X,NOT APPLICABLE,,,,,,,,,,N,NO,X,NOT APPLICABLE EXEMPT FROM CAS,N,N,,,D,NOT CONSOLIDATED,N,NO - SERVICE WHERE PBA IS NOT USED.,N,NO,,,N,NO,X,NOT APPLICABLE,f,f,f,f,f,f,f,f,f,f,f,f,f,f,f,f,f,f,f,OTHER THAN SMALL BUSINESS,O,f,f,f,f,f,f,f,f,f,f,f,f,f,f,f,f,f,CORPORATE NOT TAX EXEMPT,t,f,f,f,f,f,f,f,f,f,f,f,f,f,f,f,f,t,f,f,f,f,f,f,f,f,f,t,t,f,f,f,f,f,f,f,f,f,f,f,f,f,f,f,f,f,f,f,f,f,,,,,,,,,,,https://www.usaspending.gov/award/CONT_AWD_70CMSD21C00000001_7012_-NONE-_-NONE-/,2025-05-05
CONT_AWD_70FA3021C00000003_7022_-NONE-_-NONE-,70FA3021C00000003,,,,4: Disaster P.L. 117-103;AAB: Emergency P.L. 117-328;AAD: Disaster P.L. 117-328;AAI: Disaster P.L. 118-47;C: Emergency P.L. 115-123;N: Emergency P.L. 116-136;S: Disaster P.L. 116-260;V: Non-emergency P.L. 117-2,0,77487537.00,,,79281655.13,22971352.57,79326385.13,81996750.13,2021-06-17,2021,2025-07-25,2025,2021-06-19,2024-09-30,2025-07-26 00:00:00,,2021-04-06,070,Department of Homeland Security,7022,Federal Emergency Management Agency,70FA30,INFORMATION TECHNOLOGY COMMODITIES AND TELECOMMUNICATIONS,070,Department of Homeland Security,7022,Federal Emergency Management Agency,70FPMS,MS - MISSION SUPPORT,070-2021/2025-0702-000;070-X-0702-000,070-0702,25.1: Advisory and assistance services;25.2: Other services from non-Federal sources;25.4: Operation and maintenance of facilities;25.7: Operation and maintenance of equipment,0003: BASE/NON-MAJOR DISASTERS;0004: DISASTER RELIEF,X,NOT APPLICABLE,,,LPQNNLPVKJS9,,"MANHATTAN ASSOCIATES, INC.","MANHATTAN ASSOCIATES, INC.",,3EPG6,LPQNNLPVKJS9,,"MANHATTAN ASSOCIATES, INC.",MANHATTAN ASSOCIATES  INC.,USA,UNITED STATES,2300 WINDY RIDGE PKWY FL 10,,ATLANTA,13067,COBB,13,GA,GEORGIA,303395665,GA-11,GA-11,6785977015,7703080165,USA,UNITED STATES,ATLANTA,13067,COBB,13,GA,GEORGIA,303395665,GA-11,GA-11,AWARD,D,DEFINITIVE CONTRACT,,,,,,,J,FIRM FIXED PRICE,"OPERATIONS, MAINTENANCE, TRAINING, AND SURGE SUPPORT FOR THE FEDERAL EMERGENCY MANAGEMENT AGENCY (FEMA) LOGISTICS SUPPLY CHAIN MANAGEMENT SYSTEM",70FA3021R00000005,1,OT,OTHER FUNCTIONS,DA10,IT AND TELECOM - BUSINESS APPLICATION/APPLICATION DEVELOPMENT SOFTWARE AS A SERVICE,H,NOT BUNDLED,,,518210,"COMPUTING INFRASTRUCTURE PROVIDERS, DATA PROCESSING, WEB HOSTING, AND RELATED SERVICES",C,NO CLAUSES INCLUDED AND NO SUSTAINABILITY INCLUDED,A,U.S. OWNED BUSINESS,,,,,E,NOT REQUIRED,USA,UNITED STATES,C,NOT A MANUFACTURED END PRODUCT,A,PLAN NOT INCLUDED - NO SUBCONTRACTING POSSIBILITIES,C,NOT COMPETED,SSS,ONLY ONE SOURCE,NONE,NO SET ASIDE USED.,NONE,NO PREFERENCE USED,,,,,UNQ,UNIQUE SOURCE (FAR 6.302-1(B)(1)),1,A,COMMERCIAL PRODUCTS/SERVICES,f,N,NO,N,NO,Y,YES,N,NO,0.00,N,NO,X,NOT APPLICABLE,N,NO,X,NOT APPLICABLE,X,NOT APPLICABLE,,,,,,,,,,N,NO,X,NOT APPLICABLE EXEMPT FROM CAS,N,N,,,D,NOT CONSOLIDATED,N,NO - SERVICE WHERE PBA IS NOT USED.,N,NO,,,N,NO,X,NOT APPLICABLE,f,f,f,f,f,f,f,f,f,f,f,f,f,f,f,f,f,f,f,OTHER THAN SMALL BUSINESS,O,f,f,f,f,f,f,f,f,f,f,f,f,f,f,f,f,f,CORPORATE NOT TAX EXEMPT,t,f,f,f,f,f,f,f,f,f,f,f,f,f,f,f,f,t,f,f,f,f,f,f,f,f,f,f,t,f,f,f,f,f,f,f,f,f,f,f,f,f,f,f,f,f,f,f,f,f,,,,,,,,,,,https://www.usaspending.gov/award/CONT_AWD_70FA3021C00000003_7022_-NONE-_-NONE-/,2025-07-25
CONT_AWD_70FB7024F00000109_7022_70FB7022D00000027_7022,70FB7024F00000109,7022,FEDERAL EMERGENCY MANAGEMENT AGENCY,70FB7022D00000027,4: Disaster P.L. 117-103;AAI: Disaster P.L. 118-47;S: Disaster P.L. 116-260,,,,,23493237.36,18783294.53,23493237.36,23493237.36,2024-09-25,2024,2025-01-15,2025,2024-09-25,2025-01-08,2025-01-08 00:00:00,,2024-09-24,070,Department of Homeland Security,7022,Federal Emergency Management Agency,70FB70,INCIDENT SUPPORT SECTION(ISS70),070,Department of Homeland Security,7022,Federal Emergency Management Agency,70FPRR,ORR – OFFICE OF RESPONSE AND RECOVERY,070-X-0702-000,070-0702,25.2: Other services from non-Federal sources,0003: BASE/NON-MAJOR DISASTERS,X,NOT APPLICABLE,,,URLHLRNCAU75,,"AMERICAN MEDICAL RESPONSE, INC.","AMERICAN MEDICAL RESPONSE, INC.",,1NLW5,SK95SE3GG8C6,,AMERICAN MEDICAL RESPONSE WEST,AMERICAN MEDICAL RESPONSE  INC.,USA,UNITED STATES,6363 S FIDDLERS GREEN CIR FL 14,,GREENWOOD VILLAGE,08005,ARAPAHOE,08,CO,COLORADO,801115011,CO-06,CO-06,7326984130,,USA,UNITED STATES,STONE MOUNTAIN,13089,DEKALB,13,GA,GEORGIA,300835179,GA-04,GA-04,AWARD,C,DELIVERY ORDER,,,,,,,Y,TIME AND MATERIALS,EMERGENCY MEDICAL SUPPORT SERVICES WITHIN CONTINENTAL UNITED STATES AND TERRITORIES SPECIFICALLY IN THE STATE OF FLORIDA IN RESPONSE TO TROPICAL CYCLONE HELENE,,1,OT,OTHER FUNCTIONS,Q999,MEDICAL- OTHER,H,NOT BUNDLED,,,621910,AMBULANCE SERVICES,F,ENVIRONMENTALLY PREFERABLE,A,U.S. OWNED BUSINESS,,,,,A,MEETS REQUIREMENTS,USA,UNITED STATES,C,NOT A MANUFACTURED END PRODUCT,F,INDIVIDUAL SUBCONTRACT PLAN,A,FULL AND OPEN COMPETITION,NP,NEGOTIATED PROPOSAL/QUOTE,,,NONE,NO PREFERENCE USED,,,,,,,,D,COMMERCIAL PRODUCTS/SERVICES PROCEDURES NOT USED,f,N,NO,N,NO,Y,YES,N,NO,,N,NO,Y,YES,Y,YES,X,NOT APPLICABLE,X,NOT APPLICABLE,,,B,IDC,S,SINGLE AWARD,,,,Y,YES,X,NOT APPLICABLE EXEMPT FROM CAS,N,N,,,D,NOT CONSOLIDATED,Y,YES - SERVICE WHERE PBA IS USED.,N,NO,Z,NOT APPLICABLE,N,NO,X,NOT APPLICABLE,f,f,f,f,f,f,f,f,f,f,f,f,f,f,f,f,f,f,f,OTHER THAN SMALL BUSINESS,O,f,f,f,f,f,f,f,f,f,f,f,f,f,f,f,f,f,CORPORATE NOT TAX EXEMPT,t,f,f,f,f,f,f,f,f,f,f,f,f,f,f,f,f,t,f,f,f,f,f,f,f,f,f,f,t,f,f,f,f,f,f,f,f,f,f,f,f,f,f,f,f,f,f,f,f,f,,,,,,,,,,,https://www.usaspending.gov/award/CONT_AWD_70FB7024F00000109_7022_70FB7022D00000027_7022/,2025-01-15
CONT_AWD_70LGLY18CGLB00003_7015_-NONE-_-NONE-,70LGLY18CGLB00003,,,,"9: DEFC of '9' Indicates that the data for this row is not related to a COVID-19 P.L. (DEFC not one of the following: ['L', 'M', 'N', 'O', 'P', 'U', 'V']), but that the agency has declined to specify which other DEFC (or combination of DEFCs, in the case that the money hasn't been split out like it would be with a specific DEFC value) applies. This code was discontinued on July 13, 2021.;Q: Not Designated Nonemergency/Emergency/Disaster/Wildfire Suppression",,,,,111766954.27,53052338.30,111766954.27,117775068.59,2018-08-07,2018,2025-06-11,2025,2018-09-01,2024-12-31,2025-09-30 00:00:00,,,070,Department of Homeland Security,7015,Federal Law Enforcement Training Center,70LGLY,FLETC GLYNCO PROCUREMENT OFFICE,070,Department of Homeland Security,7015,Federal Law Enforcement Training Center,70LGGA,FLETC GLYNCO OPERATIONS,070-2017/2018-0509-000;070-2018/2019-0509-000;070-2019/2020-0509-000;070-2020/2021-0509-000;070-2021/2021-0509-000;070-2021/2022-0509-000;070-2022/2022-0509-000;070-2022/2023-0509-000;070-2023/2023-0509-000;070-2023/2024-0509-000;070-2024/2024-0509-000;070-2024/2025-0509-000;070-2025/2025-0509-000;070-2025/2026-0509-000,070-0509,25.2: Other services from non-Federal sources;25.4: Operation and maintenance of facilities;25.7: Operation and maintenance of equipment;25.8: Subsistence and support of persons;26.0: Supplies and materials;31.0: Equipment;43.0: Interest and dividends,0005: CAS - LAW ENFORCEMENT TRAINING;0801: SALARIES AND EXPENSES (REIMBURSABLE);OPTN: FIELD IS OPTIONAL PRIOR TO FY21,X,NOT APPLICABLE,,,MJQAHD8GV6D1,,B & O JOINT VENTURE LLC,"B&O JOINT VENTURE, LLC",,800U6,WV6KKEPNKE95,,"BPA FACILITY SERVICES, INC",BPA FACILITY SERVICES  INC,USA,UNITED STATES,2154 W. NORTHWEST HWY STE 202,,DALLAS,48113,DALLAS,48,TX,TEXAS,752204220,TX-33,TX-06,2142965900,,USA,UNITED STATES,BRUNSWICK,13127,GLYNN,13,GA,GEORGIA,315242001,GA-01,GA-01,AWARD,D,DEFINITIVE CONTRACT,,,,,,,J,FIRM FIXED PRICE,"IGF::CT::IGF DORM MANAGEMENT SERVICES CONTRACT, GLYNCO, GA",HSFLGL-17-R-00001,1,OT,OTHER FUNCTIONS,S201,HOUSEKEEPING- CUSTODIAL JANITORIAL,H,NOT BUNDLED,,,561720,JANITORIAL SERVICES,B,FAR 52.223-4 AND FAR 52.223-9 INCLUDED,A,U.S. OWNED BUSINESS,,,,,A,MEETS REQUIREMENTS,USA,UNITED STATES,C,NOT A MANUFACTURED END PRODUCT,B,PLAN NOT REQUIRED,D,FULL AND OPEN COMPETITION AFTER EXCLUSION OF SOURCES,NP,NEGOTIATED PROPOSAL/QUOTE,8A,8A COMPETED,NONE,NO PREFERENCE USED,,,,,,,7,A,COMMERCIAL PRODUCTS/SERVICES,f,N,NO,N,NO,Y,YES,N,NO,0.00,N,NO,N,NO,Y,YES,N,NO,X,NOT APPLICABLE,,,,,,,,,,N,NO,X,NOT APPLICABLE EXEMPT FROM CAS,Y,Y,,,D,NOT CONSOLIDATED,Y,YES - SERVICE WHERE PBA IS USED.,N,NO,,,N,NO,X,NOT APPLICABLE,f,f,f,f,f,f,f,f,f,f,f,f,t,f,t,f,f,f,f,SMALL BUSINESS,S,f,f,f,f,f,f,f,f,f,f,f,f,f,f,f,f,f,PARTNERSHIP,f,f,t,f,f,f,f,f,f,f,f,f,f,f,f,f,f,t,f,f,f,f,f,f,f,f,t,f,t,f,f,f,f,f,f,f,f,f,f,f,f,f,f,f,f,t,f,f,f,t,,,,,,,,,,,https://www.usaspending.gov/award/CONT_AWD_70LGLY18CGLB00003_7015_-NONE-_-NONE-/,2025-06-11
CONT_AWD_70LGLY20FSSB00009_7015_GS35F0250X_4732,70LGLY20FSSB00009,4732,FEDERAL ACQUISITION SERVICE,GS35F0250X,"9: DEFC of '9' Indicates that the data for this row is not related to a COVID-19 P.L. (DEFC not one of the following: ['L', 'M', 'N', 'O', 'P', 'U', 'V']), but that the agency has declined to specify which other DEFC (or combination of DEFCs, in the case that the money hasn't been split out like it would be with a specific DEFC value) applies. This code was discontinued on July 13, 2021.;Q: Not Designated Nonemergency/Emergency/Disaster/Wildfire Suppression",,,,,23575285.73,13212814.11,24206651.75,34007026.95,2020-02-19,2020,2025-05-13,2025,2020-02-19,2025-03-31,2025-03-31 00:00:00,,2019-09-23,070,Department of Homeland Security,7015,Federal Law Enforcement Training Center,70LGLY,FLETC GLYNCO PROCUREMENT OFFICE,070,Department of Homeland Security,7015,Federal Law Enforcement Training Center,70LGGA,FLETC GLYNCO OPERATIONS,070-2020/2020-0509-000;070-2021/2021-0509-000;070-2022/2022-0509-000;070-2023/2023-0509-000;070-2024/2024-0509-000;070-2025/2025-0509-000,070-0509,25.7: Operation and maintenance of equipment;43.0: Interest and dividends,0005: CAS - LAW ENFORCEMENT TRAINING;OPTN: FIELD IS OPTIONAL PRIOR TO FY21,X,NOT APPLICABLE,,,KKPLCUAD5M63,,ABACUS SOLUTIONS GROUP LLC,"ABACUS SOLUTIONS GROUP, LLC",,41UN2,KKPLCUAD5M63,,ABACUS SOLUTIONS GROUP LLC,ABACUS SOLUTIONS GROUP LLC,USA,UNITED STATES,215 MAPLE ST STE 28,,FLORENCE,08043,FREMONT,08,CO,COLORADO,812261443,CO-07,CO-07,7194023884,2105872450,USA,UNITED STATES,BRUNSWICK,13127,GLYNN,13,GA,GEORGIA,315242002,GA-01,GA-01,AWARD,C,DELIVERY ORDER,,,,,,,J,FIRM FIXED PRICE,ENTERPRISE INFORMATION TECHNOLOGY SUPPORT SERVICES,70LGLY19RSSB00011,1,OT,OTHER FUNCTIONS,D301,IT AND TELECOM- FACILITY OPERATION AND MAINTENANCE,H,NOT BUNDLED,,,541511,CUSTOM COMPUTER PROGRAMMING SERVICES,D,ENERGY EFFICIENT,A,U.S. OWNED BUSINESS,,,,,E,NOT REQUIRED,USA,UNITED STATES,C,NOT A MANUFACTURED END PRODUCT,B,PLAN NOT REQUIRED,A,FULL AND OPEN COMPETITION,MAFO,SUBJECT TO MULTIPLE AWARD FAIR OPPORTUNITY,,,NONE,NO PREFERENCE USED,,,FAIR,FAIR OPPORTUNITY GIVEN,,,21,A,COMMERCIAL PRODUCTS/SERVICES,f,N,NO,N,NO,Y,YES,N,NO,,N,NO,X,NOT APPLICABLE,N,NO,N,NO,X,NOT APPLICABLE,,,C,FSS,M,MULTIPLE AWARD,,,,,,,,N,N,,,D,NOT CONSOLIDATED,N,NO - SERVICE WHERE PBA IS NOT USED.,,,,,N,NO,X,NOT APPLICABLE,f,f,f,f,f,t,t,t,t,f,f,f,f,f,f,f,f,f,f,SMALL BUSINESS,S,f,f,f,f,f,f,f,f,f,f,f,f,f,f,f,f,f,OTHER,f,f,f,f,f,f,f,f,f,f,f,f,f,f,f,f,f,t,f,f,f,f,f,f,f,f,t,f,t,f,f,f,f,f,f,f,f,f,f,f,f,f,f,f,f,f,f,f,f,f,,,,,,,,,,,https://www.usaspending.gov/award/CONT_AWD_70LGLY20FSSB00009_7015_GS35F0250X_4732/,2025-05-13
CONT_AWD_70LGLY21CGLB00001_7015_-NONE-_-NONE-,70LGLY21CGLB00001,,,,Q: Not Designated Nonemergency/Emergency/Disaster/Wildfire Suppression,,,,,42850017.70,28662114.47,44569833.37,44569833.37,2021-02-10,2021,2026-01-30,2026,2021-03-02,2026-02-28,2026-02-28 00:00:00,,2020-05-06,070,Department of Homeland Security,7015,Federal Law Enforcement Training Center,70LGLY,FLETC GLYNCO PROCUREMENT OFFICE,070,Department of Homeland Security,7015,Federal Law Enforcement Training Center,70LGGA,FLETC GLYNCO OPERATIONS,070-2020/2021-0509-000;070-2021/2022-0509-000;070-2022/2023-0509-000;070-2023/2023-0509-000;070-2023/2024-0509-000;070-2024/2025-0509-000;070-2025/2025-0509-000;070-2025/2026-0509-000;070-2026/2026-0509-000;070-2026/2027-0509-000,070-0509,25.2: Other services from non-Federal sources;43.0: Interest and dividends,0005: CAS - LAW ENFORCEMENT TRAINING;0801: SALARIES AND EXPENSES (REIMBURSABLE),X,NOT APPLICABLE,,,F8KJNL4JX6Z6,,"OPS TECH ALLIANCE, LLC",OPS TECH ALLIANCE LLC,,6RK83,F8KJNL4JX6Z6,,"OPS TECH ALLIANCE, LLC",OPS TECH ALLIANCE  LLC,USA,UNITED STATES,14000 JERICHO PARK RD CENTER FOR BUSINESS SUITE 2300,,BOWIE,24033,PRINCE GEORGE'S,24,MD,MARYLAND,207153319,MD-13,MD-05,4432236115,4432305328,USA,UNITED STATES,BRUNSWICK,13127,GLYNN,13,GA,GEORGIA,315242002,GA-01,GA-01,AWARD,D,DEFINITIVE CONTRACT,,,,,,,Z,LABOR HOURS,"ROLEPLAYER SUPPORT SERVICES, FEDERAL LAW ENFORCEMENT TRAINING CENTERS, GLYNCO, GA",70LGLY20RGLB00004,1,OT,OTHER FUNCTIONS,U099,EDUCATION/TRAINING- OTHER,H,NOT BUNDLED,,,561320,TEMPORARY HELP SERVICES,C,NO CLAUSES INCLUDED AND NO SUSTAINABILITY INCLUDED,A,U.S. OWNED BUSINESS,,,,,E,NOT REQUIRED,USA,UNITED STATES,C,NOT A MANUFACTURED END PRODUCT,B,PLAN NOT REQUIRED,D,FULL AND OPEN COMPETITION AFTER EXCLUSION OF SOURCES,NP,NEGOTIATED PROPOSAL/QUOTE,SBA,SMALL BUSINESS SET ASIDE - TOTAL,NONE,NO PREFERENCE USED,,,,,,,5,A,COMMERCIAL PRODUCTS/SERVICES,f,N,NO,N,NO,Y,YES,N,NO,0.00,N,NO,N,NO,Y,YES,N,NO,X,NOT APPLICABLE,,,,,,,,,,N,NO,X,NOT APPLICABLE EXEMPT FROM CAS,N,N,,,D,NOT CONSOLIDATED,Y,YES - SERVICE WHERE PBA IS USED.,N,NO,,,N,NO,X,NOT APPLICABLE,f,f,f,f,f,t,t,f,f,f,f,f,t,f,f,f,t,f,f,SMALL BUSINESS,S,f,f,f,f,f,f,f,f,f,f,f,f,f,f,f,f,f,SOLE PROPRIETORSHIP,f,f,f,t,f,f,f,f,f,f,f,f,f,f,f,f,f,t,f,f,f,f,f,f,f,f,t,f,t,f,f,f,f,f,f,f,f,f,f,f,f,f,f,f,f,t,f,t,f,f,,,,,,,,,,,https://www.usaspending.gov/award/CONT_AWD_70LGLY21CGLB00001_7015_-NONE-_-NONE-/,2026-01-30
CONT_AWD_70LGLY21CGLB00003_7015_-NONE-_-NONE-,70LGLY21CGLB00003,,,,Q: Not Designated Nonemergency/Emergency/Disaster/Wildfire Suppression,,,,,28338729.72,19980387.59,30899648.32,30899648.32,2021-03-31,2021,2026-02-04,2026,2021-04-01,2026-02-28,2026-02-28 00:00:00,,2021-01-11,070,Department of Homeland Security,7015,Federal Law Enforcement Training Center,70LGLY,FLETC GLYNCO PROCUREMENT OFFICE,070,Department of Homeland Security,7015,Federal Law Enforcement Training Center,70LGGA,FLETC GLYNCO OPERATIONS,070-2020/2021-0509-000;070-2021/2021-0509-000;070-2021/2022-0509-000;070-2022/2022-0509-000;070-2022/2023-0509-000;070-2023/2023-0509-000;070-2023/2024-0509-000;070-2024/2024-0509-000;070-2024/2025-0509-000;070-2025/2025-0509-000;070-2025/2026-0509-000;070-2025/2029-0509-000;070-2026/2026-0509-000;070-2026/2027-0509-000,070-0509,25.6: Medical care;26.0: Supplies and materials;43.0: Interest and dividends,0005: CAS - LAW ENFORCEMENT TRAINING;0801: SALARIES AND EXPENSES (REIMBURSABLE),X,NOT APPLICABLE,,,S58NJBBDKRF5,,KADIAK LLC,"KADIAK, LLC",,7MX68,DRDKNY4L1T33,,"KONIAG, INC.",KADIAK LLC,USA,UNITED STATES,3800 CENTERPOINT DR STE 502,,ANCHORAGE,02020,ANCHORAGE,02,AK,ALASKA,995035825,AK-00,AK-00,9072614067,,USA,UNITED STATES,BRUNSWICK,13127,GLYNN,13,GA,GEORGIA,315259229,GA-01,GA-01,AWARD,D,DEFINITIVE CONTRACT,,,,,,,J,FIRM FIXED PRICE,"HEALTH SERVICES, ENTERPRISE, SBA EM1608747851Z",70LGLY21RGLB00002,1,OT,OTHER FUNCTIONS,Q201,MEDICAL- MANAGED HEALTHCARE,H,NOT BUNDLED,,,621999,ALL OTHER MISCELLANEOUS AMBULATORY HEALTH CARE SERVICES,E,BIO-BASED,A,U.S. OWNED BUSINESS,,,,,A,MEETS REQUIREMENTS,USA,UNITED STATES,C,NOT A MANUFACTURED END PRODUCT,B,PLAN NOT REQUIRED,B,NOT AVAILABLE FOR COMPETITION,SSS,ONLY ONE SOURCE,NONE,NO SET ASIDE USED.,NONE,NO PREFERENCE USED,,,,,OTH,AUTHORIZED BY STATUTE (FAR 6.302-5(A)(2)(I)),1,A,COMMERCIAL PRODUCTS/SERVICES,f,N,NO,N,NO,X,NOT APPLICABLE,N,NO,0.00,N,NO,X,NOT APPLICABLE,Y,YES,X,NOT APPLICABLE,X,NOT APPLICABLE,,,,,,,,,,N,NO,X,NOT APPLICABLE EXEMPT FROM CAS,Y,Y,,,D,NOT CONSOLIDATED,Y,YES - SERVICE WHERE PBA IS USED.,N,NO,,,N,NO,X,NOT APPLICABLE,t,f,f,f,f,f,f,f,f,f,f,f,t,f,f,f,f,t,f,SMALL BUSINESS,S,f,f,f,f,f,f,f,f,f,f,f,f,f,f,f,f,f,CORPORATE NOT TAX EXEMPT,t,f,f,f,f,f,f,f,f,f,f,f,f,f,f,f,f,t,f,f,f,f,f,f,f,f,t,f,t,f,f,f,f,f,f,f,f,f,f,f,f,f,f,f,f,t,f,t,f,f,JOSHUA  VO,199564.00,,,,,,,,,https://www.usaspending.gov/award/CONT_AWD_70LGLY21CGLB00003_7015_-NONE-_-NONE-/,2026-02-04
CONT_AWD_70LGLY21CSSB00008_7015_-NONE-_-NONE-,70LGLY21CSSB00008,,,,Q: Not Designated Nonemergency/Emergency/Disaster/Wildfire Suppression,,,,,30175923.61,20711122.43,30727419.61,30727419.61,2021-09-28,2021,2025-09-24,2025,2021-09-29,2026-09-28,2026-09-28 00:00:00,,2021-08-18,070,Department of Homeland Security,7015,Federal Law Enforcement Training Center,70LGLY,FLETC GLYNCO PROCUREMENT OFFICE,070,Department of Homeland Security,7015,Federal Law Enforcement Training Center,70LGGA,FLETC GLYNCO OPERATIONS,070-2021/2021-0509-000;070-2022/2022-0509-000;070-2023/2023-0509-000;070-2024/2024-0509-000;070-2025/2025-0509-000;070-2025/2029-0509-000;070-X-0509-000,070-0509,25.7: Operation and maintenance of equipment;31.0: Equipment;43.0: Interest and dividends,0005: CAS - LAW ENFORCEMENT TRAINING;0801: SALARIES AND EXPENSES (REIMBURSABLE),X,NOT APPLICABLE,,,KTMAJCY6JXM3,,"LEIDOS, INC.","LEIDOS, INC.",,5UTE0,ZL41ERXMPAR3,,"LEIDOS HOLDINGS, INC.",LEIDOS  INC.,USA,UNITED STATES,1750 PRESIDENTS ST,,RESTON,51059,FAIRFAX,51,VA,VIRGINIA,201905617,VA-11,VA-11,5715266000,,USA,UNITED STATES,BRUNSWICK,13127,GLYNN,13,GA,GEORGIA,315242000,GA-01,GA-01,AWARD,D,DEFINITIVE CONTRACT,,,,,,,J,FIRM FIXED PRICE,STUDENT ADMINISTRATION AND SCHEDULING SYSTEM (SASS) SERVICES FOR FLETC.,70LGLY21RSSB00017,1,CT,CRITICAL FUNCTIONS,DA01,IT AND TELECOM - BUSINESS APPLICATION/APPLICATION DEVELOPMENT SUPPORT SERVICES (LABOR),H,NOT BUNDLED,,,541511,CUSTOM COMPUTER PROGRAMMING SERVICES,C,NO CLAUSES INCLUDED AND NO SUSTAINABILITY INCLUDED,A,U.S. OWNED BUSINESS,,,,,E,NOT REQUIRED,USA,UNITED STATES,C,NOT A MANUFACTURED END PRODUCT,B,PLAN NOT REQUIRED,C,NOT COMPETED,SSS,ONLY ONE SOURCE,NONE,NO SET ASIDE USED.,NONE,NO PREFERENCE USED,,,,,ONE,ONLY ONE SOURCE-OTHER (FAR 6.302-1 OTHER),1,A,COMMERCIAL PRODUCTS/SERVICES,f,N,NO,N,NO,N,NO,N,NO,0.00,N,NO,X,NOT APPLICABLE,X,NOT APPLICABLE,X,NOT APPLICABLE,X,NOT APPLICABLE,,,,,,,,,,N,NO,X,NOT APPLICABLE EXEMPT FROM CAS,Y,Y,,,D,NOT CONSOLIDATED,Y,YES - SERVICE WHERE PBA IS USED.,N,NO,,,N,NO,X,NOT APPLICABLE,f,f,f,f,f,f,f,f,f,f,f,f,f,f,f,f,f,f,f,OTHER THAN SMALL BUSINESS,O,f,f,f,f,f,f,f,f,f,f,f,f,f,f,f,f,f,CORPORATE NOT TAX EXEMPT,t,f,f,f,f,f,f,f,f,f,f,f,f,f,f,f,f,t,f,f,f,f,f,f,f,f,f,f,t,f,f,f,f,f,f,f,f,f,f,f,f,f,f,f,f,f,f,f,f,f,,,,,,,,,,,https://www.usaspending.gov/award/CONT_AWD_70LGLY21CSSB00008_7015_-NONE-_-NONE-/,2025-09-24
CONT_AWD_70LGLY22CGLB00001_7015_-NONE-_-NONE-,70LGLY22CGLB00001,,,,Q: Not Designated Nonemergency/Emergency/Disaster/Wildfire Suppression,,,,,75266583.59,50597548.04,75272894.31,75872894.31,2022-01-28,2022,2026-01-07,2026,2022-02-01,2026-09-30,2026-09-30 00:00:00,,2021-09-30,070,Department of Homeland Security,7015,Federal Law Enforcement Training Center,70LGLY,FLETC GLYNCO PROCUREMENT OFFICE,070,Department of Homeland Security,7015,Federal Law Enforcement Training Center,70LGGA,FLETC GLYNCO OPERATIONS,070-2021/2022-0509-000;070-2022/2022-0509-000;070-2022/2023-0509-000;070-2023/2023-0509-000;070-2023/2024-0509-000;070-2024/2024-0509-000;070-2025/2025-0509-000;070-2025/2029-0509-000;070-2026/2026-0509-000,070-0509,25.8: Subsistence and support of persons;43.0: Interest and dividends,0005: CAS - LAW ENFORCEMENT TRAINING;0801: SALARIES AND EXPENSES (REIMBURSABLE),X,NOT APPLICABLE,,,DLM1KL6LJ5M9,,GEORGIA VOCATIONAL REHABILITATION AGENCY,GEORGIA VOCATIONAL REHABILITATION AGENCY,,3B4X8,DLM1KL6LJ5M9,,GEORGIA VOCATIONAL REHABILITATION AGENCY,GEORGIA VOCATIONAL REHABILITATION AGENCY,USA,UNITED STATES,5238 ROYAL WOODS,,TUCKER,13089,DEKALB,13,GA,GEORGIA,300848617,GA-05,GA-04,7707246590,7707246598,USA,UNITED STATES,BRUNSWICK,13127,GLYNN,13,GA,GEORGIA,315242001,GA-01,GA-01,AWARD,D,DEFINITIVE CONTRACT,,,,,,,J,FIRM FIXED PRICE,"FOOD SERVICES, FLETC GLYNCO CAMPUS, GA: THE CONTRACTOR SHALL PROVIDE ALL LABOR, SUPPLIES, MATERIALS, EQUIPMENT AND SUPERVISION NECESSARY TO SERVE THREE MEALS IN BLDG. 75 AND LUNCH IN BLDG. 260.",70LGLY21RGLB00003,1,OT,OTHER FUNCTIONS,M1FD,OPERATION OF DINING FACILITIES,H,NOT BUNDLED,,,722310,FOOD SERVICE CONTRACTORS,H,FAR 52.223-4 & BIO-BASED,B,OTHER U.S. ENTITY (E.G. GOVERNMENT),,,,,A,MEETS REQUIREMENTS,USA,UNITED STATES,C,NOT A MANUFACTURED END PRODUCT,B,PLAN NOT REQUIRED,B,NOT AVAILABLE FOR COMPETITION,SSS,ONLY ONE SOURCE,NONE,NO SET ASIDE USED.,NONE,NO PREFERENCE USED,,,,,OTH,AUTHORIZED BY STATUTE (FAR 6.302-5(A)(2)(I)),1,A,COMMERCIAL PRODUCTS/SERVICES,f,N,NO,N,NO,X,NOT APPLICABLE,N,NO,0.00,N,NO,X,NOT APPLICABLE,Y,YES,X,NOT APPLICABLE,X,NOT APPLICABLE,,,,,,,,,,N,NO,X,NOT APPLICABLE EXEMPT FROM CAS,Y,Y,,,D,NOT CONSOLIDATED,Y,YES - SERVICE WHERE PBA IS USED.,N,NO,Z,NOT APPLICABLE,N,NO,X,NOT APPLICABLE,f,f,f,f,f,f,f,f,f,f,f,f,f,f,f,f,f,f,f,OTHER THAN SMALL BUSINESS,O,f,f,f,f,f,f,t,f,f,f,f,f,f,f,f,f,f,US GOVERNMENT ENTITY,f,f,f,f,f,f,t,f,f,f,f,f,f,f,f,f,f,t,f,f,f,f,f,f,f,f,f,f,f,f,f,f,f,f,f,f,f,f,f,f,f,f,f,f,f,f,f,f,f,f,,,,,,,,,,,https://www.usaspending.gov/award/CONT_AWD_70LGLY22CGLB00001_7015_-NONE-_-NONE-/,2026-01-07
CONT_AWD_70LGLY24FSSB00134_7015_70Z04723DPCNI0006_7008,70LGLY24FSSB00134,7008,U.S. COAST GUARD,70Z04723DPCNI0006,Q: Not Designated Nonemergency/Emergency/Disaster/Wildfire Suppression,,,,,31618380.00,12189335.10,31618380.00,31618380.00,2024-09-26,2024,2025-12-03,2026,2024-10-16,2026-10-19,2026-10-19 00:00:00,,2023-11-30,070,Department of Homeland Security,7015,Federal Law Enforcement Training Center,70LGLY,FLETC GLYNCO PROCUREMENT OFFICE,070,Department of Homeland Security,7015,Federal Law Enforcement Training Center,70LGGA,FLETC GLYNCO OPERATIONS,070-2023/2027-0510-000;070-2025/2029-0510-000;070-2026/2026-0509-000,070-0509;070-0510,32.0: Land and structures,"0002: ACQUISITIONS, CONSTRUCTION, IMPROVEMENTS AND RELATED EXPENSES (DIRECT)",X,NOT APPLICABLE,,,VEP4UN7LDMK5,,"WHITING-TURNER CONTRACTING COMPANY, THE","WHITING-TURNER CONTRACTING COMPANY, THE",,0DW43,VEP4UN7LDMK5,,"WHITING-TURNER CONTRACTING COMPANY, THE",THE WHITING-TURNER CONTRACTING COMPANY,USA,UNITED STATES,300 E JOPPA RD,,BALTIMORE,24005,BALTIMORE,24,MD,MARYLAND,212863020,MD-02,MD-02,4104942756,8888645769,USA,UNITED STATES,BRUNSWICK,13127,GLYNN,13,GA,GEORGIA,315242002,GA-01,GA-01,AWARD,C,DELIVERY ORDER,,,,,,,J,FIRM FIXED PRICE,B280 STRENGTH & CONDITIONING COMPLEX (SCC),70LGLY24RSSB00001,1,OT,OTHER FUNCTIONS,Y1CZ,CONSTRUCTION OF OTHER EDUCATIONAL BUILDINGS,H,NOT BUNDLED,,,236220,COMMERCIAL AND INSTITUTIONAL BUILDING CONSTRUCTION,A,FAR 52.223-4 INCLUDED,A,U.S. OWNED BUSINESS,,,,,A,MEETS REQUIREMENTS,USA,UNITED STATES,C,NOT A MANUFACTURED END PRODUCT,F,INDIVIDUAL SUBCONTRACT PLAN,A,FULL AND OPEN COMPETITION,MAFO,SUBJECT TO MULTIPLE AWARD FAIR OPPORTUNITY,,,NONE,NO PREFERENCE USED,,,FAIR,FAIR OPPORTUNITY GIVEN,,,7,D,COMMERCIAL PRODUCTS/SERVICES PROCEDURES NOT USED,f,N,NO,,,X,NOT APPLICABLE,N,NO,,N,NO,X,NOT APPLICABLE,Y,YES,Y,YES,X,NOT APPLICABLE,,,B,IDC,M,MULTIPLE AWARD,,,,N,NO,X,NOT APPLICABLE EXEMPT FROM CAS,N,N,,,D,NOT CONSOLIDATED,N,NO - SERVICE WHERE PBA IS NOT USED.,N,NO,F,PERFORMANCE-BASED FINANCING,N,NO,X,NOT APPLICABLE,f,f,f,f,f,f,f,f,f,f,f,f,f,f,f,f,f,f,f,OTHER THAN SMALL BUSINESS,O,f,f,f,f,f,f,f,f,f,f,f,f,f,f,f,f,f,CORPORATE NOT TAX EXEMPT,t,f,f,f,f,f,f,f,f,f,f,f,f,f,f,f,f,t,f,f,f,f,f,f,f,f,f,f,t,f,f,f,f,f,f,f,f,f,f,f,f,f,f,f,f,f,f,f,f,f,,,,,,,,,,,https://www.usaspending.gov/award/CONT_AWD_70LGLY24FSSB00134_7015_70Z04723DPCNI0006_7008/,2025-12-03
CONT_AWD_70LGLY25CGLB00004_7015_-NONE-_-NONE-,70LGLY25CGLB00004,,,,Q: Not Designated Nonemergency/Emergency/Disaster/Wildfire Suppression,,,,,35026032.43,6978112.07,35075625.33,99644183.43,2025-06-18,2025,2025-12-18,2026,2025-07-01,2026-09-30,2030-06-30 00:00:00,,2023-11-29,070,Department of Homeland Security,7015,Federal Law Enforcement Training Center,70LGLY,FLETC GLYNCO PROCUREMENT OFFICE,070,Department of Homeland Security,7015,Federal Law Enforcement Training Center,70LGGA,FLETC GLYNCO OPERATIONS,070-2025/2025-0509-000;070-2025/2026-0509-000;070-2025/2029-0509-000;070-2026/2026-0509-000,070-0509,25.4: Operation and maintenance of facilities;25.8: Subsistence and support of persons;43.0: Interest and dividends,0005: CAS - LAW ENFORCEMENT TRAINING;0801: SALARIES AND EXPENSES (REIMBURSABLE),X,NOT APPLICABLE,,,JXGZBLGBA996,,"T47 INTERNATIONAL, INC.","T47 INTERNATIONAL, INC.",,6YXV2,HNCXGL25D7L3,,T47 INTERNATIONAL  INC.,T47 INTERNATIONAL  INC.,USA,UNITED STATES,16901 MELFORD BLVD STE 129,,BOWIE,24033,PRINCE GEORGE'S,24,MD,MARYLAND,207154480,MD-05,MD-05,3015802656,,USA,UNITED STATES,BRUNSWICK,13127,GLYNN,13,GA,GEORGIA,315242002,GA-01,GA-01,AWARD,D,DEFINITIVE CONTRACT,,,,,,,J,FIRM FIXED PRICE,DORM MANAGEMENT SERVICES,70LGLY24RGLB00001,1,OT,OTHER FUNCTIONS,S201,HOUSEKEEPING- CUSTODIAL JANITORIAL,H,NOT BUNDLED,,,561720,JANITORIAL SERVICES,F,ENVIRONMENTALLY PREFERABLE,A,U.S. OWNED BUSINESS,,,,,A,MEETS REQUIREMENTS,USA,UNITED STATES,C,NOT A MANUFACTURED END PRODUCT,B,PLAN NOT REQUIRED,D,FULL AND OPEN COMPETITION AFTER EXCLUSION OF SOURCES,NP,NEGOTIATED PROPOSAL/QUOTE,8A,8A COMPETED,NONE,NO PREFERENCE USED,,,,,,,3,A,COMMERCIAL PRODUCTS/SERVICES,f,N,NO,,,Y,YES,N,NO,0.00,N,NO,N,NO,Y,YES,N,NO,X,NOT APPLICABLE,,,,,,,,,,N,NO,X,NOT APPLICABLE EXEMPT FROM CAS,N,N,,,D,NOT CONSOLIDATED,Y,YES - SERVICE WHERE PBA IS USED.,N,NO,,,N,NO,X,NOT APPLICABLE,f,f,f,f,f,t,f,t,t,t,f,f,t,f,f,t,f,f,f,SMALL BUSINESS,S,f,f,f,f,f,f,f,f,f,f,f,f,f,f,f,f,f,CORPORATE NOT TAX EXEMPT,t,f,f,f,f,f,f,f,f,f,f,f,f,f,f,f,f,t,f,f,f,f,f,f,f,f,f,f,t,f,f,f,f,f,f,f,f,f,f,f,f,f,f,f,f,f,f,t,f,f,,,,,,,,,,,https://www.usaspending.gov/award/CONT_AWD_70LGLY25CGLB00004_7015_-NONE-_-NONE-/,2025-12-18
CONT_AWD_70RFP120FRE400026_7001_HSHQE417D00001_7001,70RFP120FRE400026,7001,OFFICE OF PROCUREMENT OPERATIONS,HSHQE417D00001,Q: Not Designated Nonemergency/Emergency/Disaster/Wildfire Suppression,,,,,22971685.05,2425984.31,22971685.05,22971685.05,2020-09-28,2020,2025-12-11,2026,2020-09-28,2021-09-30,2021-09-30 00:00:00,,2020-09-28,070,Department of Homeland Security,7001,Office of Procurement Operations,70RFP1,FPS EAST CCG DIV 1 ACQ DIV,070,Department of Homeland Security,7050,Office of the Under Secretary for Management,70MFPS,Federal Protective Service (FPS),070-X-0542-000,070-0542,25.2: Other services from non-Federal sources,0801: FEDERAL PROTECTIVE SERVICE (REIMBURSABLE);OPTN: FIELD IS OPTIONAL PRIOR TO FY21,X,NOT APPLICABLE,,,RG1VD6RNMXB5,,PARAGON SYSTEMS INC,"PARAGON SYSTEMS, INC",,69298,D6LPDBJCFE25,,SECURITAS AB,SECURITAS CRITICAL INFRASTRUCTURE SERVICES  INC.,USA,UNITED STATES,13900 LINCOLN PARK DR STE 300,,HERNDON,51059,FAIRFAX,51,VA,VIRGINIA,201713244,VA-11,VA-11,7032637176,7032639527,USA,UNITED STATES,ATLANTA,13121,FULTON,13,GA,GEORGIA,303031283,GA-05,GA-05,AWARD,C,DELIVERY ORDER,,,,,,,J,FIRM FIXED PRICE,"PROTECTIVE SECURITY OFFICER SERVICES THROUGHOUT THE STATE OF GEORGIA, 10/1/20 - 9/30/21",,1,CT,CRITICAL FUNCTIONS,S206,HOUSEKEEPING- GUARD,H,NOT BUNDLED,,,561612,SECURITY GUARDS AND PATROL SERVICES,C,NO CLAUSES INCLUDED AND NO SUSTAINABILITY INCLUDED,C,FOREIGN-OWNED BUSINESS INCORPORATED IN THE U.S.,,,,,E,NOT REQUIRED,USA,UNITED STATES,C,NOT A MANUFACTURED END PRODUCT,F,INDIVIDUAL SUBCONTRACT PLAN,A,FULL AND OPEN COMPETITION,NP,NEGOTIATED PROPOSAL/QUOTE,,,NONE,NO PREFERENCE USED,,,,,,,,A,COMMERCIAL PRODUCTS/SERVICES,f,N,NO,N,NO,Y,YES,N,NO,0.00,N,NO,X,NOT APPLICABLE,Y,YES,X,NOT APPLICABLE,X,NOT APPLICABLE,,,B,IDC,S,SINGLE AWARD,,,,N,NO,,,N,N,,,D,NOT CONSOLIDATED,N,NO - SERVICE WHERE PBA IS NOT USED.,N,NO,,,N,NO,X,NOT APPLICABLE,f,f,f,f,f,f,f,f,f,f,f,f,f,f,f,f,f,f,f,OTHER THAN SMALL BUSINESS,O,f,f,f,f,f,f,f,f,f,f,f,f,f,f,f,f,f,CORPORATE NOT TAX EXEMPT,t,f,f,f,f,f,f,f,f,f,f,f,f,f,f,f,f,t,f,f,f,f,f,f,f,f,f,t,t,f,f,f,f,f,f,f,f,f,f,f,f,f,f,f,f,f,f,f,f,f,ANTHONY  SABATINO,1344279.00,NICHOLAS  RE,707803.00,WILLIAM A HENRY,692045.00,SEAN  O'BRIEN,581457.00,LAURA  HAGAN,305500.00,https://www.usaspending.gov/award/CONT_AWD_70RFP120FRE400026_7001_HSHQE417D00001_7001/,2025-12-11
CONT_AWD_70RFP121FRE400023_7001_HSHQE417D00001_7001,70RFP121FRE400023,7001,OFFICE OF PROCUREMENT OPERATIONS,HSHQE417D00001,Q: Not Designated Nonemergency/Emergency/Disaster/Wildfire Suppression,,,,,23461376.75,4716737.49,23461376.75,23461376.75,2021-09-27,2021,2026-01-06,2026,2021-09-27,2022-09-30,2022-09-30 00:00:00,,2021-09-27,070,Department of Homeland Security,7001,Office of Procurement Operations,70RFP1,FPS EAST CCG DIV 1 ACQ DIV,070,Department of Homeland Security,7050,Office of the Under Secretary for Management,70MFPS,Federal Protective Service (FPS),070-X-0542-000,070-0542,25.2: Other services from non-Federal sources,0801: FEDERAL PROTECTIVE SERVICE (REIMBURSABLE),X,NOT APPLICABLE,,,RG1VD6RNMXB5,,PARAGON SYSTEMS INC,"PARAGON SYSTEMS, INC",,69298,D6LPDBJCFE25,,SECURITAS AB,SECURITAS CRITICAL INFRASTRUCTURE SERVICES  INC.,USA,UNITED STATES,13900 LINCOLN PARK DR STE 300,,HERNDON,51059,FAIRFAX,51,VA,VIRGINIA,201713244,VA-11,VA-11,7032637176,7032639527,USA,UNITED STATES,ATLANTA,13121,FULTON,13,GA,GEORGIA,303031283,GA-05,GA-05,AWARD,C,DELIVERY ORDER,,,,,,,J,FIRM FIXED PRICE,PROTECTIVE SECURITY OFFICER SERVICES THROUGHOUT THE STATE OF GEORGIA (10-1-21 - 9-30-22),,1,"CL,CT","CLOSELY ASSOCIATED,CRITICAL FUNCTIONS",S206,HOUSEKEEPING- GUARD,H,NOT BUNDLED,,,561612,SECURITY GUARDS AND PATROL SERVICES,C,NO CLAUSES INCLUDED AND NO SUSTAINABILITY INCLUDED,C,FOREIGN-OWNED BUSINESS INCORPORATED IN THE U.S.,,,,,E,NOT REQUIRED,USA,UNITED STATES,C,NOT A MANUFACTURED END PRODUCT,F,INDIVIDUAL SUBCONTRACT PLAN,A,FULL AND OPEN COMPETITION,NP,NEGOTIATED PROPOSAL/QUOTE,,,NONE,NO PREFERENCE USED,,,,,,,,A,COMMERCIAL PRODUCTS/SERVICES,f,N,NO,N,NO,Y,YES,N,NO,,N,NO,X,NOT APPLICABLE,Y,YES,X,NOT APPLICABLE,X,NOT APPLICABLE,,,B,IDC,S,SINGLE AWARD,,,,N,NO,,,N,N,,,D,NOT CONSOLIDATED,N,NO - SERVICE WHERE PBA IS NOT USED.,N,NO,,,N,NO,X,NOT APPLICABLE,f,f,f,f,f,f,f,f,f,f,f,f,f,f,f,f,f,f,f,OTHER THAN SMALL BUSINESS,O,f,f,f,f,f,f,f,f,f,f,f,f,f,f,f,f,f,CORPORATE NOT TAX EXEMPT,t,f,f,f,f,f,f,f,f,f,f,f,f,f,f,f,f,t,f,f,f,f,f,f,f,f,f,t,t,f,f,f,f,f,f,f,f,f,f,f,f,f,f,f,f,f,f,f,f,f,ANTHONY  SABATINO,1227072.00,"LESLIE, JR.  KACIBAN",980366.00,WILLIAM A HENRY,677390.00,ROBERT  RUBIN,614318.00,NICOLAS  RE,579889.00,https://www.usaspending.gov/award/CONT_AWD_70RFP121FRE400023_7001_HSHQE417D00001_7001/,2026-01-06
CONT_AWD_70SBUR21F00000194_7003_75N98119D00087_7529,70SBUR21F00000194,7529,NATIONAL INSTITUTES OF HEALTH,75N98119D00087,Q: Not Designated Nonemergency/Emergency/Disaster/Wildfire Suppression,,,,,80513834.38,60464011.46,80513834.38,104322636.06,2021-09-23,2021,2025-12-09,2026,2021-09-24,2026-08-11,2026-08-11 00:00:00,,2021-04-21,070,Department of Homeland Security,7003,U.S. Citizenship and Immigration Services,70SBUR,USCIS CONTRACTING OFFICE(ERBUR),070,Department of Homeland Security,7003,U.S. Citizenship and Immigration Services,70SC1S,US CITIZENSHIP  IMMIGRATION SVCS,070-X-5088-000;070-X-5389-000,070-5088;070-5389,21.0: Travel and transportation of persons;25.1: Advisory and assistance services;25.7: Operation and maintenance of equipment;31.0: Equipment,0001: CITIZENSHIP AND IMMIGRATION SERVICES (DIRECT),X,NOT APPLICABLE,,,MC6UGLKT3UE5,,OCTO METRIC LLC,OCTO METRIC LLC,,81EM5,MC6UGLKT3UE5,,OCTO METRIC LLC,OCTO METRIC LLC,USA,UNITED STATES,1175 PEACHTREE ST NE STE 1000 FL 10,,ATLANTA,13121,FULTON,13,GA,GEORGIA,303613542,GA-05,GA-05,5712750120,,USA,UNITED STATES,ATLANTA,13121,FULTON,13,GA,GEORGIA,303613542,GA-05,GA-05,AWARD,C,DELIVERY ORDER,,,,,,,Y,TIME AND MATERIALS,PROFESSIONAL IT AGILE SERVICES FOR PREDICTIVE LAKE ANALYTICS NEXTGEN EXCHANGE SERVICES (PLANXS).,70SBUR21R00000023,1,OT,OTHER FUNCTIONS,DA01,IT AND TELECOM - BUSINESS APPLICATION/APPLICATION DEVELOPMENT SUPPORT SERVICES (LABOR),H,NOT BUNDLED,,,541512,COMPUTER SYSTEMS DESIGN SERVICES,C,NO CLAUSES INCLUDED AND NO SUSTAINABILITY INCLUDED,A,U.S. OWNED BUSINESS,,,,,E,NOT REQUIRED,USA,UNITED STATES,C,NOT A MANUFACTURED END PRODUCT,B,PLAN NOT REQUIRED,D,FULL AND OPEN COMPETITION AFTER EXCLUSION OF SOURCES,MAFO,SUBJECT TO MULTIPLE AWARD FAIR OPPORTUNITY,SBA,SMALL BUSINESS SET ASIDE - TOTAL,NONE,NO PREFERENCE USED,,,CSA,COMPETITIVE SET ASIDE,,,15,D,COMMERCIAL PRODUCTS/SERVICES PROCEDURES NOT USED,f,N,NO,N,NO,Y,YES,N,NO,,N,NO,X,NOT APPLICABLE,X,NOT APPLICABLE,X,NOT APPLICABLE,X,NOT APPLICABLE,,,A,GWAC,M,MULTIPLE AWARD,,,,,,,,Y,Y,,,D,NOT CONSOLIDATED,Y,YES - SERVICE WHERE PBA IS USED.,,,,,N,NO,X,NOT APPLICABLE,f,f,f,f,f,f,f,f,f,f,f,f,f,f,f,f,f,f,f,SMALL BUSINESS,S,f,f,f,f,f,f,f,f,f,f,f,f,f,f,f,f,f,PARTNERSHIP,f,f,t,f,f,f,f,f,f,f,f,f,f,f,f,f,f,t,f,f,f,f,f,f,f,f,t,f,t,f,f,f,f,f,f,f,f,f,f,f,f,f,f,f,f,f,f,f,f,f,ABU  MALIK,260000.00,DAVE  MEAGHER,310000.00,ADAM  SCHWABER,290000.00,PERRY  KESSLER,285000.00,NEAL  SMITH,227346.00,https://www.usaspending.gov/award/CONT_AWD_70SBUR21F00000194_7003_75N98119D00087_7529/,2025-12-09
CONT_AWD_75A50120F80007_7505_GS07F0418K_4730,75A50120F80007,4730,FEDERAL ACQUISITION SERVICE,GS07F0418K,N: Emergency P.L. 116-136;Q: Not Designated Nonemergency/Emergency/Disaster/Wildfire Suppression;U: Emergency P.L. 116-260;V: Non-emergency P.L. 117-2,26612629.34,31250361.47,,,152566879.42,115912562.69,152566879.42,207168272.83,2020-02-25,2020,2025-02-22,2025,2020-02-22,2025-08-21,2025-08-21 00:00:00,,2019-12-13,075,Department of Health and Human Services,7505,Office of Assistant Secretary for Preparedness and Response,75A503,ASPR/ORM-SNS,075,Department of Health and Human Services,7505,Office of Assistant Secretary for Preparedness and Response,75A503,ASPR/ORM-SNS,075-2020/2024-0140-000;075-2021/2024-0140-000;075-2023/2023-0140-000;075-2023/2024-0140-000;075-X-0140-000;075-X-1000-000,075-0140;075-1000,25.2: Other services from non-Federal sources;25.4: Operation and maintenance of facilities,0001: ADMINISTRATION FOR STRATEGIC PREPAREDNESS AND RESPONSE;0001: PUBLIC HEALTH AND SOCIAL SERVICES EMERGENCY FUND,X,NOT APPLICABLE,,,RG1VD6RNMXB5,,PARAGON SYSTEMS INC,"PARAGON SYSTEMS, INC",,69298,D6LPDBJCFE25,,SECURITAS AB,SECURITAS CRITICAL INFRASTRUCTURE SERVICES  INC.,USA,UNITED STATES,13900 LINCOLN PARK DR STE 300,,HERNDON,51059,FAIRFAX,51,VA,VIRGINIA,201713244,VA-11,VA-11,7032637176,7032639527,USA,UNITED STATES,ATLANTA,13089,DEKALB,13,GA,GEORGIA,303411737,GA-05,GA-05,AWARD,C,DELIVERY ORDER,,,,,,,Y,TIME AND MATERIALS,ARMED GUARD SERVICES,75A50120Q00001,1,"CL,CT","CLOSELY ASSOCIATED,CRITICAL FUNCTIONS",R430,SUPPORT- PROFESSIONAL: PHYSICAL SECURITY AND BADGING,H,NOT BUNDLED,,,561612,SECURITY GUARDS AND PATROL SERVICES,C,NO CLAUSES INCLUDED AND NO SUSTAINABILITY INCLUDED,A,U.S. OWNED BUSINESS,,,,,E,NOT REQUIRED,USA,UNITED STATES,C,NOT A MANUFACTURED END PRODUCT,B,PLAN NOT REQUIRED,A,FULL AND OPEN COMPETITION,MAFO,SUBJECT TO MULTIPLE AWARD FAIR OPPORTUNITY,,,NONE,NO PREFERENCE USED,,,FOO,FOLLOW-ON ACTION FOLLOWING COMPETITIVE INITIAL ACTION,,,1,A,COMMERCIAL PRODUCTS/SERVICES,f,N,NO,N,NO,X,NOT APPLICABLE,N,NO,,N,NO,X,NOT APPLICABLE,Y,YES,X,NOT APPLICABLE,X,NOT APPLICABLE,,,C,FSS,M,MULTIPLE AWARD,PROTECTIVE GUARD,,,,,,,N,N,,,D,NOT CONSOLIDATED,N,NO - SERVICE WHERE PBA IS NOT USED.,N,NO,Z,NOT APPLICABLE,N,NO,X,NOT APPLICABLE,f,f,f,f,f,f,f,f,f,f,f,f,f,f,f,f,f,f,f,OTHER THAN SMALL BUSINESS,O,f,f,f,f,f,f,f,f,f,f,f,f,f,f,f,f,f,CORPORATE NOT TAX EXEMPT,t,f,f,f,f,f,f,f,f,f,f,f,f,f,f,t,f,f,f,f,f,f,f,f,f,f,f,f,t,f,f,f,f,f,f,f,f,f,f,f,f,f,f,f,f,f,f,f,t,f,ANTHONY  SABATINO,1344279.00,NICHOLAS  RE,707803.00,WILLIAM A HENRY,692045.00,SEAN  O'BRIEN,581457.00,LAURA  HAGAN,305500.00,https://www.usaspending.gov/award/CONT_AWD_75A50120F80007_7505_GS07F0418K_4730/,2025-03-17
CONT_AWD_75A50121C00010_7505_-NONE-_-NONE-,75A50121C00010,,,,N: Emergency P.L. 116-136,56446895.46,56446895.46,,,56446895.46,56446895.46,56446895.46,90246895.46,2021-03-01,2021,2025-06-10,2025,2021-03-01,2025-06-11,2025-06-21 00:00:00,,2020-12-19,075,Department of Health and Human Services,7505,Office of Assistant Secretary for Preparedness and Response,75A501,BARDA - ASPR / DAAPPO / BARDA DCMA,075,Department of Health and Human Services,7505,Office of Assistant Secretary for Preparedness and Response,75A503,ASPR/ORM-SNS,075-2020/2024-0140-000,075-0140,22.0: Transportation of things;25.1: Advisory and assistance services;25.2: Other services from non-Federal sources,0001: PUBLIC HEALTH AND SOCIAL SERVICES EMERGENCY FUND,X,NOT APPLICABLE,,,ZJEUBM5FYLQ2,,"CARDINAL HEALTH 200, LLC","CARDINAL HEALTH 200, LLC",,07TA6,ZJEUBM5FYLQ2,,"CARDINAL HEALTH 200, LLC",CARDINAL HEALTH  INC.,USA,UNITED STATES,3651 BIRCHWOOD DR,,WAUKEGAN,17097,LAKE,17,IL,ILLINOIS,600858337,IL-10,IL-10,8475784883,,USA,UNITED STATES,ATLANTA,13089,DEKALB,13,GA,GEORGIA,303413211,GA-04,GA-04,AWARD,D,DEFINITIVE CONTRACT,,,,,,,J,FIRM FIXED PRICE,"THE UNITED STATES GOVERNMENT (USG) HAS A REQUIREMENT FOR VENDOR MANAGED INVENTORY (VMI) AND DISTRIBUTION SERVICES OF GOVERNMENT FURNISHED PRODUCT (GFP), PPE & TESTING SUPPLIES.",75A50121R00006,1,"CL,CT","CLOSELY ASSOCIATED,CRITICAL FUNCTIONS",R706,SUPPORT- MANAGEMENT: LOGISTICS SUPPORT,H,NOT BUNDLED,,,493110,GENERAL WAREHOUSING AND STORAGE,C,NO CLAUSES INCLUDED AND NO SUSTAINABILITY INCLUDED,A,U.S. OWNED BUSINESS,,,,,E,NOT REQUIRED,USA,UNITED STATES,C,NOT A MANUFACTURED END PRODUCT,F,INDIVIDUAL SUBCONTRACT PLAN,C,NOT COMPETED,SSS,ONLY ONE SOURCE,NONE,NO SET ASIDE USED.,NONE,NO PREFERENCE USED,,,,,ONE,ONLY ONE SOURCE-OTHER (FAR 6.302-1 OTHER),1,A,COMMERCIAL PRODUCTS/SERVICES,f,N,NO,N,NO,N,NO,N,NO,0.00,N,NO,N,NO,N,NO,N,NO,X,NOT APPLICABLE,,,,,,,,,,N,NO,N,NO - CAS WAIVER APPROVED,N,N,,,D,NOT CONSOLIDATED,N,NO - SERVICE WHERE PBA IS NOT USED.,N,NO,,,N,NO,X,NOT APPLICABLE,f,f,f,f,f,f,f,f,f,f,f,f,f,f,f,f,f,f,f,OTHER THAN SMALL BUSINESS,O,f,f,f,f,f,f,f,f,f,f,f,f,f,f,f,f,f,OTHER,f,f,f,f,f,f,f,f,f,f,f,f,f,f,f,f,f,t,f,f,f,f,f,f,f,f,t,f,t,f,f,f,f,f,f,f,f,f,f,f,f,f,f,f,f,f,f,f,f,f,,,,,,,,,,,https://www.usaspending.gov/award/CONT_AWD_75A50121C00010_7505_-NONE-_-NONE-/,2025-06-11
CONT_AWD_75A50223C00019_7505_-NONE-_-NONE-,75A50223C00019,,,,U: Emergency P.L. 116-260;V: Non-emergency P.L. 117-2,6472166.00,50634521.00,,,50634521.00,6472166.00,50634521.00,50634521.00,2023-05-15,2023,2025-09-30,2025,2021-06-17,2024-11-02,2024-11-02 00:00:00,,2021-03-23,075,Department of Health and Human Services,7505,Office of Assistant Secretary for Preparedness and Response,75A502,ASPR/DAAPPO/ORM HQ,075,Department of Health and Human Services,7505,Office of Assistant Secretary for Preparedness and Response,75A502,ASPR/DAAPPO/ORM HQ,075-2021/2024-0140-000;075-2021/2025-0150-000,075-0140;075-0150,26.0: Supplies and materials,0001: DIRECT PROGRAM ACTIVITY;0001: PUBLIC HEALTH AND SOCIAL SERVICES EMERGENCY FUND,X,NOT APPLICABLE,,,EMF1W85UHQQ4,,"SHOWA BEST GLOVE, INC.","SHOWA BEST GLOVE, INC.",,4WGN1,EMF1W85UHQQ4,,"SHOWA BEST GLOVE, INC.",SHOWA BEST GLOVE  INC.,USA,UNITED STATES,579 EDISON ST,,MENLO,13055,CHATTOOGA,13,GA,GEORGIA,307316335,GA-14,GA-14,7063467152,7068622660,USA,UNITED STATES,MENLO,13055,CHATTOOGA,13,GA,GEORGIA,307316335,GA-14,GA-14,AWARD,D,DEFINITIVE CONTRACT,,,,,,,J,FIRM FIXED PRICE,"COVID-19 CAPACITY EXPANSION CONTRACT FOR DOMESTIC MANUFACTURE OF NITRILE GLOVES, TRANSITIONING FROM THE DOD/AF TO HHS/ASPR. DOD/AF CONTRACT NO. FA8534-21-C-0002.",FA8534-21-R-0012,1,,,6515,"MEDICAL AND SURGICAL INSTRUMENTS, EQUIPMENT, AND SUPPLIES",H,NOT BUNDLED,,,339113,SURGICAL APPLIANCE AND SUPPLIES MANUFACTURING,C,NO CLAUSES INCLUDED AND NO SUSTAINABILITY INCLUDED,C,FOREIGN-OWNED BUSINESS INCORPORATED IN THE U.S.,,,,,E,NOT REQUIRED,USA,UNITED STATES,D,MFG IN U.S.,F,INDIVIDUAL SUBCONTRACT PLAN,A,FULL AND OPEN COMPETITION,NP,NEGOTIATED PROPOSAL/QUOTE,NONE,NO SET ASIDE USED.,NONE,NO PREFERENCE USED,,,,,,,1,A,COMMERCIAL PRODUCTS/SERVICES,f,N,NO,,,N,NO,N,NO,0.00,N,NO,N,NO,X,NOT APPLICABLE,X,NOT APPLICABLE,X,NOT APPLICABLE,,,,,,,,,,N,NO,X,NOT APPLICABLE EXEMPT FROM CAS,N,N,,,D,NOT CONSOLIDATED,X,NOT APPLICABLE,N,NO,Z,NOT APPLICABLE,N,NO,X,NOT APPLICABLE,f,f,f,f,f,f,f,f,f,f,f,f,f,f,f,f,f,f,f,OTHER THAN SMALL BUSINESS,O,f,f,f,f,f,f,f,f,f,f,f,f,f,f,f,f,f,CORPORATE NOT TAX EXEMPT,t,f,f,f,f,f,f,f,f,f,f,f,t,f,f,f,f,t,f,f,f,f,f,f,f,f,f,t,t,f,f,f,f,f,f,f,f,f,f,f,f,f,f,f,f,f,f,f,f,f,,,,,,,,,,,https://www.usaspending.gov/award/CONT_AWD_75A50223C00019_7505_-NONE-_-NONE-/,2025-09-30
CONT_AWD_75A50323F80001_7505_GS00F022CA_4732,75A50323F80001,4732,FEDERAL ACQUISITION SERVICE,GS00F022CA,N: Emergency P.L. 116-136;Q: Not Designated Nonemergency/Emergency/Disaster/Wildfire Suppression,11190760.49,11886781.53,,,40085792.67,30626631.33,40085792.67,40085792.67,2022-11-30,2023,2026-01-29,2026,2022-12-01,2026-05-31,2026-05-31 00:00:00,,2022-11-21,075,Department of Health and Human Services,7505,Office of Assistant Secretary for Preparedness and Response,75A503,ASPR/ORM-SNS,075,Department of Health and Human Services,7505,Office of Assistant Secretary for Preparedness and Response,75A503,ASPR/ORM-SNS,075-2020/2024-0140-000;075-X-0140-000;075-X-1000-000,075-0140;075-1000,25.1: Advisory and assistance services,0001: ADMINISTRATION FOR STRATEGIC PREPAREDNESS AND RESPONSE;0001: PUBLIC HEALTH AND SOCIAL SERVICES EMERGENCY FUND,X,NOT APPLICABLE,,,E9BSACNAJ7G1,,"LEIDOS, INC.","LEIDOS, INC.",,6B6E6,E9BSACNAJ7G1,,"LEIDOS, INC.",LEIDOS  INC.,USA,UNITED STATES,1750 PRESIDENTS ST FL 6,,RESTON,51059,FAIRFAX,51,VA,VIRGINIA,201905617,VA-11,VA-11,5715266203,,USA,UNITED STATES,ATLANTA,13089,DEKALB,13,GA,GEORGIA,303415500,GA-04,GA-04,AWARD,C,DELIVERY ORDER,,,,,,,Y,TIME AND MATERIALS,"LOGISTICAL, OPERATIONAL, & ADMINISTRATIVE LABOR SUPPORT FOR DIVISION OF STRATEGIC NATIONAL STOCKPILE",,1,OT,OTHER FUNCTIONS,R799,SUPPORT- MANAGEMENT: OTHER,H,NOT BUNDLED,,,541611,ADMINISTRATIVE MANAGEMENT AND GENERAL MANAGEMENT CONSULTING SERVICES,C,NO CLAUSES INCLUDED AND NO SUSTAINABILITY INCLUDED,A,U.S. OWNED BUSINESS,,,,,E,NOT REQUIRED,USA,UNITED STATES,C,NOT A MANUFACTURED END PRODUCT,F,INDIVIDUAL SUBCONTRACT PLAN,A,FULL AND OPEN COMPETITION,MAFO,SUBJECT TO MULTIPLE AWARD FAIR OPPORTUNITY,,,NONE,NO PREFERENCE USED,,,FOO,FOLLOW-ON ACTION FOLLOWING COMPETITIVE INITIAL ACTION,,,1,A,COMMERCIAL PRODUCTS/SERVICES,f,N,NO,N,NO,Y,YES,N,NO,,N,NO,X,NOT APPLICABLE,Y,YES,X,NOT APPLICABLE,X,NOT APPLICABLE,,,C,FSS,M,MULTIPLE AWARD,,,,N,NO,,,N,N,,,D,NOT CONSOLIDATED,Y,YES - SERVICE WHERE PBA IS USED.,,,,,N,NO,X,NOT APPLICABLE,f,f,f,f,f,f,f,f,f,f,f,f,f,f,f,f,f,f,f,OTHER THAN SMALL BUSINESS,O,f,f,f,f,f,f,f,f,f,f,f,f,f,f,f,f,f,CORPORATE NOT TAX EXEMPT,t,f,f,f,f,f,f,f,f,f,f,f,f,f,f,f,f,t,f,f,f,f,f,f,f,f,f,f,t,f,f,f,f,f,f,f,f,f,f,f,f,f,f,f,f,f,f,f,f,f,,,,,,,,,,,https://www.usaspending.gov/award/CONT_AWD_75A50323F80001_7505_GS00F022CA_4732/,2026-01-29
CONT_AWD_75A50324C00009_7505_-NONE-_-NONE-,75A50324C00009,,,,N: Emergency P.L. 116-136;V: Non-emergency P.L. 117-2,20837495.00,66810209.47,,,66810209.47,20837495.00,71001333.41,71001333.41,2024-09-05,2024,2025-08-10,2025,2024-09-05,2027-09-05,2027-09-05 00:00:00,,2024-06-28,075,Department of Health and Human Services,7505,Office of Assistant Secretary for Preparedness and Response,75A503,ASPR/ORM-SNS,075,Department of Health and Human Services,7505,Office of Assistant Secretary for Preparedness and Response,75A503,ASPR/ORM-SNS,075-2020/2024-0140-000;075-X-0140-000,075-0140,26.0: Supplies and materials,0001: PUBLIC HEALTH AND SOCIAL SERVICES EMERGENCY FUND,X,NOT APPLICABLE,,,DC9GDLK3L5K4,,NEW YORK EMBROIDERY STUDIO INC.,NEW YORK EMBROIDERY STUDIO INC.,,8L8X6,DC9GDLK3L5K4,,NEW YORK EMBROIDERY STUDIO INC.,NEW YORK EMBROIDERY STUDIO INC.,USA,UNITED STATES,307 W 36TH ST,FRNT 3,NEW YORK,36061,NEW YORK,36,NY,NEW YORK,100186403,NY-12,NY-12,2129719101,,USA,UNITED STATES,ATLANTA,13089,DEKALB,13,GA,GEORGIA,303414112,GA-04,GA-04,AWARD,D,DEFINITIVE CONTRACT,,,,,,,J,FIRM FIXED PRICE,ISOLATION GOWNS,75A50322R00008,1,,,6532,HOSPITAL AND SURGICAL CLOTHING AND RELATED SPECIAL PURPOSE ITEMS,H,NOT BUNDLED,,,339113,SURGICAL APPLIANCE AND SUPPLIES MANUFACTURING,C,NO CLAUSES INCLUDED AND NO SUSTAINABILITY INCLUDED,A,U.S. OWNED BUSINESS,,,,,E,NOT REQUIRED,USA,UNITED STATES,D,MFG IN U.S.,B,PLAN NOT REQUIRED,A,FULL AND OPEN COMPETITION,NP,NEGOTIATED PROPOSAL/QUOTE,NONE,NO SET ASIDE USED.,NONE,NO PREFERENCE USED,,,,,,,23,A,COMMERCIAL PRODUCTS/SERVICES,f,N,NO,,,Y,YES,N,NO,0.00,N,NO,N,NO,N,NO,N,NO,X,NOT APPLICABLE,,,,,,,ISOLATION GOWNS,,,N,NO,X,NOT APPLICABLE EXEMPT FROM CAS,N,N,,,D,NOT CONSOLIDATED,X,NOT APPLICABLE,N,NO,Z,NOT APPLICABLE,N,NO,X,NOT APPLICABLE,f,f,f,f,f,f,f,t,t,t,f,f,f,f,f,f,f,f,f,OTHER THAN SMALL BUSINESS,O,f,f,f,f,f,f,f,f,f,f,f,f,f,f,f,f,f,CORPORATE NOT TAX EXEMPT,t,f,f,f,f,f,f,f,f,f,f,f,t,f,f,f,f,t,f,f,f,f,f,f,f,t,f,f,t,f,f,f,f,f,f,f,f,f,f,f,f,f,f,f,f,t,f,f,f,f,,,,,,,,,,,https://www.usaspending.gov/award/CONT_AWD_75A50324C00009_7505_-NONE-_-NONE-/,2025-08-10
CONT_AWD_75A50324C00010_7505_-NONE-_-NONE-,75A50324C00010,,,,V: Non-emergency P.L. 117-2,19881437.00,69621048.98,,,69621048.98,19881437.00,74072000.00,83948266.01,2024-09-06,2024,2025-08-11,2025,2024-09-06,2027-09-05,2027-09-05 00:00:00,,2024-05-31,075,Department of Health and Human Services,7505,Office of Assistant Secretary for Preparedness and Response,75A503,ASPR/ORM-SNS,075,Department of Health and Human Services,7505,Office of Assistant Secretary for Preparedness and Response,75A503,ASPR/ORM-SNS,075-X-0140-000,075-0140,26.0: Supplies and materials,0001: PUBLIC HEALTH AND SOCIAL SERVICES EMERGENCY FUND,X,NOT APPLICABLE,,,F8S8T3ZK1B41,,"AIRBOSS DEFENSE GROUP, LLC",AIRBOSS DEFENSE GROUP LLC,,4V009,F8S8T3ZK1B41,,"AIRBOSS DEFENSE GROUP, LLC",AIRBOSS DEFENSE GROUP LLC,USA,UNITED STATES,8261 PRESTON CT,,JESSUP,24027,HOWARD,24,MD,MARYLAND,207949681,MD-03,MD-03,9123467757,8438000033,USA,UNITED STATES,ATLANTA,13089,DEKALB,13,GA,GEORGIA,303414112,GA-04,GA-04,AWARD,D,DEFINITIVE CONTRACT,,,,,,,J,FIRM FIXED PRICE,ISOLATION GOWNS,75A50322R00008,1,,,6532,HOSPITAL AND SURGICAL CLOTHING AND RELATED SPECIAL PURPOSE ITEMS,H,NOT BUNDLED,,,339113,SURGICAL APPLIANCE AND SUPPLIES MANUFACTURING,C,NO CLAUSES INCLUDED AND NO SUSTAINABILITY INCLUDED,C,FOREIGN-OWNED BUSINESS INCORPORATED IN THE U.S.,,,,,E,NOT REQUIRED,USA,UNITED STATES,D,MFG IN U.S.,G,COMMERCIAL SUBCONTRACT PLAN,A,FULL AND OPEN COMPETITION,NP,NEGOTIATED PROPOSAL/QUOTE,NONE,NO SET ASIDE USED.,NONE,NO PREFERENCE USED,,,,,,,23,A,COMMERCIAL PRODUCTS/SERVICES,f,N,NO,,,Y,YES,N,NO,0.00,N,NO,N,NO,N,NO,N,NO,X,NOT APPLICABLE,,,,,,,,,,N,NO,X,NOT APPLICABLE EXEMPT FROM CAS,N,N,,,D,NOT CONSOLIDATED,X,NOT APPLICABLE,N,NO,Z,NOT APPLICABLE,N,NO,X,NOT APPLICABLE,f,f,f,f,f,f,f,f,f,f,f,f,f,f,f,f,f,f,f,OTHER THAN SMALL BUSINESS,O,f,f,f,f,f,f,f,f,f,f,f,f,f,f,f,f,f,PARTNERSHIP,f,f,t,f,f,f,f,f,f,f,f,f,t,f,f,f,f,t,f,f,f,f,f,f,f,f,f,t,t,f,f,f,f,f,f,f,f,f,f,f,f,f,f,f,f,f,f,f,f,f,,,,,,,,,,,https://www.usaspending.gov/award/CONT_AWD_75A50324C00010_7505_-NONE-_-NONE-/,2025-08-11
CONT_AWD_75D30118C00038_7523_-NONE-_-NONE-,75D30118C00038,,,,L: Emergency P.L. 116-123;N: Emergency P.L. 116-136;Q: Not Designated Nonemergency/Emergency/Disaster/Wildfire Suppression;U: Emergency P.L. 116-260,1514189.33,1514189.33,,,33858574.97,15303161.92,34796997.92,34796997.92,2018-09-21,2018,2025-01-02,2025,2018-09-23,2023-07-22,2023-07-22 00:00:00,,,075,Department of Health and Human Services,7523,Centers for Disease Control and Prevention,75D301,CDC OFFICE OF ACQUISITION SERVICES,075,Department of Health and Human Services,7523,Centers for Disease Control and Prevention,75D301,CDC OFFICE OF ACQUISITION SERVICES,075-2020/2022-0943-000;075-2020/2024-0943-000;075-2021/2024-0943-000;075-X-0945-000;075-X-4553-000,075-0943;075-0945;075-4553,25.4: Operation and maintenance of facilities,0002: CDC WIDE ACTIVITIES AND PROGRAM SUPPORT (0943);0801: CDC WORKING CAPITAL FUND (REIMBURSABLE),X,NOT APPLICABLE,,,HFYHKL91QJK3,,"GOODWILL INDUSTRIES OF NORTH GEORGIA, INC.","GOODWILL INDUSTRIES OF NORTH GEORGIA, INC.",,4Z078,HFYHKL91QJK3,,"GOODWILL INDUSTRIES OF NORTH GEORGIA, INC.",GOODWILL INDUSTRIES OF NORTH GEORGIA  INC.,USA,UNITED STATES,2201 LAWRENCEVILLE HWY,,DECATUR,13089,DEKALB,13,GA,GEORGIA,300333128,GA-04,GA-05,4044209900,4044209976,USA,UNITED STATES,ATLANTA,13089,DEKALB,13,GA,GEORGIA,303294018,GA-05,GA-05,AWARD,D,DEFINITIVE CONTRACT,,,,,,,J,FIRM FIXED PRICE,JANITORIAL,2018N67633,1,OT,OTHER FUNCTIONS,S201,HOUSEKEEPING- CUSTODIAL JANITORIAL,H,NOT BUNDLED,,,561790,OTHER SERVICES TO BUILDINGS AND DWELLINGS,J,FAR 52.223-4 & BIO-BASED & ENERGY EFFICIENT,A,U.S. OWNED BUSINESS,,,,,A,MEETS REQUIREMENTS,USA,UNITED STATES,C,NOT A MANUFACTURED END PRODUCT,B,PLAN NOT REQUIRED,C,NOT COMPETED,SSS,ONLY ONE SOURCE,NONE,NO SET ASIDE USED.,NONE,NO PREFERENCE USED,,,,,ONE,ONLY ONE SOURCE-OTHER (FAR 6.302-1 OTHER),1,D,COMMERCIAL PRODUCTS/SERVICES PROCEDURES NOT USED,f,N,NO,N,NO,X,NOT APPLICABLE,N,NO,0.00,N,NO,X,NOT APPLICABLE,Y,YES,X,NOT APPLICABLE,X,NOT APPLICABLE,,,,,,,,,,N,NO,X,NOT APPLICABLE EXEMPT FROM CAS,N,N,,,D,NOT CONSOLIDATED,N,NO - SERVICE WHERE PBA IS NOT USED.,N,NO,,,N,NO,X,NOT APPLICABLE,f,f,f,f,f,f,f,f,f,f,f,f,f,f,f,f,f,f,f,OTHER THAN SMALL BUSINESS,O,f,t,f,f,f,f,f,f,f,f,f,f,f,f,f,f,f,CORPORATE TAX EXEMPT,f,t,f,f,f,f,f,f,f,f,f,f,f,f,f,f,f,t,f,f,f,f,f,f,f,f,f,f,f,t,f,t,f,f,f,f,f,f,f,f,f,f,f,f,f,f,f,f,f,f,,,,,,,,,,,https://www.usaspending.gov/award/CONT_AWD_75D30118C00038_7523_-NONE-_-NONE-/,2025-01-02
CONT_AWD_75D30118C03202_7523_-NONE-_-NONE-,75D30118C03202,,,,Q: Not Designated Nonemergency/Emergency/Disaster/Wildfire Suppression;V: Non-emergency P.L. 117-2,566701.37,626397.20,,,20338649.30,8595761.61,20386231.62,20850034.42,2018-09-13,2018,2024-11-19,2025,2018-09-30,2023-09-29,2023-09-29 00:00:00,,,075,Department of Health and Human Services,7523,Centers for Disease Control and Prevention,75D301,CDC OFFICE OF ACQUISITION SERVICES,075,Department of Health and Human Services,7523,Centers for Disease Control and Prevention,75D301,CDC OFFICE OF ACQUISITION SERVICES,075-2015/2019-0943-000;075-2018/2018-0949-000;075-2018/2018-0951-000;075-2018/2018-0955-000;075-2018/2020-0943-000;075-2018/2020-0955-000;075-2019/2019-0949-000;075-2019/2019-0951-000;075-2019/2019-0955-000;075-2019/2019-0956-000;075-2020/2020-0949-000;075-2020/2020-0951-000;075-2020/2020-0955-000;075-2020/2022-0955-000;075-2021/2021-0951-000;075-2021/2021-0955-000;075-2022/2022-0951-000;075-2022/2022-0955-000;075-X-0943-000;075-X-0951-000;075-X-8250-000,075-0943;075-0949;075-0951;075-0955;075-0956;075-8250,25.1: Advisory and assistance services;25.2: Other services from non-Federal sources,0002: CDC WIDE ACTIVITIES AND PROGRAM SUPPORT (0943);0002: GIFTS;0005: EMERGING AND ZOONOTIC INFECTIOUS DISEASES (0949);0008: GLOBAL HEALTH (0955);0013: IMMUNIZATION AND RESPIRATORY DISEASES (0951);0022: EBOLA (EMERGENCY PURSUANT TO 2011 BCA);0024: CDC-WIDE ACTIVITIES AND PROGRAM SUPPORT (USER AND OTHER SIMILAR FEES),X,NOT APPLICABLE,,,JKCYFWJ3XY14,,"CHEROKEE FEDERAL SOLUTIONS, L.L.C.","CHEROKEE NATION ASSURANCE, L.L.C.",,69VN3,JKCYFWJ3XY14,,"CHEROKEE FEDERAL SOLUTIONS, L.L.C.",CHEROKEE FEDERAL SOLUTIONS  L.L.C.,USA,UNITED STATES,777 W CHEROKEE ST,,CATOOSA,40131,ROGERS,40,OK,OKLAHOMA,740153235,OK-01,OK-01,7174149938,,USA,UNITED STATES,ATLANTA,13089,DEKALB,13,GA,GEORGIA,303294018,GA-05,GA-05,AWARD,D,DEFINITIVE CONTRACT,,,,,,,Y,TIME AND MATERIALS,PROFESSIONAL SERVICES,75D30118Q68225,1,OT,OTHER FUNCTIONS,R499,SUPPORT- PROFESSIONAL: OTHER,H,NOT BUNDLED,,,541715,"RESEARCH AND DEVELOPMENT IN THE PHYSICAL, ENGINEERING, AND LIFE SCIENCES (EXCEPT NANOTECHNOLOGY AND BIOTECHNOLOGY)",C,NO CLAUSES INCLUDED AND NO SUSTAINABILITY INCLUDED,A,U.S. OWNED BUSINESS,,,,,E,NOT REQUIRED,USA,UNITED STATES,C,NOT A MANUFACTURED END PRODUCT,B,PLAN NOT REQUIRED,B,NOT AVAILABLE FOR COMPETITION,SSS,ONLY ONE SOURCE,8AN,8(A) SOLE SOURCE,NONE,NO PREFERENCE USED,,,,,OTH,AUTHORIZED BY STATUTE (FAR 6.302-5(A)(2)(I)),1,D,COMMERCIAL PRODUCTS/SERVICES PROCEDURES NOT USED,f,N,NO,N,NO,N,NO,N,NO,0.00,N,NO,N,NO,N,NO,N,NO,X,NOT APPLICABLE,,,,,,,,,,Y,YES,N,NO - CAS WAIVER APPROVED,N,N,,,D,NOT CONSOLIDATED,N,NO - SERVICE WHERE PBA IS NOT USED.,N,NO,,,N,NO,X,NOT APPLICABLE,f,t,f,f,t,f,f,f,f,f,f,f,f,f,f,f,f,t,f,SMALL BUSINESS,S,f,f,f,f,f,f,f,f,f,f,f,f,f,f,f,f,f,PARTNERSHIP,f,f,t,f,f,f,f,f,f,f,f,f,f,f,f,f,f,t,f,f,f,f,f,f,f,f,t,f,t,f,f,f,f,f,f,f,f,f,f,f,f,f,f,f,f,t,f,t,f,f,SCOTT  EDWARDS,50000.00,RICH  MYLOD,264466.00,,,,,,,https://www.usaspending.gov/award/CONT_AWD_75D30118C03202_7523_-NONE-_-NONE-/,2024-11-19
CONT_AWD_75D30118F00474_7523_GS35F328DA_4732,75D30118F00474,4732,FEDERAL ACQUISITION SERVICE,GS35F328DA,L: Emergency P.L. 116-123;N: Emergency P.L. 116-136;Q: Not Designated Nonemergency/Emergency/Disaster/Wildfire Suppression,4535652.04,3885040.59,,,21402632.44,4943050.66,21653287.81,22260335.32,2018-07-12,2018,2025-05-31,2025,2018-09-16,2021-09-15,2021-09-15 00:00:00,,,075,Department of Health and Human Services,7523,Centers for Disease Control and Prevention,75D301,CDC OFFICE OF ACQUISITION SERVICES,075,Department of Health and Human Services,7523,Centers for Disease Control and Prevention,75D301,CDC OFFICE OF ACQUISITION SERVICES,075-2018/2018-0956-000;075-2018/2020-0943-000;075-2019/2019-0956-000;075-2019/2019-0959-000;075-2020/2020-0956-000;075-2020/2022-0943-000;075-2020/2024-0943-000,075-0943;075-0956;075-0959,21.0: Travel and transportation of persons;25.1: Advisory and assistance services;25.2: Other services from non-Federal sources,0002: CDC WIDE ACTIVITIES AND PROGRAM SUPPORT (0943);0019: PUBLIC HEALTH PREPAREDNESS AND RESPONSE (0956),X,NOT APPLICABLE,,,QHBLBNKKV4U3,,"ICF INCORPORATED, L.L.C.","ICF INCORPORATED, L.L.C.",,5M571,S48EJAG5DJ11,,"ICF INTERNATIONAL, INC.",ICF INTERNATIONAL  INC.,USA,UNITED STATES,1902 RESTON METRO PLAZA,,RESTON,51059,FAIRFAX,51,VA,VIRGINIA,201905231,VA-11,VA-11,7032250160,,USA,UNITED STATES,ATLANTA,13089,DEKALB,13,GA,GEORGIA,303453114,GA-04,GA-04,AWARD,C,DELIVERY ORDER,,,,,,,Y,TIME AND MATERIALS,BIOSENSE 2018-2020,2018Q67895,1,CL,CLOSELY ASSOCIATED,D306,IT AND TELECOM- SYSTEMS ANALYSIS,H,NOT BUNDLED,,,541511,CUSTOM COMPUTER PROGRAMMING SERVICES,C,NO CLAUSES INCLUDED AND NO SUSTAINABILITY INCLUDED,A,U.S. OWNED BUSINESS,,,,,E,NOT REQUIRED,USA,UNITED STATES,C,NOT A MANUFACTURED END PRODUCT,F,INDIVIDUAL SUBCONTRACT PLAN,A,FULL AND OPEN COMPETITION,MAFO,SUBJECT TO MULTIPLE AWARD FAIR OPPORTUNITY,,,NONE,NO PREFERENCE USED,,,FAIR,FAIR OPPORTUNITY GIVEN,,,3,A,COMMERCIAL PRODUCTS/SERVICES,f,N,NO,N,NO,Y,YES,N,NO,,N,NO,X,NOT APPLICABLE,N,NO,X,NOT APPLICABLE,X,NOT APPLICABLE,,,C,FSS,M,MULTIPLE AWARD,,,,,,,,N,N,,,D,NOT CONSOLIDATED,N,NO - SERVICE WHERE PBA IS NOT USED.,,,,,N,NO,X,NOT APPLICABLE,f,f,f,f,f,f,f,f,f,f,f,f,f,f,f,f,f,f,f,OTHER THAN SMALL BUSINESS,O,f,f,f,f,f,f,f,f,f,f,f,f,f,f,f,f,f,OTHER,f,f,f,f,f,f,f,f,f,f,f,f,f,f,f,f,f,t,f,f,f,f,f,f,f,f,t,f,t,f,f,f,f,f,f,f,f,f,f,f,f,f,f,f,f,f,f,f,f,f,,,,,,,,,,,https://www.usaspending.gov/award/CONT_AWD_75D30118F00474_7523_GS35F328DA_4732/,2025-06-03
CONT_AWD_75D30119C05271_7523_-NONE-_-NONE-,75D30119C05271,,,,L: Emergency P.L. 116-123;Q: Not Designated Nonemergency/Emergency/Disaster/Wildfire Suppression,140662.11,214772.79,,,23918604.24,140165.02,23918604.24,23918604.24,2019-06-25,2019,2024-12-03,2025,2019-06-25,2020-11-30,2020-11-30 00:00:00,,,075,Department of Health and Human Services,7523,Centers for Disease Control and Prevention,75D301,CDC OFFICE OF ACQUISITION SERVICES,075,Department of Health and Human Services,7523,Centers for Disease Control and Prevention,75D301,CDC OFFICE OF ACQUISITION SERVICES,075-2020/2020-0951-000;075-2020/2020-0955-000;075-2020/2020-0959-000;075-2020/2022-0943-000;075-X-0945-000;075-X-4553-000,075-0943;075-0945;075-0951;075-0955;075-0959;075-4553,25.2: Other services from non-Federal sources;25.4: Operation and maintenance of facilities;25.7: Operation and maintenance of equipment,0001: DIRECT PROGRAM ACTIVITY;0002: CDC WIDE ACTIVITIES AND PROGRAM SUPPORT (0943);0008: GLOBAL HEALTH (0955);0013: IMMUNIZATION AND RESPIRATORY DISEASES (0951);0020: PUBLIC HEALTH SCIENTIFIC SERVICES (0959);0801: CDC WORKING CAPITAL FUND (REIMBURSABLE),X,NOT APPLICABLE,,,TL1KC3N18G37,,"CHENEGA GLOBAL PROTECTION, LLC","CHENEGA GLOBAL PROTECTION, LLC",,7ZTR1,TL1KC3N18G37,,"CHENEGA GLOBAL PROTECTION, LLC",CHENEGA GLOBAL PROTECTION  LLC,USA,UNITED STATES,14295 PARK MEADOW DR STE 400,,CHANTILLY,51059,FAIRFAX,51,VA,VIRGINIA,201512220,VA-11,VA-11,5712917636,,USA,UNITED STATES,ATLANTA,13089,DEKALB,13,GA,GEORGIA,303294018,GA-05,GA-05,AWARD,D,DEFINITIVE CONTRACT,,,,,,,Y,TIME AND MATERIALS,SERVICES,,1,OT,OTHER FUNCTIONS,R430,SUPPORT- PROFESSIONAL: PHYSICAL SECURITY AND BADGING,H,NOT BUNDLED,,,561621,SECURITY SYSTEMS SERVICES (EXCEPT LOCKSMITHS),C,NO CLAUSES INCLUDED AND NO SUSTAINABILITY INCLUDED,A,U.S. OWNED BUSINESS,,,,,E,NOT REQUIRED,USA,UNITED STATES,C,NOT A MANUFACTURED END PRODUCT,B,PLAN NOT REQUIRED,C,NOT COMPETED,SSS,ONLY ONE SOURCE,NONE,NO SET ASIDE USED.,NONE,NO PREFERENCE USED,,,,,URG,URGENCY (FAR 6.302-2),1,D,COMMERCIAL PRODUCTS/SERVICES PROCEDURES NOT USED,f,N,NO,N,NO,N,NO,N,NO,0.00,N,NO,N,NO,Y,YES,X,NOT APPLICABLE,X,NOT APPLICABLE,,,,,,,,,,N,NO,N,NO - CAS WAIVER APPROVED,N,N,,,D,NOT CONSOLIDATED,N,NO - SERVICE WHERE PBA IS NOT USED.,N,NO,,,N,NO,X,NOT APPLICABLE,t,f,f,f,f,f,f,f,f,f,f,f,t,f,f,f,f,t,f,SMALL BUSINESS,S,f,f,f,f,f,f,f,f,f,f,f,f,f,f,f,f,f,CORPORATE NOT TAX EXEMPT,t,f,f,f,f,f,f,f,f,f,f,f,f,f,f,f,f,t,f,f,f,f,f,f,f,f,t,f,t,f,f,f,f,f,f,f,f,f,f,f,f,f,f,f,f,t,f,f,f,f,BRAD  NAYLOR,292500.00,0 0 0,0.00,0 0 0,0.00,0 0 0,0.00,0 0 0,0.00,https://www.usaspending.gov/award/CONT_AWD_75D30119C05271_7523_-NONE-_-NONE-/,2024-12-03
CONT_AWD_75D30119F05083_7523_GS00Q14OADU108_4732,75D30119F05083,4732,FEDERAL ACQUISITION SERVICE,GS00Q14OADU108,L: Emergency P.L. 116-123;N: Emergency P.L. 116-136;Q: Not Designated Nonemergency/Emergency/Disaster/Wildfire Suppression;U: Emergency P.L. 116-260,750134.22,760598.01,,,20868543.84,13487869.81,20868543.84,21677461.90,2019-06-27,2019,2024-11-25,2025,2019-06-26,2024-09-30,2024-09-30 00:00:00,,,075,Department of Health and Human Services,7523,Centers for Disease Control and Prevention,75D301,CDC OFFICE OF ACQUISITION SERVICES,075,Department of Health and Human Services,7523,Centers for Disease Control and Prevention,75D301,CDC OFFICE OF ACQUISITION SERVICES,075-019-2019/2023-1031-001;075-019-2020/2024-1031-001;075-019-2022/2026-1031-001;075-075-X-0512-009;075-2019/2019-0949-000;075-2019/2019-0959-000;075-2020/2020-0949-000;075-2020/2020-0950-000;075-2020/2020-0956-000;075-2020/2020-0959-000;075-2020/2022-0943-000;075-2020/2024-0943-000;075-2021/2021-0944-000;075-2021/2021-0947-000;075-2021/2021-0949-000;075-2021/2021-0950-000;075-2021/2021-0951-000;075-2021/2021-0955-000;075-2021/2021-0958-000;075-2021/2021-0959-000;075-2021/2024-0943-000;075-2022/2022-0944-000;075-2022/2022-0947-000;075-2022/2022-0949-000;075-2022/2022-0950-000;075-2022/2022-0951-000;075-2022/2022-0955-000;075-2022/2022-0958-000;075-2022/2022-0959-000;075-2023/2023-0944-000;075-2023/2023-0947-000;075-2023/2023-0949-000;075-2023/2023-0950-000;075-2023/2023-0955-000;075-2023/2023-0958-000;075-2023/2023-0959-000;075-2024/2024-0947-000;075-2024/2024-0949-000;075-2024/2024-0950-000;075-2024/2024-0958-000;075-X-0951-000;075-X-8250-000,019-1031;075-0512;075-0943;075-0944;075-0947;075-0949;075-0950;075-0951;075-0955;075-0956;075-0958;075-0959;075-8250,25.1: Advisory and assistance services,"0001: AGENCY FOR TOXIC SUBSTANCES AND DISEASE REGISTRY, TOXIC SUBSTANC (DIRECT);0001: BIRTH DEFECTS, DEVELOPMENTAL DISABILITIES, DISABILITY AND HEALTH (0958);0001: DIRECT GLOBAL HEALTH PROGRAM ACTIVITY;0002: CDC WIDE ACTIVITIES AND PROGRAM SUPPORT (0943);0003: VACCINES FOR CHILDREN;0005: EMERGING AND ZOONOTIC INFECTIOUS DISEASES (0949);0007: ENVIRONMENTAL HEALTH (0947);0008: GLOBAL HEALTH (0955);0012: HIV/AIDS, VIRAL HEPATITIS, STD AND TB PREVENTION (0950);0013: IMMUNIZATION AND RESPIRATORY DISEASES (0951);0019: PUBLIC HEALTH PREPAREDNESS AND RESPONSE (0956);0020: PUBLIC HEALTH SCIENTIFIC SERVICES (0959)",X,NOT APPLICABLE,,,JCBMLGPE6Z71,,BOOZ ALLEN HAMILTON INC,BOOZ ALLEN HAMILTON INC.,,17038,MBPHTU7Y9S65,,BOOZ ALLEN HAMILTON HOLDING CORPORATION,BOOZ ALLEN HAMILTON INC,USA,UNITED STATES,8283 GREENSBORO DR,,MC LEAN,51059,FAIRFAX,51,VA,VIRGINIA,221023830,VA-11,VA-11,7033770195,7039023200,USA,UNITED STATES,ATLANTA,13089,DEKALB,13,GA,GEORGIA,303453114,GA-04,GA-04,AWARD,C,DELIVERY ORDER,,,,,,,J,FIRM FIXED PRICE,CDC BIOREPOSITORY SUPPORT SERVICES 2019-2024,75D30119Q69778,1,OT,OTHER FUNCTIONS,R499,SUPPORT- PROFESSIONAL: OTHER,H,NOT BUNDLED,,,541330,ENGINEERING SERVICES,C,NO CLAUSES INCLUDED AND NO SUSTAINABILITY INCLUDED,A,U.S. OWNED BUSINESS,,,,,E,NOT REQUIRED,USA,UNITED STATES,C,NOT A MANUFACTURED END PRODUCT,C,PLAN REQUIRED - INCENTIVE NOT INCLUDED,A,FULL AND OPEN COMPETITION,MAFO,SUBJECT TO MULTIPLE AWARD FAIR OPPORTUNITY,,,NONE,NO PREFERENCE USED,,,FAIR,FAIR OPPORTUNITY GIVEN,,,2,D,COMMERCIAL PRODUCTS/SERVICES PROCEDURES NOT USED,f,N,NO,N,NO,Y,YES,N,NO,,N,NO,X,NOT APPLICABLE,N,NO,X,NOT APPLICABLE,X,NOT APPLICABLE,,,B,IDC,M,MULTIPLE AWARD,,,,N,NO,X,NOT APPLICABLE EXEMPT FROM CAS,N,N,,,D,NOT CONSOLIDATED,N,NO - SERVICE WHERE PBA IS NOT USED.,N,NO,,,N,NO,X,NOT APPLICABLE,f,f,f,f,f,f,f,f,f,f,f,f,f,f,f,f,f,f,f,OTHER THAN SMALL BUSINESS,O,f,f,f,f,f,f,f,f,f,f,f,f,f,f,f,f,f,CORPORATE NOT TAX EXEMPT,t,f,f,f,f,f,f,f,f,f,f,f,f,f,f,f,f,t,f,f,f,f,f,f,f,f,f,f,t,f,f,f,f,f,f,f,f,f,f,f,f,f,f,f,f,f,f,f,f,f,,,,,,,,,,,https://www.usaspending.gov/award/CONT_AWD_75D30119F05083_7523_GS00Q14OADU108_4732/,2024-11-25
CONT_AWD_75D30120C08513_7523_-NONE-_-NONE-,75D30120C08513,,,,L: Emergency P.L. 116-123;N: Emergency P.L. 116-136;Q: Not Designated Nonemergency/Emergency/Disaster/Wildfire Suppression,481138.70,885658.24,,,110106983.06,86540646.14,110106983.06,110106983.06,2020-07-06,2020,2025-03-13,2025,2020-07-01,2025-05-31,2025-05-31 00:00:00,,2019-08-30,075,Department of Health and Human Services,7523,Centers for Disease Control and Prevention,75D301,CDC OFFICE OF ACQUISITION SERVICES,075,Department of Health and Human Services,7523,Centers for Disease Control and Prevention,75D301,CDC OFFICE OF ACQUISITION SERVICES,075-2020/2022-0943-000;075-2020/2024-0943-000;075-X-4553-000,075-0943;075-4553,25.4: Operation and maintenance of facilities,0002: CDC WIDE ACTIVITIES AND PROGRAM SUPPORT (0943);0801: CDC WORKING CAPITAL FUND (REIMBURSABLE),X,NOT APPLICABLE,,,TL1KC3N18G37,,"CHENEGA GLOBAL PROTECTION, LLC","CHENEGA GLOBAL PROTECTION, LLC",,7ZTR1,TL1KC3N18G37,,"CHENEGA GLOBAL PROTECTION, LLC",CHENEGA GLOBAL PROTECTION  LLC,USA,UNITED STATES,14420 ALBEMARLE POINT PL STE 100,,CHANTILLY,51059,FAIRFAX,51,VA,VIRGINIA,201511782,VA-11,VA-11,5712917636,,USA,UNITED STATES,ATLANTA,13089,DEKALB,13,GA,GEORGIA,303294018,GA-05,GA-05,AWARD,D,DEFINITIVE CONTRACT,,,,,,,J,FIRM FIXED PRICE,ARMED SECURITY GUARDS FOR ATLANTA&FT. COLLINS,,1,OT,OTHER FUNCTIONS,S206,HOUSEKEEPING- GUARD,H,NOT BUNDLED,,,561612,SECURITY GUARDS AND PATROL SERVICES,C,NO CLAUSES INCLUDED AND NO SUSTAINABILITY INCLUDED,A,U.S. OWNED BUSINESS,,,,,E,NOT REQUIRED,USA,UNITED STATES,C,NOT A MANUFACTURED END PRODUCT,B,PLAN NOT REQUIRED,D,FULL AND OPEN COMPETITION AFTER EXCLUSION OF SOURCES,NP,NEGOTIATED PROPOSAL/QUOTE,8A,8A COMPETED,NONE,NO PREFERENCE USED,,,,,,,2,D,COMMERCIAL PRODUCTS/SERVICES PROCEDURES NOT USED,f,N,NO,N,NO,X,NOT APPLICABLE,N,NO,0.00,N,NO,N,NO,Y,YES,X,NOT APPLICABLE,X,NOT APPLICABLE,,,,,,,,,,N,NO,N,NO - CAS WAIVER APPROVED,N,N,,,D,NOT CONSOLIDATED,N,NO - SERVICE WHERE PBA IS NOT USED.,N,NO,,,N,NO,X,NOT APPLICABLE,t,f,f,f,f,f,f,f,f,f,f,f,t,f,f,f,f,t,f,SMALL BUSINESS,S,f,f,f,f,f,f,f,f,f,f,f,f,f,f,f,f,f,OTHER,f,f,f,f,f,f,f,f,f,f,f,f,f,f,f,f,f,t,f,f,f,f,f,f,f,f,t,f,t,f,f,f,f,f,f,f,f,f,f,f,f,f,f,f,f,t,f,t,f,f,BRAD  NAYLOR,292500.00,0 0 0,0.00,0 0 0,0.00,0 0 0,0.00,0 0 0,0.00,https://www.usaspending.gov/award/CONT_AWD_75D30120C08513_7523_-NONE-_-NONE-/,2025-03-13
CONT_AWD_75D30120C09758_7523_-NONE-_-NONE-,75D30120C09758,,,,Q: Not Designated Nonemergency/Emergency/Disaster/Wildfire Suppression;V: Non-emergency P.L. 117-2,2835660.16,2835660.16,,,24697551.19,17106960.77,24999162.80,24999162.80,2020-09-02,2020,2025-12-24,2026,2020-09-02,2023-07-31,2023-07-31 00:00:00,,2020-08-28,075,Department of Health and Human Services,7523,Centers for Disease Control and Prevention,75D301,CDC OFFICE OF ACQUISITION SERVICES,075,Department of Health and Human Services,7523,Centers for Disease Control and Prevention,75D301,CDC OFFICE OF ACQUISITION SERVICES,075-075-X-0512-009;075-2020/2020-0943-000;075-2020/2020-0944-000;075-2020/2020-0948-000;075-2020/2020-0949-000;075-2020/2020-0950-000;075-2020/2020-0951-000;075-2020/2020-0952-000;075-2020/2020-0959-000;075-2021/2021-0943-000;075-2021/2021-0948-000;075-2021/2021-0949-000;075-2021/2021-0950-000;075-2021/2021-0951-000;075-2021/2021-0952-000;075-2021/2021-0956-000;075-2021/2021-0958-000;075-2021/2021-0959-000;075-2022/2022-0943-000;075-2022/2022-0944-000;075-2022/2022-0947-000;075-2022/2022-0948-000;075-2022/2022-0949-000;075-2022/2022-0950-000;075-2022/2022-0951-000;075-2022/2022-0952-000;075-2022/2022-0956-000;075-2022/2022-0958-000;075-2022/2022-0959-000;075-X-0140-000;075-X-0943-000;075-X-0951-000,075-0140;075-0512;075-0943;075-0944;075-0947;075-0948;075-0949;075-0950;075-0951;075-0952;075-0956;075-0958;075-0959,21.0: Travel and transportation of persons;25.1: Advisory and assistance services,"0001: AGENCY FOR TOXIC SUBSTANCES AND DISEASE REGISTRY, TOXIC SUBSTANC (DIRECT);0001: BIRTH DEFECTS, DEVELOPMENTAL DISABILITIES, DISABILITY AND HEALTH (0958);0001: PUBLIC HEALTH AND SOCIAL SERVICES EMERGENCY FUND;0002: CDC WIDE ACTIVITIES AND PROGRAM SUPPORT (0943);0003: VACCINES FOR CHILDREN;0004: CHRONIC DISEASE PREVENTION AND HEALTH PROMOTION (0948);0005: EMERGING AND ZOONOTIC INFECTIOUS DISEASES (0949);0007: ENVIRONMENTAL HEALTH (0947);0012: HIV/AIDS, VIRAL HEPATITIS, STD AND TB PREVENTION (0950);0013: IMMUNIZATION AND RESPIRATORY DISEASES (0951);0015: INJURY PREVENTION AND CONTROL (0952);0019: PUBLIC HEALTH PREPAREDNESS AND RESPONSE (0956);0020: PUBLIC HEALTH SCIENTIFIC SERVICES (0959)",X,NOT APPLICABLE,,,XV5AWSWD6UZ7,,"TSS - DRT JOINT VENTURE, LIMITED LIABILITY CORPORATION","TSS - DRT JOINT VENTURE, LIMITED LIABILITY CORPORATION",,8ELK0,XV5AWSWD6UZ7,,"TSS - DRT JOINT VENTURE, LIMITED LIABILITY CORPORATION",TSS - DRT JOINT VENTURE  LIMITED LIABILITY CORPORATION,USA,UNITED STATES,3201 C ST STE 602,,ANCHORAGE,02020,ANCHORAGE,02,AK,ALASKA,995033971,AK-00,AK-00,7706391634,,USA,UNITED STATES,ATLANTA,13089,DEKALB,13,GA,GEORGIA,303453319,GA-04,GA-04,AWARD,D,DEFINITIVE CONTRACT,,,,,,,Y,TIME AND MATERIALS,CSTLTS PUBLIC HEALTH INFRASTRUCTURE SUPPORT,75D301-20-R-68168,1,OT,OTHER FUNCTIONS,R499,SUPPORT- PROFESSIONAL: OTHER,H,NOT BUNDLED,,,541990,"ALL OTHER PROFESSIONAL, SCIENTIFIC, AND TECHNICAL SERVICES",C,NO CLAUSES INCLUDED AND NO SUSTAINABILITY INCLUDED,A,U.S. OWNED BUSINESS,,,,,E,NOT REQUIRED,USA,UNITED STATES,C,NOT A MANUFACTURED END PRODUCT,B,PLAN NOT REQUIRED,B,NOT AVAILABLE FOR COMPETITION,SSS,ONLY ONE SOURCE,8AN,8(A) SOLE SOURCE,NONE,NO PREFERENCE USED,,,,,OTH,AUTHORIZED BY STATUTE (FAR 6.302-5(A)(2)(I)),1,D,COMMERCIAL PRODUCTS/SERVICES PROCEDURES NOT USED,f,N,NO,N,NO,N,NO,N,NO,,N,NO,N,NO,N,NO,N,NO,X,NOT APPLICABLE,,,,,,,,,,N,NO,N,NO - CAS WAIVER APPROVED,N,N,,,D,NOT CONSOLIDATED,N,NO - SERVICE WHERE PBA IS NOT USED.,N,NO,,,N,NO,X,NOT APPLICABLE,t,f,f,f,f,f,f,f,f,f,f,f,t,f,f,f,f,t,f,SMALL BUSINESS,S,f,f,f,f,f,f,f,f,f,f,f,f,f,f,f,f,f,CORPORATE NOT TAX EXEMPT,t,f,f,f,f,f,f,f,f,f,f,f,f,f,f,f,f,t,f,f,f,f,f,f,f,f,f,f,t,f,f,f,f,f,f,f,f,f,f,f,f,f,f,f,f,t,f,f,f,t,,,,,,,,,,,https://www.usaspending.gov/award/CONT_AWD_75D30120C09758_7523_-NONE-_-NONE-/,2025-12-24
CONT_AWD_75D30120F07161_7523_47QTCK18D0004_4732,75D30120F07161,4732,FEDERAL ACQUISITION SERVICE,47QTCK18D0004,L: Emergency P.L. 116-123;N: Emergency P.L. 116-136;P: Emergency P.L. 116-139;Q: Not Designated Nonemergency/Emergency/Disaster/Wildfire Suppression;V: Non-emergency P.L. 117-2,4901835.71,4997717.56,,,20857750.12,12696688.04,20857750.12,20887750.12,2019-12-27,2020,2024-12-12,2025,2019-12-30,2023-06-29,2023-06-29 00:00:00,,2019-11-05,075,Department of Health and Human Services,7523,Centers for Disease Control and Prevention,75D301,CDC OFFICE OF ACQUISITION SERVICES,075,Department of Health and Human Services,7523,Centers for Disease Control and Prevention,75D301,CDC OFFICE OF ACQUISITION SERVICES,075-2020/2020-0949-000;075-2020/2020-0956-000;075-2020/2022-0943-000;075-2020/2024-0943-000;075-2021/2021-0949-000;075-2022/2022-0949-000;075-2023/2023-0943-000;075-2023/2023-0949-000;075-2023/2023-0951-000;075-X-0140-000;075-X-0943-000,075-0140;075-0943;075-0949;075-0951;075-0956,21.0: Travel and transportation of persons;25.1: Advisory and assistance services;25.7: Operation and maintenance of equipment,0001: PUBLIC HEALTH AND SOCIAL SERVICES EMERGENCY FUND;0002: CDC WIDE ACTIVITIES AND PROGRAM SUPPORT (0943);0005: EMERGING AND ZOONOTIC INFECTIOUS DISEASES (0949);0013: IMMUNIZATION AND RESPIRATORY DISEASES (0951);0802: CDC-WIDE ACTIVITIES AND PROGRAM SUPPORT (REIMBURSABLE),X,NOT APPLICABLE,,,JCBMLGPE6Z71,,BOOZ ALLEN HAMILTON INC,BOOZ ALLEN HAMILTON INC.,,17038,MBPHTU7Y9S65,,BOOZ ALLEN HAMILTON HOLDING CORPORATION,BOOZ ALLEN HAMILTON INC,USA,UNITED STATES,8283 GREENSBORO DR,,MCLEAN,51059,FAIRFAX,51,VA,VIRGINIA,221023830,VA-11,VA-11,7033770195,7039023200,USA,UNITED STATES,ATLANTA,13089,DEKALB,13,GA,GEORGIA,303294018,GA-05,GA-05,AWARD,C,DELIVERY ORDER,,,,,,,J,FIRM FIXED PRICE,NCEZID IIS SUPPORT SERVICES,75D301-20-R-67832,1,OT,OTHER FUNCTIONS,R408,SUPPORT- PROFESSIONAL: PROGRAM MANAGEMENT/SUPPORT,H,NOT BUNDLED,,,541512,COMPUTER SYSTEMS DESIGN SERVICES,C,NO CLAUSES INCLUDED AND NO SUSTAINABILITY INCLUDED,A,U.S. OWNED BUSINESS,,,,,E,NOT REQUIRED,USA,UNITED STATES,C,NOT A MANUFACTURED END PRODUCT,F,INDIVIDUAL SUBCONTRACT PLAN,A,FULL AND OPEN COMPETITION,MAFO,SUBJECT TO MULTIPLE AWARD FAIR OPPORTUNITY,,,NONE,NO PREFERENCE USED,,,FAIR,FAIR OPPORTUNITY GIVEN,,,5,D,COMMERCIAL PRODUCTS/SERVICES PROCEDURES NOT USED,f,N,NO,N,NO,Y,YES,N,NO,,Y,YES,X,NOT APPLICABLE,X,NOT APPLICABLE,X,NOT APPLICABLE,X,NOT APPLICABLE,,,A,GWAC,M,MULTIPLE AWARD,,,,,,,,N,N,,,D,NOT CONSOLIDATED,Y,YES - SERVICE WHERE PBA IS USED.,,,Z,NOT APPLICABLE,N,NO,X,NOT APPLICABLE,f,f,f,f,f,f,f,f,f,f,f,f,f,f,f,f,f,f,f,OTHER THAN SMALL BUSINESS,O,f,f,f,f,f,f,f,f,f,f,f,f,f,f,f,f,f,CORPORATE NOT TAX EXEMPT,t,f,f,f,f,f,f,f,f,f,f,f,f,f,f,f,f,t,f,f,f,f,f,f,f,f,f,f,t,f,f,f,f,f,f,f,f,f,f,f,f,f,f,f,f,f,f,f,f,f,,,,,,,,,,,https://www.usaspending.gov/award/CONT_AWD_75D30120F07161_7523_47QTCK18D0004_4732/,2024-12-12
CONT_AWD_75D30120F08081_7523_V797D30199_3600,75D30120F08081,3600,"VETERANS AFFAIRS, DEPARTMENT OF",V797D30199,L: Emergency P.L. 116-123;N: Emergency P.L. 116-136;Q: Not Designated Nonemergency/Emergency/Disaster/Wildfire Suppression,23041563.11,24792321.46,,,33902321.46,23041563.11,33902321.46,33902321.46,2020-05-02,2020,2024-12-10,2025,2020-04-30,2021-01-07,2021-01-07 00:00:00,,2020-04-24,075,Department of Health and Human Services,7523,Centers for Disease Control and Prevention,75D301,CDC OFFICE OF ACQUISITION SERVICES,075,Department of Health and Human Services,7523,Centers for Disease Control and Prevention,75D301,CDC OFFICE OF ACQUISITION SERVICES,075-2020/2022-0943-000;075-2020/2024-0943-000;075-X-0945-000,075-0943;075-0945,25.1: Advisory and assistance services,0001: DIRECT PROGRAM ACTIVITY;0002: CDC WIDE ACTIVITIES AND PROGRAM SUPPORT (0943),X,NOT APPLICABLE,,,ZX23KR32ZH32,,CADUCEUS HEALTHCARE INC,CADUCEUS HEALTHCARE INC,,5AQA8,CBCRY3E8E9M1,,CADUCEUS HEALTHCARE INC,CADUCEUS HEALTHCARE INC,USA,UNITED STATES,57 FORSYTH ST 2ND FL,,ATLANTA,13121,FULTON,13,GA,GEORGIA,303032229,GA-11,GA-05,7703572400,7703570003,USA,UNITED STATES,ATLANTA,13121,FULTON,13,GA,GEORGIA,303032229,GA-05,GA-05,AWARD,C,DELIVERY ORDER,,,,,,,Y,TIME AND MATERIALS,NCEZID ENTRY SCREENING SERVICES,75D30120Q71704,1,OT,OTHER FUNCTIONS,R499,SUPPORT- PROFESSIONAL: OTHER,H,NOT BUNDLED,,,561320,TEMPORARY HELP SERVICES,C,NO CLAUSES INCLUDED AND NO SUSTAINABILITY INCLUDED,A,U.S. OWNED BUSINESS,,,,,E,NOT REQUIRED,USA,UNITED STATES,C,NOT A MANUFACTURED END PRODUCT,A,PLAN NOT INCLUDED - NO SUBCONTRACTING POSSIBILITIES,A,FULL AND OPEN COMPETITION,MAFO,SUBJECT TO MULTIPLE AWARD FAIR OPPORTUNITY,,,NONE,NO PREFERENCE USED,,,FAIR,FAIR OPPORTUNITY GIVEN,,,1,A,COMMERCIAL PRODUCTS/SERVICES,f,N,NO,N,NO,Y,YES,N,NO,,N,NO,N,NO,X,NOT APPLICABLE,X,NOT APPLICABLE,X,NOT APPLICABLE,,,C,FSS,M,MULTIPLE AWARD,,,,,,,,N,N,,,D,NOT CONSOLIDATED,N,NO - SERVICE WHERE PBA IS NOT USED.,,,,,N,NO,C,"PRESIDENTIAL ISSUED EMERGENCY DECLARATION, OR A MAJOR DISASTER DECLARATION",f,f,f,f,f,t,t,f,f,f,f,f,t,f,f,f,t,f,f,OTHER THAN SMALL BUSINESS,O,f,f,f,f,f,f,f,f,f,f,f,f,f,f,f,f,f,CORPORATE NOT TAX EXEMPT,t,f,f,f,f,f,f,f,f,f,f,f,f,f,f,f,f,t,f,f,f,f,f,f,f,t,f,f,t,f,f,f,f,f,f,f,f,f,f,f,f,f,f,f,f,t,f,t,f,f,,,,,,,,,,,https://www.usaspending.gov/award/CONT_AWD_75D30120F08081_7523_V797D30199_3600/,2024-12-10
CONT_AWD_75D30120F08104_7523_HHSD2002015M88164B_7523,75D30120F08104,7523,CENTERS FOR DISEASE CONTROL AND PREVENTION,HHSD2002015M88164B,N: Emergency P.L. 116-136;Q: Not Designated Nonemergency/Emergency/Disaster/Wildfire Suppression;U: Emergency P.L. 116-260;V: Non-emergency P.L. 117-2,16634576.96,16728062.12,,,66522628.90,54972965.15,66522628.90,71868060.55,2020-09-16,2020,2025-09-02,2025,2020-09-28,2026-03-27,2026-03-27 00:00:00,,2020-06-15,075,Department of Health and Human Services,7523,Centers for Disease Control and Prevention,75D301,CDC OFFICE OF ACQUISITION SERVICES,075,Department of Health and Human Services,7523,Centers for Disease Control and Prevention,75D301,CDC OFFICE OF ACQUISITION SERVICES,075-075-X-0512-009;075-2020/2020-0951-000;075-2020/2024-0943-000;075-2021/2021-0951-000;075-2021/2024-0943-000;075-2022/2022-0951-000;075-2023/2023-0951-000;075-2024/2024-0951-000;075-2025/2025-0951-000;075-X-0140-000;075-X-0943-000;075-X-0951-000,075-0140;075-0512;075-0943;075-0951,25.1: Advisory and assistance services,0001: PUBLIC HEALTH AND SOCIAL SERVICES EMERGENCY FUND;0002: CDC WIDE ACTIVITIES AND PROGRAM SUPPORT (0943);0003: VACCINES FOR CHILDREN;0013: IMMUNIZATION AND RESPIRATORY DISEASES (0951),X,NOT APPLICABLE,,,RXN6RGGRJD71,,"IPG DXTRA, INC.","CMGRP, INC.",,37FD1,RXN6RGGRJD71,,"IPG DXTRA, INC.",IPG DXTRA  INC.,USA,UNITED STATES,909 3RD AVE FL 7,,NEW YORK,36061,NEW YORK,36,NY,NEW YORK,100224764,NY-12,NY-12,2025852825,2124458013,USA,UNITED STATES,ATLANTA,13089,DEKALB,13,GA,GEORGIA,303294018,GA-05,GA-05,AWARD,A,BPA CALL,,,,,,,J,FIRM FIXED PRICE,NCIRD  COMMUNICATIONS SUPPORT,75D301-20-Q-71331,1,OT,OTHER FUNCTIONS,R499,SUPPORT- PROFESSIONAL: OTHER,H,NOT BUNDLED,,,541613,MARKETING CONSULTING SERVICES,C,NO CLAUSES INCLUDED AND NO SUSTAINABILITY INCLUDED,A,U.S. OWNED BUSINESS,,,,,E,NOT REQUIRED,USA,UNITED STATES,C,NOT A MANUFACTURED END PRODUCT,B,PLAN NOT REQUIRED,F,COMPETED UNDER SAP,SP1,SIMPLIFIED ACQUISITION,NONE,NO SET ASIDE USED.,NONE,NO PREFERENCE USED,,,,,,,4,A,COMMERCIAL PRODUCTS/SERVICES,f,N,NO,N,NO,,,N,NO,,N,NO,X,NOT APPLICABLE,X,NOT APPLICABLE,X,NOT APPLICABLE,X,NOT APPLICABLE,,,E,BPA,M,MULTIPLE AWARD,,,,,,,,N,N,,,D,NOT CONSOLIDATED,N,NO - SERVICE WHERE PBA IS NOT USED.,,,Z,NOT APPLICABLE,N,NO,C,"PRESIDENTIAL ISSUED EMERGENCY DECLARATION, OR A MAJOR DISASTER DECLARATION",f,f,f,f,f,f,f,f,f,f,f,f,f,f,f,f,f,f,f,OTHER THAN SMALL BUSINESS,O,f,f,f,f,f,f,f,f,f,f,f,f,f,f,f,f,f,CORPORATE NOT TAX EXEMPT,t,f,f,f,f,f,f,f,f,f,f,f,f,f,f,f,f,t,f,f,f,f,f,f,f,f,f,f,t,f,f,f,f,f,f,f,f,f,f,f,f,f,f,f,f,f,f,f,f,f,,,,,,,,,,,https://www.usaspending.gov/award/CONT_AWD_75D30120F08104_7523_HHSD2002015M88164B_7523/,2025-09-02
CONT_AWD_75D30120F09236_7523_HHSN316201200036W_7529,75D30120F09236,7529,NATIONAL INSTITUTES OF HEALTH,HHSN316201200036W,Q: Not Designated Nonemergency/Emergency/Disaster/Wildfire Suppression;V: Non-emergency P.L. 117-2,797572.84,797679.76,,,26430471.86,17755974.69,26430471.86,30869885.74,2020-08-12,2020,2024-12-03,2025,2020-09-01,2023-08-31,2024-02-28 00:00:00,,2020-07-22,075,Department of Health and Human Services,7523,Centers for Disease Control and Prevention,75D301,CDC OFFICE OF ACQUISITION SERVICES,075,Department of Health and Human Services,7523,Centers for Disease Control and Prevention,75D301,CDC OFFICE OF ACQUISITION SERVICES,075-019-2017/2021-1031-001;075-019-2019/2023-1031-001;075-075-X-0512-009;075-2020/2020-0943-000;075-2020/2020-0944-000;075-2020/2020-0947-000;075-2020/2020-0948-000;075-2020/2020-0949-000;075-2020/2020-0950-000;075-2020/2020-0951-000;075-2020/2020-0952-000;075-2020/2020-0953-000;075-2020/2020-0955-000;075-2020/2020-0956-000;075-2020/2020-0959-000;075-2020/2022-0955-000;075-2021/2021-0943-000;075-2021/2021-0944-000;075-2021/2021-0947-000;075-2021/2021-0948-000;075-2021/2021-0949-000;075-2021/2021-0950-000;075-2021/2021-0951-000;075-2021/2021-0952-000;075-2021/2021-0953-000;075-2021/2021-0955-000;075-2021/2021-0956-000;075-2021/2021-0958-000;075-2021/2021-0959-000;075-2021/2023-0955-000;075-2022/2022-0943-000;075-2022/2022-0944-000;075-2022/2022-0947-000;075-2022/2022-0948-000;075-2022/2022-0949-000;075-2022/2022-0950-000;075-2022/2022-0951-000;075-2022/2022-0952-000;075-2022/2022-0953-000;075-2022/2022-0955-000;075-2022/2022-0956-000;075-2022/2022-0958-000;075-2022/2022-0959-000;075-2022/2024-0955-000;075-X-0140-000;075-X-0946-000;075-X-0954-000,019-1031;075-0140;075-0512;075-0943;075-0944;075-0946;075-0947;075-0948;075-0949;075-0950;075-0951;075-0952;075-0953;075-0954;075-0955;075-0956;075-0958;075-0959,25.1: Advisory and assistance services,"0001: AGENCY FOR TOXIC SUBSTANCES AND DISEASE REGISTRY, TOXIC SUBSTANC (DIRECT);0001: BIRTH DEFECTS, DEVELOPMENTAL DISABILITIES, DISABILITY AND HEALTH (0958);0001: DIRECT GLOBAL HEALTH PROGRAM ACTIVITY;0001: FEDERAL SHARE (CDC/NIOSH);0001: PUBLIC HEALTH AND SOCIAL SERVICES EMERGENCY FUND;0002: CDC WIDE ACTIVITIES AND PROGRAM SUPPORT (0943);0003: VACCINES FOR CHILDREN;0004: CHRONIC DISEASE PREVENTION AND HEALTH PROMOTION (0948);0005: EMERGING AND ZOONOTIC INFECTIOUS DISEASES (0949);0006: ENERGY EMPLOYEE ILLNESS OCCUPATIONAL COMPENSATION PROGRAM ACT (EEOICPA) (0954);0007: ENVIRONMENTAL HEALTH (0947);0008: GLOBAL HEALTH (0955);0012: HIV/AIDS, VIRAL HEPATITIS, STD AND TB PREVENTION (0950);0013: IMMUNIZATION AND RESPIRATORY DISEASES (0951);0015: INJURY PREVENTION AND CONTROL (0952);0016: OCCUPATIONAL SAFETY AND HEALTH (0953);0019: PUBLIC HEALTH PREPAREDNESS AND RESPONSE (0956);0020: PUBLIC HEALTH SCIENTIFIC SERVICES (0959)",X,NOT APPLICABLE,,,ZBPQEJVECCT4,,PERATON INC.,PERATON INC.,,0HD54,ZBPQEJVECCT4,,PERATON INC.,PERATON INC.,USA,UNITED STATES,12975 WORLDGATE DR STE 7322,,HERNDON,51059,FAIRFAX,51,VA,VIRGINIA,201706008,VA-11,VA-11,7036686447,,USA,UNITED STATES,ATLANTA,13089,DEKALB,13,GA,GEORGIA,303294018,GA-05,GA-05,AWARD,C,DELIVERY ORDER,,,,,,,J,FIRM FIXED PRICE,OADC WEB SERVICES,75D301-20-R-68016,1,OT,OTHER FUNCTIONS,D399,IT AND TELECOM- OTHER IT AND TELECOMMUNICATIONS,H,NOT BUNDLED,,,541512,COMPUTER SYSTEMS DESIGN SERVICES,C,NO CLAUSES INCLUDED AND NO SUSTAINABILITY INCLUDED,A,U.S. OWNED BUSINESS,,,,,E,NOT REQUIRED,USA,UNITED STATES,C,NOT A MANUFACTURED END PRODUCT,C,PLAN REQUIRED - INCENTIVE NOT INCLUDED,A,FULL AND OPEN COMPETITION,MAFO,SUBJECT TO MULTIPLE AWARD FAIR OPPORTUNITY,,,NONE,NO PREFERENCE USED,,,FAIR,FAIR OPPORTUNITY GIVEN,,,1,D,COMMERCIAL PRODUCTS/SERVICES PROCEDURES NOT USED,f,N,NO,N,NO,Y,YES,N,NO,,N,NO,X,NOT APPLICABLE,X,NOT APPLICABLE,X,NOT APPLICABLE,X,NOT APPLICABLE,,,A,GWAC,M,MULTIPLE AWARD,,,,,,,,N,N,,,D,NOT CONSOLIDATED,N,NO - SERVICE WHERE PBA IS NOT USED.,,,,,N,NO,X,NOT APPLICABLE,f,f,f,f,f,f,f,f,f,f,f,f,f,f,f,f,f,f,f,OTHER THAN SMALL BUSINESS,O,f,f,f,f,f,f,f,f,f,f,f,f,f,f,f,f,f,CORPORATE NOT TAX EXEMPT,t,f,f,f,f,f,f,f,f,f,f,f,f,f,f,f,f,t,f,f,f,f,f,f,f,f,f,f,t,f,f,f,f,f,f,f,f,f,f,f,f,f,f,f,f,f,f,f,f,f,KIM S SHEA,2353260.00,JEREMY  WENSINGER,1198466.00,LEON  MASON JR.,975126.00,JIM  WINNER,866764.00,JOHN P KAVANAUGH,1973321.00,https://www.usaspending.gov/award/CONT_AWD_75D30120F09236_7523_HHSN316201200036W_7529/,2024-12-03
CONT_AWD_75D30120F09371_7523_GS23F0158L_4730,75D30120F09371,4730,FEDERAL ACQUISITION SERVICE,GS23F0158L,Q: Not Designated Nonemergency/Emergency/Disaster/Wildfire Suppression,,,,,373880937.69,275187115.05,497817341.12,497824293.12,2020-09-15,2020,2025-09-29,2025,2020-09-30,2026-03-30,2026-03-30 00:00:00,,2020-04-28,075,Department of Health and Human Services,7523,Centers for Disease Control and Prevention,75D301,CDC OFFICE OF ACQUISITION SERVICES,075,Department of Health and Human Services,7523,Centers for Disease Control and Prevention,75D301,CDC OFFICE OF ACQUISITION SERVICES,075-2020/2020-0948-000;075-2020/2020-0959-000;075-2021/2021-0948-000;075-2022/2022-0948-000;075-2022/2022-0958-000;075-2022/2022-0959-000;075-2023/2023-0948-000;075-2024/2024-0948-000;075-2024/2024-0950-000;075-2024/2024-0959-000;075-2025/2025-0948-000;075-X-0948-000,075-0948;075-0950;075-0958;075-0959,21.0: Travel and transportation of persons;25.1: Advisory and assistance services,"0001: BIRTH DEFECTS, DEVELOPMENTAL DISABILITIES, DISABILITY AND HEALTH (0958);0004: CHRONIC DISEASE PREVENTION AND HEALTH PROMOTION (0948);0012: HIV/AIDS, VIRAL HEPATITIS, STD AND TB PREVENTION (0950);0020: PUBLIC HEALTH SCIENTIFIC SERVICES (0959)",X,NOT APPLICABLE,,,TBJ3THVUK3H8,,"PLOWSHARE GROUP, INC","PLOWSHARE GROUP, INC",,1UDM2,W61TB2AJ76N1,,PUBLICIS GROUPE S.A.,PLOWSHARE GROUP  INC,USA,UNITED STATES,1 DOCK ST STE 209,,STAMFORD,09190,WESTERN CONNECTICUT,09,CT,CONNECTICUT,069025850,CT-04,CT-04,2034253949,2034253950,USA,UNITED STATES,ATLANTA,13089,DEKALB,13,GA,GEORGIA,303414133,GA-04,GA-04,AWARD,C,DELIVERY ORDER,,,,,,,Y,TIME AND MATERIALS,CDC NATIONAL TOBACCO EDUCATION CAMPAIGN,75D301-20-Q-71588,1,OT,OTHER FUNCTIONS,R499,SUPPORT- PROFESSIONAL: OTHER,H,NOT BUNDLED,,,541810,ADVERTISING AGENCIES,C,NO CLAUSES INCLUDED AND NO SUSTAINABILITY INCLUDED,A,U.S. OWNED BUSINESS,,,,,E,NOT REQUIRED,USA,UNITED STATES,C,NOT A MANUFACTURED END PRODUCT,B,PLAN NOT REQUIRED,A,FULL AND OPEN COMPETITION,MAFO,SUBJECT TO MULTIPLE AWARD FAIR OPPORTUNITY,,,NONE,NO PREFERENCE USED,,,FAIR,FAIR OPPORTUNITY GIVEN,,,2,D,COMMERCIAL PRODUCTS/SERVICES PROCEDURES NOT USED,f,N,NO,N,NO,X,NOT APPLICABLE,N,NO,,N,NO,X,NOT APPLICABLE,X,NOT APPLICABLE,X,NOT APPLICABLE,X,NOT APPLICABLE,,,C,FSS,M,MULTIPLE AWARD,,,,,,,,N,N,,,D,NOT CONSOLIDATED,Y,YES - SERVICE WHERE PBA IS USED.,N,NO,Z,NOT APPLICABLE,N,NO,X,NOT APPLICABLE,f,f,f,f,f,f,f,f,f,f,f,f,f,f,f,f,f,f,f,OTHER THAN SMALL BUSINESS,O,f,f,f,f,f,f,f,f,f,f,f,f,f,f,f,f,f,CORPORATE NOT TAX EXEMPT,t,f,f,f,f,f,f,f,f,f,f,f,f,f,f,f,f,t,f,f,f,f,f,f,f,t,f,f,t,f,f,f,f,f,f,f,f,f,f,f,f,f,f,f,f,f,f,f,f,f,,,,,,,,,,,https://www.usaspending.gov/award/CONT_AWD_75D30120F09371_7523_GS23F0158L_4730/,2025-09-29
CONT_AWD_75D30120F09435_7523_GS35F307AA_4732,75D30120F09435,4732,FEDERAL ACQUISITION SERVICE,GS35F307AA,C: Emergency P.L. 115-123;E: Emergency P.L. 116-20;L: Emergency P.L. 116-123;N: Emergency P.L. 116-136;Q: Not Designated Nonemergency/Emergency/Disaster/Wildfire Suppression;V: Non-emergency P.L. 117-2,12363842.79,12373829.75,,,107642755.36,92849360.61,107642755.36,107642755.36,2020-08-27,2020,2025-07-02,2025,2020-09-01,2026-01-31,2026-01-31 00:00:00,,2020-06-16,075,Department of Health and Human Services,7523,Centers for Disease Control and Prevention,75D301,CDC OFFICE OF ACQUISITION SERVICES,075,Department of Health and Human Services,7523,Centers for Disease Control and Prevention,75D301,CDC OFFICE OF ACQUISITION SERVICES,075-2018/2020-0943-000;075-2019/2020-0943-000;075-2020/2020-0953-000;075-2020/2020-0956-000;075-2020/2020-0959-000;075-2020/2021-0943-000;075-2020/2022-0943-000;075-2020/2024-0943-000;075-2021/2021-0951-000;075-2021/2021-0953-000;075-2021/2021-0956-000;075-2022/2022-0943-000;075-2022/2022-0953-000;075-2022/2022-0956-000;075-2022/2022-0959-000;075-2022/2024-0943-000;075-2023/2023-0953-000;075-2023/2023-0959-000;075-2024/2024-0953-000;075-2024/2024-0959-000;075-2025/2025-0953-000;075-X-0140-000;075-X-0946-000;075-X-0954-000,075-0140;075-0943;075-0946;075-0951;075-0953;075-0954;075-0956;075-0959,21.0: Travel and transportation of persons;25.1: Advisory and assistance services,0001: FEDERAL SHARE (CDC/NIOSH);0001: PUBLIC HEALTH AND SOCIAL SERVICES EMERGENCY FUND;0002: CDC WIDE ACTIVITIES AND PROGRAM SUPPORT (0943);0006: ENERGY EMPLOYEE ILLNESS OCCUPATIONAL COMPENSATION PROGRAM ACT (EEOICPA) (0954);0013: IMMUNIZATION AND RESPIRATORY DISEASES (0951);0016: OCCUPATIONAL SAFETY AND HEALTH (0953);0019: PUBLIC HEALTH PREPAREDNESS AND RESPONSE (0956);0020: PUBLIC HEALTH SCIENTIFIC SERVICES (0959);0802: CDC-WIDE ACTIVITIES AND PROGRAM SUPPORT (REIMBURSABLE),X,NOT APPLICABLE,,,YRWSNBVVBK25,,"ALPHASIX, LLC.","ALPHASIX, LLC.",,6HX49,XLESMSTWFNG8,,ALPHASIX CORPORATION,ALPHASIX CORPORATION,USA,UNITED STATES,21355 RIDGETOP CIR STE 330,,STERLING,51107,LOUDOUN,51,VA,VIRGINIA,201668500,VA-10,VA-10,7035796444,7034670817,USA,UNITED STATES,ATLANTA,13089,DEKALB,13,GA,GEORGIA,303412221,GA-04,GA-04,AWARD,C,DELIVERY ORDER,,,,,,,Y,TIME AND MATERIALS,NIOSH INFORMATION TECHNOLOGY SERVICES (NITS),75D301-20-R-67928,1,OT,OTHER FUNCTIONS,R499,SUPPORT- PROFESSIONAL: OTHER,H,NOT BUNDLED,,,334111,ELECTRONIC COMPUTER MANUFACTURING,C,NO CLAUSES INCLUDED AND NO SUSTAINABILITY INCLUDED,A,U.S. OWNED BUSINESS,,,,,E,NOT REQUIRED,USA,UNITED STATES,C,NOT A MANUFACTURED END PRODUCT,B,PLAN NOT REQUIRED,A,FULL AND OPEN COMPETITION,MAFO,SUBJECT TO MULTIPLE AWARD FAIR OPPORTUNITY,,,NONE,NO PREFERENCE USED,,,FAIR,FAIR OPPORTUNITY GIVEN,,,4,A,COMMERCIAL PRODUCTS/SERVICES,f,N,NO,N,NO,Y,YES,N,NO,,Y,YES,X,NOT APPLICABLE,X,NOT APPLICABLE,X,NOT APPLICABLE,X,NOT APPLICABLE,,,C,FSS,M,MULTIPLE AWARD,,,,,,,,N,N,,,D,NOT CONSOLIDATED,N,NO - SERVICE WHERE PBA IS NOT USED.,,,,,N,NO,X,NOT APPLICABLE,f,f,f,f,f,f,f,f,f,f,f,f,f,f,f,f,f,f,f,OTHER THAN SMALL BUSINESS,O,f,f,f,f,f,f,f,f,f,f,f,f,f,f,f,f,f,CORPORATE NOT TAX EXEMPT,t,f,f,f,f,f,f,f,f,f,f,f,f,f,f,f,f,t,f,f,f,f,f,f,f,f,t,f,t,f,f,f,f,f,f,f,f,f,f,f,f,f,f,f,f,f,f,f,f,f,ALAN  POSEY,410000.00,MARK  HUGHES,410000.00,STEPHEN  MOORE,316958.00,CHRIS  DEVAULT,264239.00,LARRY  HOPKINS,459916.00,https://www.usaspending.gov/award/CONT_AWD_75D30120F09435_7523_GS35F307AA_4732/,2025-07-02
CONT_AWD_75D30120F09869_7523_47QTCK18D0004_4732,75D30120F09869,4732,FEDERAL ACQUISITION SERVICE,47QTCK18D0004,N: Emergency P.L. 116-136;Q: Not Designated Nonemergency/Emergency/Disaster/Wildfire Suppression;U: Emergency P.L. 116-260;V: Non-emergency P.L. 117-2,2369122.64,2520867.01,,,90317081.12,64514052.04,90317081.12,90317081.12,2020-09-21,2020,2024-11-26,2025,2020-09-21,2024-09-24,2024-09-24 00:00:00,,2020-06-29,075,Department of Health and Human Services,7523,Centers for Disease Control and Prevention,75D301,CDC OFFICE OF ACQUISITION SERVICES,075,Department of Health and Human Services,7523,Centers for Disease Control and Prevention,75D301,CDC OFFICE OF ACQUISITION SERVICES,075-075-X-0125-009;075-075-X-0512-009;075-2020/2020-0947-000;075-2020/2020-0949-000;075-2020/2020-0951-000;075-2020/2020-0952-000;075-2020/2020-0955-000;075-2020/2020-0956-000;075-2020/2020-0959-000;075-2020/2022-0955-000;075-2020/2024-0943-000;075-2021/2021-0943-000;075-2021/2021-0947-000;075-2021/2021-0948-000;075-2021/2021-0949-000;075-2021/2021-0950-000;075-2021/2021-0951-000;075-2021/2021-0952-000;075-2021/2021-0955-000;075-2021/2021-0956-000;075-2021/2021-0959-000;075-2021/2023-0955-000;075-2021/2024-0943-000;075-2022/2022-0943-000;075-2022/2022-0947-000;075-2022/2022-0949-000;075-2022/2022-0950-000;075-2022/2022-0951-000;075-2022/2022-0952-000;075-2022/2022-0955-000;075-2022/2022-0959-000;075-2022/2024-0943-000;075-2022/2024-0955-000;075-2023/2023-0947-000;075-2023/2023-0949-000;075-2023/2023-0950-000;075-2023/2023-0951-000;075-2023/2023-0952-000;075-2023/2023-0955-000;075-2023/2023-0959-000;075-2023/2025-0955-000;075-X-0140-000;075-X-0943-000;075-X-0948-000;075-X-0951-000;075-X-4553-000,075-0125;075-0140;075-0512;075-0943;075-0947;075-0948;075-0949;075-0950;075-0951;075-0952;075-0955;075-0956;075-0959;075-4553,25.1: Advisory and assistance services,"0001: PUBLIC HEALTH AND SOCIAL SERVICES EMERGENCY FUND;0002: CDC WIDE ACTIVITIES AND PROGRAM SUPPORT (0943);0003: VACCINES FOR CHILDREN;0004: CHRONIC DISEASE PREVENTION AND HEALTH PROMOTION (0948);0005: EMERGING AND ZOONOTIC INFECTIOUS DISEASES (0949);0007: ENVIRONMENTAL HEALTH (0947);0008: GLOBAL HEALTH (0955);0012: HIV/AIDS, VIRAL HEPATITIS, STD AND TB PREVENTION (0950);0013: IMMUNIZATION AND RESPIRATORY DISEASES (0951);0015: INJURY PREVENTION AND CONTROL (0952);0019: PUBLIC HEALTH PREPAREDNESS AND RESPONSE (0956);0020: PUBLIC HEALTH SCIENTIFIC SERVICES (0959);0801: CDC WORKING CAPITAL FUND (REIMBURSABLE)",X,NOT APPLICABLE,,,JCBMLGPE6Z71,,BOOZ ALLEN HAMILTON INC,BOOZ ALLEN HAMILTON INC.,,17038,MBPHTU7Y9S65,,BOOZ ALLEN HAMILTON HOLDING CORPORATION,BOOZ ALLEN HAMILTON INC,USA,UNITED STATES,8283 GREENSBORO DR,,MCLEAN,51059,FAIRFAX,51,VA,VIRGINIA,221023830,VA-11,VA-11,7033770195,7039023200,USA,UNITED STATES,ATLANTA,13089,DEKALB,13,GA,GEORGIA,303413717,GA-04,GA-04,AWARD,C,DELIVERY ORDER,,,,,,,J,FIRM FIXED PRICE,OCIO TECHNICAL APPLICATIONS SUPPORT SERVICES,75D301-20-Q-71922,1,OT,OTHER FUNCTIONS,D308,IT AND TELECOM- PROGRAMMING,H,NOT BUNDLED,,,541512,COMPUTER SYSTEMS DESIGN SERVICES,C,NO CLAUSES INCLUDED AND NO SUSTAINABILITY INCLUDED,A,U.S. OWNED BUSINESS,,,,,E,NOT REQUIRED,USA,UNITED STATES,C,NOT A MANUFACTURED END PRODUCT,F,INDIVIDUAL SUBCONTRACT PLAN,A,FULL AND OPEN COMPETITION,MAFO,SUBJECT TO MULTIPLE AWARD FAIR OPPORTUNITY,,,NONE,NO PREFERENCE USED,,,FAIR,FAIR OPPORTUNITY GIVEN,,,6,D,COMMERCIAL PRODUCTS/SERVICES PROCEDURES NOT USED,f,N,NO,N,NO,Y,YES,N,NO,,Y,YES,X,NOT APPLICABLE,X,NOT APPLICABLE,X,NOT APPLICABLE,X,NOT APPLICABLE,,,A,GWAC,M,MULTIPLE AWARD,,,,,,,,N,N,,,D,NOT CONSOLIDATED,N,NO - SERVICE WHERE PBA IS NOT USED.,,,,,N,NO,X,NOT APPLICABLE,f,f,f,f,f,f,f,f,f,f,f,f,f,f,f,f,f,f,f,OTHER THAN SMALL BUSINESS,O,f,f,f,f,f,f,f,f,f,f,f,f,f,f,f,f,f,CORPORATE NOT TAX EXEMPT,t,f,f,f,f,f,f,f,f,f,f,f,f,f,f,f,f,t,f,f,f,f,f,f,f,f,f,f,t,f,f,f,f,f,f,f,f,f,f,f,f,f,f,f,f,f,f,f,f,f,,,,,,,,,,,https://www.usaspending.gov/award/CONT_AWD_75D30120F09869_7523_47QTCK18D0004_4732/,2024-11-26
CONT_AWD_75D30121C10098_7523_-NONE-_-NONE-,75D30121C10098,,,,Q: Not Designated Nonemergency/Emergency/Disaster/Wildfire Suppression,,,,,221114401.00,211607135.24,221114401.00,221114401.00,2020-12-07,2021,2026-02-05,2026,2020-12-07,2026-02-28,2026-02-28 00:00:00,,2020-06-03,075,Department of Health and Human Services,7523,Centers for Disease Control and Prevention,75D301,CDC OFFICE OF ACQUISITION SERVICES,075,Department of Health and Human Services,7523,Centers for Disease Control and Prevention,75D301,CDC OFFICE OF ACQUISITION SERVICES,075-075-X-0125-009;075-2021/2025-0960-000;075-2022/2026-0960-000;075-2023/2027-0960-000,075-0125;075-0960,32.0: Land and structures,0001: CDC BUILDINGS AND FACILITIES (0960);0001: NONRECURRING EXPENSES FUND PROJECTS,X,NOT APPLICABLE,,,USH2BTXJGHM4,,"HCBECK, LTD.","HCBECK, LTD.",,1R8T0,USH2BTXJGHM4,,"HCBECK, LTD.",HCBECK HOLDINGS  LTD.,USA,UNITED STATES,1601 ELM ST #2800,,DALLAS,48113,DALLAS,48,TX,TEXAS,752017235,TX-30,TX-30,2143036602,2143036702,USA,UNITED STATES,ATLANTA,13089,DEKALB,13,GA,GEORGIA,303413717,GA-04,GA-04,AWARD,D,DEFINITIVE CONTRACT,,,,,,,J,FIRM FIXED PRICE,CHAMBLEE CAMPUS BLDG 108 PHASE II,75D301-20-R-67995,1,OT,OTHER FUNCTIONS,Y1AA,CONSTRUCTION OF OFFICE BUILDINGS,H,NOT BUNDLED,,,236220,COMMERCIAL AND INSTITUTIONAL BUILDING CONSTRUCTION,F,ENVIRONMENTALLY PREFERABLE,A,U.S. OWNED BUSINESS,,,,,E,NOT REQUIRED,USA,UNITED STATES,C,NOT A MANUFACTURED END PRODUCT,F,INDIVIDUAL SUBCONTRACT PLAN,A,FULL AND OPEN COMPETITION,NP,NEGOTIATED PROPOSAL/QUOTE,NONE,NO SET ASIDE USED.,NONE,NO PREFERENCE USED,,,,,,,3,D,COMMERCIAL PRODUCTS/SERVICES PROCEDURES NOT USED,f,N,NO,N,NO,Y,YES,N,NO,0.00,N,NO,N,NO,X,NOT APPLICABLE,Y,YES,X,NOT APPLICABLE,,,,,,,,,,N,NO,N,NO - CAS WAIVER APPROVED,N,N,,,D,NOT CONSOLIDATED,N,NO - SERVICE WHERE PBA IS NOT USED.,Y,YES,C,PERCENTAGE OF COMPLETION PROGRESS PAYMENTS,N,NO,X,NOT APPLICABLE,f,f,f,f,f,f,f,f,f,f,f,f,f,f,f,f,f,f,f,OTHER THAN SMALL BUSINESS,O,f,f,f,f,f,f,f,f,f,f,f,f,f,f,f,f,f,PARTNERSHIP,f,f,t,f,f,f,f,f,f,f,f,f,f,f,f,f,f,t,f,f,f,f,f,f,f,f,f,f,t,f,f,f,f,f,f,f,f,f,f,f,f,f,f,f,f,f,f,f,f,f,,,,,,,,,,,https://www.usaspending.gov/award/CONT_AWD_75D30121C10098_7523_-NONE-_-NONE-/,2026-02-05
CONT_AWD_75D30121C10696_7523_-NONE-_-NONE-,75D30121C10696,,,,N: Emergency P.L. 116-136;Q: Not Designated Nonemergency/Emergency/Disaster/Wildfire Suppression;U: Emergency P.L. 116-260;V: Non-emergency P.L. 117-2,8832400.89,10628548.00,,,23285817.68,17947042.74,23285817.68,23395817.68,2021-09-02,2021,2026-01-08,2026,2021-09-23,2026-03-22,2026-03-22 00:00:00,,2021-06-21,075,Department of Health and Human Services,7523,Centers for Disease Control and Prevention,75D301,CDC OFFICE OF ACQUISITION SERVICES,075,Department of Health and Human Services,7523,Centers for Disease Control and Prevention,75D301,CDC OFFICE OF ACQUISITION SERVICES,075-075-X-0512-009;075-2020/2024-0943-000;075-2021/2021-0949-000;075-2021/2021-0951-000;075-2021/2024-0943-000;075-2022/2022-0949-000;075-2022/2022-0951-000;075-2023/2023-0949-000;075-2023/2023-0951-000;075-2024/2024-0949-000;075-2024/2024-0951-000;075-2025/2025-0949-000;075-X-0140-000,075-0140;075-0512;075-0943;075-0949;075-0951,21.0: Travel and transportation of persons;25.1: Advisory and assistance services,0001: PUBLIC HEALTH AND SOCIAL SERVICES EMERGENCY FUND;0002: CDC WIDE ACTIVITIES AND PROGRAM SUPPORT (0943);0003: VACCINES FOR CHILDREN;0005: EMERGING AND ZOONOTIC INFECTIOUS DISEASES (0949);0013: IMMUNIZATION AND RESPIRATORY DISEASES (0951),X,NOT APPLICABLE,,,LSY9B62DKAC8,,"GOLDBELT C6, LLC","GOLDBELT C6, LLC",,74AA1,LSY9B62DKAC8,,"GOLDBELT C6, LLC",GOLDBELT C6  LLC,USA,UNITED STATES,860 GREENBRIER CIR STE 405,,CHESAPEAKE,51550,CHESAPEAKE (CITY),51,VA,VIRGINIA,233202640,VA-03,VA-03,7575502450,7573002455,USA,UNITED STATES,ATLANTA,13089,DEKALB,13,GA,GEORGIA,303294018,GA-05,GA-05,AWARD,D,DEFINITIVE CONTRACT,,,,,,,Y,TIME AND MATERIALS,PROGRAM AND STAFF SUPPORT,75D301-21-R-71912,1,OT,OTHER FUNCTIONS,R499,SUPPORT- PROFESSIONAL: OTHER,H,NOT BUNDLED,,,541690,OTHER SCIENTIFIC AND TECHNICAL CONSULTING SERVICES,C,NO CLAUSES INCLUDED AND NO SUSTAINABILITY INCLUDED,A,U.S. OWNED BUSINESS,,,,,E,NOT REQUIRED,USA,UNITED STATES,C,NOT A MANUFACTURED END PRODUCT,B,PLAN NOT REQUIRED,B,NOT AVAILABLE FOR COMPETITION,SSS,ONLY ONE SOURCE,8AN,8(A) SOLE SOURCE,NONE,NO PREFERENCE USED,,,,,OTH,AUTHORIZED BY STATUTE (FAR 6.302-5(A)(2)(I)),1,D,COMMERCIAL PRODUCTS/SERVICES PROCEDURES NOT USED,f,N,NO,N,NO,N,NO,N,NO,,N,NO,N,NO,N,NO,N,NO,X,NOT APPLICABLE,,,,,,,,,,Y,YES,N,NO - CAS WAIVER APPROVED,N,N,,,D,NOT CONSOLIDATED,N,NO - SERVICE WHERE PBA IS NOT USED.,N,NO,Z,NOT APPLICABLE,N,NO,C,"PRESIDENTIAL ISSUED EMERGENCY DECLARATION, OR A MAJOR DISASTER DECLARATION",t,f,f,f,f,f,f,f,f,f,f,f,t,f,f,f,f,t,f,SMALL BUSINESS,S,f,f,f,f,f,f,f,f,f,f,f,f,f,f,f,f,f,CORPORATE NOT TAX EXEMPT,t,f,f,f,f,f,f,f,f,f,f,f,f,f,f,f,f,t,f,f,f,f,f,f,f,f,t,f,t,f,f,f,f,f,f,f,f,f,f,f,f,f,f,f,f,t,f,t,f,f,,,,,,,,,,,https://www.usaspending.gov/award/CONT_AWD_75D30121C10696_7523_-NONE-_-NONE-/,2026-01-08
CONT_AWD_75D30121C10838_7523_-NONE-_-NONE-,75D30121C10838,,,,N: Emergency P.L. 116-136;P: Emergency P.L. 116-139;Q: Not Designated Nonemergency/Emergency/Disaster/Wildfire Suppression;V: Non-emergency P.L. 117-2,1842547.02,2055950.74,,,20235898.27,17138452.55,20235898.27,20235898.27,2021-09-15,2021,2026-01-12,2026,2021-09-15,2026-03-14,2026-03-14 00:00:00,,2021-06-15,075,Department of Health and Human Services,7523,Centers for Disease Control and Prevention,75D301,CDC OFFICE OF ACQUISITION SERVICES,075,Department of Health and Human Services,7523,Centers for Disease Control and Prevention,75D301,CDC OFFICE OF ACQUISITION SERVICES,075-2020/2024-0943-000;075-2021/2021-0951-000;075-2022/2022-0943-000;075-2022/2022-0949-000;075-2022/2022-0951-000;075-2022/2024-0955-000;075-2023/2023-0949-000;075-2023/2023-0951-000;075-2024/2024-0949-000;075-2024/2024-0950-000;075-2025/2025-0949-000;075-X-0140-000;075-X-0951-000,075-0140;075-0943;075-0949;075-0950;075-0951;075-0955,21.0: Travel and transportation of persons;25.1: Advisory and assistance services,"0001: PUBLIC HEALTH AND SOCIAL SERVICES EMERGENCY FUND;0002: CDC WIDE ACTIVITIES AND PROGRAM SUPPORT (0943);0005: EMERGING AND ZOONOTIC INFECTIOUS DISEASES (0949);0008: GLOBAL HEALTH (0955);0012: HIV/AIDS, VIRAL HEPATITIS, STD AND TB PREVENTION (0950);0013: IMMUNIZATION AND RESPIRATORY DISEASES (0951);0802: CDC-WIDE ACTIVITIES AND PROGRAM SUPPORT (REIMBURSABLE)",X,NOT APPLICABLE,,,LZ53AT1DCF44,,"CHEROKEE NATION OPERATIONAL SOLUTIONS, L.L.C.","CHEROKEE NATION OPERATIONAL SOLUTIONS, L.L.C.",,57X59,LZ53AT1DCF44,,"CHEROKEE NATION OPERATIONAL SOLUTIONS, L.L.C.",CHEROKEE NATION OPERATIONAL SOLUTIONS  L.L.C.,USA,UNITED STATES,10838 E MARSHALL ST STE 220-A,,TULSA,40143,TULSA,40,OK,OKLAHOMA,741165682,OK-01,OK-01,9184303453,,USA,UNITED STATES,ATLANTA,13089,DEKALB,13,GA,GEORGIA,303294018,GA-05,GA-05,AWARD,D,DEFINITIVE CONTRACT,,,,,,,Z,LABOR HOURS,DGMQ STAFFING,75D301-21-R-71913,1,OT,OTHER FUNCTIONS,R499,SUPPORT- PROFESSIONAL: OTHER,H,NOT BUNDLED,,,541990,"ALL OTHER PROFESSIONAL, SCIENTIFIC, AND TECHNICAL SERVICES",C,NO CLAUSES INCLUDED AND NO SUSTAINABILITY INCLUDED,A,U.S. OWNED BUSINESS,,,,,E,NOT REQUIRED,USA,UNITED STATES,C,NOT A MANUFACTURED END PRODUCT,B,PLAN NOT REQUIRED,B,NOT AVAILABLE FOR COMPETITION,SSS,ONLY ONE SOURCE,8AN,8(A) SOLE SOURCE,NONE,NO PREFERENCE USED,,,,,OTH,AUTHORIZED BY STATUTE (FAR 6.302-5(A)(2)(I)),1,D,COMMERCIAL PRODUCTS/SERVICES PROCEDURES NOT USED,f,N,NO,N,NO,N,NO,N,NO,,N,NO,N,NO,N,NO,N,NO,X,NOT APPLICABLE,,,,,,,,,,Y,YES,N,NO - CAS WAIVER APPROVED,N,N,,,D,NOT CONSOLIDATED,N,NO - SERVICE WHERE PBA IS NOT USED.,N,NO,Z,NOT APPLICABLE,N,NO,X,NOT APPLICABLE,f,t,f,f,t,f,f,f,f,f,f,f,t,f,f,f,f,t,f,SMALL BUSINESS,S,f,f,f,f,f,f,f,f,f,f,f,f,f,f,f,f,f,CORPORATE NOT TAX EXEMPT,t,f,f,f,f,f,f,f,f,f,f,f,t,f,f,f,f,t,f,f,f,f,f,f,f,f,t,f,t,f,f,f,f,f,f,f,f,f,f,f,f,f,f,f,f,t,f,t,f,f,SCOTT  EDWARDS,1.00,DIRK  CATRON,1.00,,,,,,,https://www.usaspending.gov/award/CONT_AWD_75D30121C10838_7523_-NONE-_-NONE-/,2026-01-12
CONT_AWD_75D30121C12798_7523_-NONE-_-NONE-,75D30121C12798,,,,Q: Not Designated Nonemergency/Emergency/Disaster/Wildfire Suppression,,,,,29347501.64,22375733.99,29347501.64,29407501.64,2021-09-20,2021,2025-09-12,2025,2021-09-30,2026-09-29,2026-09-29 00:00:00,,2021-08-20,075,Department of Health and Human Services,7523,Centers for Disease Control and Prevention,75D301,CDC OFFICE OF ACQUISITION SERVICES,075,Department of Health and Human Services,7523,Centers for Disease Control and Prevention,75D301,CDC OFFICE OF ACQUISITION SERVICES,075-2021/2021-0943-000;075-2021/2021-0947-000;075-2021/2021-0949-000;075-2021/2021-0950-000;075-2021/2021-0953-000;075-2021/2021-0959-000;075-2022/2022-0943-000;075-2022/2022-0959-000;075-2023/2023-0943-000;075-2023/2023-0959-000;075-2024/2024-0943-000;075-2024/2024-0959-000;075-2024/2025-0943-000;075-2025/2025-0943-000;075-2025/2025-0950-000;075-2025/2025-0959-000;075-X-0943-000,075-0943;075-0947;075-0949;075-0950;075-0953;075-0959,25.1: Advisory and assistance services,"0002: CDC WIDE ACTIVITIES AND PROGRAM SUPPORT (0943);0005: EMERGING AND ZOONOTIC INFECTIOUS DISEASES (0949);0007: ENVIRONMENTAL HEALTH (0947);0012: HIV/AIDS, VIRAL HEPATITIS, STD AND TB PREVENTION (0950);0016: OCCUPATIONAL SAFETY AND HEALTH (0953);0020: PUBLIC HEALTH SCIENTIFIC SERVICES (0959);0802: CDC-WIDE ACTIVITIES AND PROGRAM SUPPORT (REIMBURSABLE)",X,NOT APPLICABLE,,,DSHBDPKJC569,,"CREATIVE IT SOLUTIONS, LLC","CREATIVE IT SOLUTIONS, LLC",,7CX10,DSHBDPKJC569,,"CREATIVE IT SOLUTIONS, LLC",CREATIVEIT SOLUTIONS LLC,USA,UNITED STATES,2000 N CLASSEN BLVD STE 1700,,OKLAHOMA CITY,40109,OKLAHOMA,40,OK,OKLAHOMA,731066101,OK-03,OK-03,4055261030,4055261030,USA,UNITED STATES,ATLANTA,13089,DEKALB,13,GA,GEORGIA,303294018,GA-05,GA-05,AWARD,D,DEFINITIVE CONTRACT,,,,,,,Z,LABOR HOURS,IT SUPPORT FOR KNOWLEDGE MANAGEMENT SYSTEMS,75D301-21-R-72037,1,OT,OTHER FUNCTIONS,DA01,IT AND TELECOM - BUSINESS APPLICATION/APPLICATION DEVELOPMENT SUPPORT SERVICES (LABOR),H,NOT BUNDLED,,,541512,COMPUTER SYSTEMS DESIGN SERVICES,C,NO CLAUSES INCLUDED AND NO SUSTAINABILITY INCLUDED,A,U.S. OWNED BUSINESS,,,,,E,NOT REQUIRED,USA,UNITED STATES,C,NOT A MANUFACTURED END PRODUCT,B,PLAN NOT REQUIRED,B,NOT AVAILABLE FOR COMPETITION,SSS,ONLY ONE SOURCE,8AN,8(A) SOLE SOURCE,NONE,NO PREFERENCE USED,,,,,OTH,AUTHORIZED BY STATUTE (FAR 6.302-5(A)(2)(I)),1,A,COMMERCIAL PRODUCTS/SERVICES,f,N,NO,N,NO,N,NO,N,NO,,Y,YES,N,NO,X,NOT APPLICABLE,X,NOT APPLICABLE,X,NOT APPLICABLE,,,,,,,,,,N,NO,X,NOT APPLICABLE EXEMPT FROM CAS,N,N,,,D,NOT CONSOLIDATED,N,NO - SERVICE WHERE PBA IS NOT USED.,N,NO,,,N,NO,X,NOT APPLICABLE,f,f,t,f,t,f,f,f,f,f,f,f,t,f,f,f,f,t,f,SMALL BUSINESS,S,f,f,f,f,f,f,f,f,f,f,f,f,f,f,f,f,f,OTHER,f,f,f,f,f,f,f,f,f,f,f,f,f,f,f,f,f,t,f,f,f,f,f,f,f,f,t,f,t,f,f,f,f,f,f,f,f,f,f,f,f,f,f,f,f,t,f,t,f,f,RAM  RAJASEKARAN,286589.00,PENNY  THOMPSON,254369.00,SRINIVASAN  MANICKAVASAGAM,253521.00,MONA  AYERS,245386.00,VISHNU  KATEKANENI,246907.00,https://www.usaspending.gov/award/CONT_AWD_75D30121C12798_7523_-NONE-_-NONE-/,2025-09-12
CONT_AWD_75D30121F10650_7523_HHSN316201200025W_7529,75D30121F10650,7529,NATIONAL INSTITUTES OF HEALTH,HHSN316201200025W,Q: Not Designated Nonemergency/Emergency/Disaster/Wildfire Suppression,,,,,67361466.85,60280520.31,69246831.20,70168335.35,2021-08-11,2021,2025-08-14,2025,2021-08-16,2026-08-15,2026-08-15 00:00:00,,2021-05-13,075,Department of Health and Human Services,7523,Centers for Disease Control and Prevention,75D301,CDC OFFICE OF ACQUISITION SERVICES,075,Department of Health and Human Services,7523,Centers for Disease Control and Prevention,75D301,CDC OFFICE OF ACQUISITION SERVICES,075-2021/2021-0948-000;075-2021/2021-0950-000;075-2021/2021-0958-000;075-2021/2021-0959-000;075-2022/2022-0948-000;075-2022/2022-0950-000;075-2022/2022-0958-000;075-2022/2022-0959-000;075-2023/2023-0948-000;075-2023/2023-0950-000;075-2023/2023-0958-000;075-2023/2023-0959-000;075-2024/2024-0948-000;075-2024/2024-0950-000;075-2024/2024-0958-000;075-2024/2024-0959-000;075-2025/2025-0948-000;075-2025/2025-0958-000;075-2025/2025-0959-000;075-X-0943-000;075-X-0948-000;075-X-4553-000;075-X-8250-000,075-0943;075-0948;075-0950;075-0958;075-0959;075-4553;075-8250,25.1: Advisory and assistance services,"0001: BIRTH DEFECTS, DEVELOPMENTAL DISABILITIES, DISABILITY AND HEALTH (0958);0002: CDC WIDE ACTIVITIES AND PROGRAM SUPPORT (0943);0002: GIFTS;0004: CHRONIC DISEASE PREVENTION AND HEALTH PROMOTION (0948);0012: HIV/AIDS, VIRAL HEPATITIS, STD AND TB PREVENTION (0950);0020: PUBLIC HEALTH SCIENTIFIC SERVICES (0959);0801: CDC WORKING CAPITAL FUND (REIMBURSABLE)",X,NOT APPLICABLE,,,ZBPQEJVECCT4,,PERATON INC.,PERATON INC.,MULTIMAX,0HD54,ZBPQEJVECCT4,,PERATON INC.,PERATON INC.,USA,UNITED STATES,12975 WORLDGATE STE 7322,,HERNDON,51059,FAIRFAX,51,VA,VIRGINIA,201706008,VA-11,VA-11,7036686082,,USA,UNITED STATES,ATLANTA,13089,DEKALB,13,GA,GEORGIA,303414133,GA-04,GA-04,AWARD,C,DELIVERY ORDER,,,,,,,Y,TIME AND MATERIALS,IT SERVICE AND DATA MODERNIZATION SERVICES,75D301-21-R-71851,1,OT,OTHER FUNCTIONS,R499,SUPPORT- PROFESSIONAL: OTHER,H,NOT BUNDLED,,,541512,COMPUTER SYSTEMS DESIGN SERVICES,C,NO CLAUSES INCLUDED AND NO SUSTAINABILITY INCLUDED,A,U.S. OWNED BUSINESS,,,,,E,NOT REQUIRED,USA,UNITED STATES,C,NOT A MANUFACTURED END PRODUCT,C,PLAN REQUIRED - INCENTIVE NOT INCLUDED,A,FULL AND OPEN COMPETITION,MAFO,SUBJECT TO MULTIPLE AWARD FAIR OPPORTUNITY,,,NONE,NO PREFERENCE USED,,,FAIR,FAIR OPPORTUNITY GIVEN,,,4,D,COMMERCIAL PRODUCTS/SERVICES PROCEDURES NOT USED,f,N,NO,N,NO,Y,YES,N,NO,,N,NO,X,NOT APPLICABLE,X,NOT APPLICABLE,X,NOT APPLICABLE,X,NOT APPLICABLE,,,A,GWAC,M,MULTIPLE AWARD,,,,,,,,N,N,,,D,NOT CONSOLIDATED,N,NO - SERVICE WHERE PBA IS NOT USED.,,,Z,NOT APPLICABLE,N,NO,X,NOT APPLICABLE,f,f,f,f,f,f,f,f,f,f,f,f,f,f,f,f,f,f,f,OTHER THAN SMALL BUSINESS,O,f,f,f,f,f,f,f,f,f,f,f,f,f,f,f,f,f,CORPORATE NOT TAX EXEMPT,t,f,f,f,f,f,f,f,f,f,f,f,f,f,f,t,f,f,f,f,f,f,f,f,f,f,f,f,t,f,f,f,f,f,f,f,f,f,f,f,f,f,f,f,f,f,f,f,f,f,STEVEN  SCHORER,5866762.00,KIM  SHEA,3878584.00,KENNETH  SHARP,1859005.00,REBECCA  MCHALE,1194952.00,JAMES  WINNER,1032804.00,https://www.usaspending.gov/award/CONT_AWD_75D30121F10650_7523_HHSN316201200025W_7529/,2025-08-14
CONT_AWD_75D30121F10895_7523_HHSN316201200025W_7529,75D30121F10895,7529,NATIONAL INSTITUTES OF HEALTH,HHSN316201200025W,N: Emergency P.L. 116-136;P: Emergency P.L. 116-139;Q: Not Designated Nonemergency/Emergency/Disaster/Wildfire Suppression;V: Non-emergency P.L. 117-2,319603.18,319927.99,,,25771455.85,21390420.09,25771504.45,25771504.45,2021-09-09,2021,2026-01-16,2026,2021-09-13,2026-09-12,2026-09-12 00:00:00,,2021-05-10,075,Department of Health and Human Services,7523,Centers for Disease Control and Prevention,75D301,CDC OFFICE OF ACQUISITION SERVICES,075,Department of Health and Human Services,7523,Centers for Disease Control and Prevention,75D301,CDC OFFICE OF ACQUISITION SERVICES,075-019-2020/2024-1031-001;075-019-2024/2028-1031-001;075-075-X-0512-009;075-2020/2024-0943-000;075-2021/2021-0943-000;075-2021/2021-0944-000;075-2021/2021-0947-000;075-2021/2021-0948-000;075-2021/2021-0949-000;075-2021/2021-0950-000;075-2021/2021-0952-000;075-2021/2021-0953-000;075-2021/2021-0955-000;075-2021/2021-0958-000;075-2021/2021-0959-000;075-2021/2023-0955-000;075-2022/2022-0943-000;075-2022/2022-0944-000;075-2022/2022-0947-000;075-2022/2022-0948-000;075-2022/2022-0949-000;075-2022/2022-0950-000;075-2022/2022-0951-000;075-2022/2022-0952-000;075-2022/2022-0953-000;075-2022/2022-0955-000;075-2022/2022-0956-000;075-2022/2022-0958-000;075-2022/2022-0959-000;075-2022/2024-0955-000;075-2023/2023-0943-000;075-2023/2023-0944-000;075-2023/2023-0947-000;075-2023/2023-0948-000;075-2023/2023-0949-000;075-2023/2023-0950-000;075-2023/2023-0951-000;075-2023/2023-0953-000;075-2023/2023-0959-000;075-2023/2025-0955-000;075-2024/2024-0943-000;075-2024/2024-0948-000;075-2024/2024-0955-000;075-2024/2024-0958-000;075-2024/2024-0959-000;075-2025/2025-0959-000;075-X-0140-000;075-X-0943-000;075-X-0946-000;075-X-0948-000;075-X-5146-000;075-X-8250-000,019-1031;075-0140;075-0512;075-0943;075-0944;075-0946;075-0947;075-0948;075-0949;075-0950;075-0951;075-0952;075-0953;075-0955;075-0956;075-0958;075-0959;075-5146;075-8250,25.1: Advisory and assistance services,"0001: AGENCY FOR TOXIC SUBSTANCES AND DISEASE REGISTRY, TOXIC SUBSTANC (DIRECT);0001: BIRTH DEFECTS, DEVELOPMENTAL DISABILITIES, DISABILITY AND HEALTH (0958);0001: DIRECT GLOBAL HEALTH PROGRAM ACTIVITY;0001: FEDERAL SHARE (CDC/NIOSH);0001: PUBLIC HEALTH AND SOCIAL SERVICES EMERGENCY FUND;0002: CDC WIDE ACTIVITIES AND PROGRAM SUPPORT (0943);0002: GIFTS;0003: VACCINES FOR CHILDREN;0004: CHRONIC DISEASE PREVENTION AND HEALTH PROMOTION (0948);0005: EMERGING AND ZOONOTIC INFECTIOUS DISEASES (0949);0007: ENVIRONMENTAL HEALTH (0947);0008: GLOBAL HEALTH (0955);0012: HIV/AIDS, VIRAL HEPATITIS, STD AND TB PREVENTION (0950);0013: IMMUNIZATION AND RESPIRATORY DISEASES (0951);0015: INJURY PREVENTION AND CONTROL (0952);0016: OCCUPATIONAL SAFETY AND HEALTH (0953);0019: PUBLIC HEALTH PREPAREDNESS AND RESPONSE (0956);0020: PUBLIC HEALTH SCIENTIFIC SERVICES (0959);0021: COOPERATIVE RESEARCH AND DEVELOPMENT AGREEMENTS (CRADA) (5146);0802: CDC-WIDE ACTIVITIES AND PROGRAM SUPPORT (REIMBURSABLE)",X,NOT APPLICABLE,,,ZBPQEJVECCT4,,PERATON INC.,PERATON INC.,MULTIMAX,0HD54,ZBPQEJVECCT4,,PERATON INC.,PERATON INC.,USA,UNITED STATES,12975 WORLDGATE STE 7322,,HERNDON,51059,FAIRFAX,51,VA,VIRGINIA,201706008,VA-11,VA-11,7036686082,,USA,UNITED STATES,ATLANTA,13089,DEKALB,13,GA,GEORGIA,303294018,GA-05,GA-05,AWARD,C,DELIVERY ORDER,,,,,,,Y,TIME AND MATERIALS,MULTIMEDIA PRODUCTION AND TECHNICAL SUPPORT SERVICES,75D301-21-Q-73050,1,OT,OTHER FUNCTIONS,R499,SUPPORT- PROFESSIONAL: OTHER,H,NOT BUNDLED,,,541512,COMPUTER SYSTEMS DESIGN SERVICES,C,NO CLAUSES INCLUDED AND NO SUSTAINABILITY INCLUDED,A,U.S. OWNED BUSINESS,,,,,E,NOT REQUIRED,USA,UNITED STATES,C,NOT A MANUFACTURED END PRODUCT,C,PLAN REQUIRED - INCENTIVE NOT INCLUDED,A,FULL AND OPEN COMPETITION,MAFO,SUBJECT TO MULTIPLE AWARD FAIR OPPORTUNITY,,,NONE,NO PREFERENCE USED,,,OSA,OTHER STATUTORY AUTHORITY,,,2,D,COMMERCIAL PRODUCTS/SERVICES PROCEDURES NOT USED,f,N,NO,N,NO,Y,YES,N,NO,,N,NO,X,NOT APPLICABLE,X,NOT APPLICABLE,X,NOT APPLICABLE,X,NOT APPLICABLE,,,A,GWAC,M,MULTIPLE AWARD,,,,,,,,N,N,,,D,NOT CONSOLIDATED,N,NO - SERVICE WHERE PBA IS NOT USED.,,,Z,NOT APPLICABLE,N,NO,X,NOT APPLICABLE,f,f,f,f,f,f,f,f,f,f,f,f,f,f,f,f,f,f,f,OTHER THAN SMALL BUSINESS,O,f,f,f,f,f,f,f,f,f,f,f,f,f,f,f,f,f,CORPORATE NOT TAX EXEMPT,t,f,f,f,f,f,f,f,f,f,f,f,f,f,f,t,f,f,f,f,f,f,f,f,f,f,f,f,t,f,f,f,f,f,f,f,f,f,f,f,f,f,f,f,f,f,f,f,f,f,STEVEN  SCHORER,5866762.00,KIM  SHEA,3878584.00,KENNETH  SHARP,1859005.00,REBECCA  MCHALE,1194952.00,JAMES  WINNER,1032804.00,https://www.usaspending.gov/award/CONT_AWD_75D30121F10895_7523_HHSN316201200025W_7529/,2026-01-16
CONT_AWD_75D30121F12101_7523_HHSN316201200036W_7529,75D30121F12101,7529,NATIONAL INSTITUTES OF HEALTH,HHSN316201200036W,N: Emergency P.L. 116-136;Q: Not Designated Nonemergency/Emergency/Disaster/Wildfire Suppression;V: Non-emergency P.L. 117-2,1537323.39,1768439.02,,,36211256.47,28279091.83,36211256.47,36211256.47,2021-08-12,2021,2025-07-15,2025,2021-08-12,2026-07-29,2026-07-29 00:00:00,,2021-05-19,075,Department of Health and Human Services,7523,Centers for Disease Control and Prevention,75D301,CDC OFFICE OF ACQUISITION SERVICES,075,Department of Health and Human Services,7523,Centers for Disease Control and Prevention,75D301,CDC OFFICE OF ACQUISITION SERVICES,075-019-2020/2024-1031-001;075-019-2022/2026-1031-001;075-019-2023/2027-1031-001;075-019-2024/2028-1031-001;075-2020/2024-0943-000;075-2021/2021-0955-000;075-X-0943-000,019-1031;075-0943;075-0955,21.0: Travel and transportation of persons;25.1: Advisory and assistance services,0001: DIRECT GLOBAL HEALTH PROGRAM ACTIVITY;0002: CDC WIDE ACTIVITIES AND PROGRAM SUPPORT (0943);0008: GLOBAL HEALTH (0955),X,NOT APPLICABLE,,,ZBPQEJVECCT4,,PERATON INC.,PERATON INC.,,0HD54,ZBPQEJVECCT4,,PERATON INC.,PERATON INC.,USA,UNITED STATES,12975 WORLDGATE DR STE 7322,,HERNDON,51059,FAIRFAX,51,VA,VIRGINIA,201706008,VA-11,VA-11,7036686447,,USA,UNITED STATES,ATLANTA,13089,DEKALB,13,GA,GEORGIA,303294018,GA-05,GA-05,AWARD,C,DELIVERY ORDER,,,,,,,Z,LABOR HOURS,DATA USE CLUSTER,75D301-21-R-71860,1,OT,OTHER FUNCTIONS,R499,SUPPORT- PROFESSIONAL: OTHER,H,NOT BUNDLED,,,541512,COMPUTER SYSTEMS DESIGN SERVICES,C,NO CLAUSES INCLUDED AND NO SUSTAINABILITY INCLUDED,A,U.S. OWNED BUSINESS,,,,,E,NOT REQUIRED,USA,UNITED STATES,C,NOT A MANUFACTURED END PRODUCT,C,PLAN REQUIRED - INCENTIVE NOT INCLUDED,A,FULL AND OPEN COMPETITION,MAFO,SUBJECT TO MULTIPLE AWARD FAIR OPPORTUNITY,,,NONE,NO PREFERENCE USED,,,FAIR,FAIR OPPORTUNITY GIVEN,,,2,D,COMMERCIAL PRODUCTS/SERVICES PROCEDURES NOT USED,f,N,NO,N,NO,Y,YES,N,NO,,N,NO,X,NOT APPLICABLE,X,NOT APPLICABLE,X,NOT APPLICABLE,X,NOT APPLICABLE,,,A,GWAC,M,MULTIPLE AWARD,,,,,,,,N,N,,,D,NOT CONSOLIDATED,Y,YES - SERVICE WHERE PBA IS USED.,,,Z,NOT APPLICABLE,N,NO,X,NOT APPLICABLE,f,f,f,f,f,f,f,f,f,f,f,f,f,f,f,f,f,f,f,OTHER THAN SMALL BUSINESS,O,f,f,f,f,f,f,f,f,f,f,f,f,f,f,f,f,f,CORPORATE NOT TAX EXEMPT,t,f,f,f,f,f,f,f,f,f,f,f,f,f,f,f,f,t,f,f,f,f,f,f,f,f,f,f,t,f,f,f,f,f,f,f,f,f,f,f,f,f,f,f,f,f,f,f,f,f,STEVEN  SCHORER,5866762.00,KIM  SHEA,3878584.00,KENNETH  SHARP,1859005.00,REBECCA  MCHALE,1194952.00,JAMES  WINNER,1032804.00,https://www.usaspending.gov/award/CONT_AWD_75D30121F12101_7523_HHSN316201200036W_7529/,2025-07-15
CONT_AWD_75D30121F12211_7523_47QTCA19D00EE_4732,75D30121F12211,4732,FEDERAL ACQUISITION SERVICE,47QTCA19D00EE,Q: Not Designated Nonemergency/Emergency/Disaster/Wildfire Suppression,,,,,35946570.10,29963132.83,35946570.10,35946570.10,2021-08-12,2021,2026-01-15,2026,2021-08-12,2026-08-11,2026-08-11 00:00:00,,2021-06-22,075,Department of Health and Human Services,7523,Centers for Disease Control and Prevention,75D301,CDC OFFICE OF ACQUISITION SERVICES,075,Department of Health and Human Services,7523,Centers for Disease Control and Prevention,75D301,CDC OFFICE OF ACQUISITION SERVICES,075-2021/2021-0950-000;075-2022/2022-0950-000;075-2023/2023-0950-000;075-2024/2024-0950-000;075-2025/2025-0950-000;075-X-8250-000,075-0950;075-8250,21.0: Travel and transportation of persons;25.1: Advisory and assistance services,"0002: GIFTS;0012: HIV/AIDS, VIRAL HEPATITIS, STD AND TB PREVENTION (0950)",X,NOT APPLICABLE,,,XKMBEM2BTLK3,,"SOCIAL & SCIENTIFIC SYSTEMS, INC.","SOCIAL & SCIENTIFIC SYSTEMS, INC.",,8S542,LLNDA6RULBL7,,DLH HOLDINGS CORP,DLH HOLDINGS CORP.,USA,UNITED STATES,8757 GEORGIA AVE STE 1200,,SILVER SPRING,24031,MONTGOMERY,24,MD,MARYLAND,209103737,MD-08,MD-08,3016283025,3016283001,USA,UNITED STATES,BROOKHAVEN,13089,DEKALB,13,GA,GEORGIA,303292020,GA-05,GA-05,AWARD,C,DELIVERY ORDER,,,,,,,J,FIRM FIXED PRICE,DHAP DATA MANAGEMENT SERVICES,75D301-21-Q-73494,1,OT,OTHER FUNCTIONS,DH01,"IT AND TELECOM - PLATFORM SUPPORT SERVICES: DATABASE, MAINFRAME, MIDDLEWARE (LABOR)",H,NOT BUNDLED,,,541519,OTHER COMPUTER RELATED SERVICES,C,NO CLAUSES INCLUDED AND NO SUSTAINABILITY INCLUDED,A,U.S. OWNED BUSINESS,,,,,E,NOT REQUIRED,USA,UNITED STATES,C,NOT A MANUFACTURED END PRODUCT,F,INDIVIDUAL SUBCONTRACT PLAN,A,FULL AND OPEN COMPETITION,MAFO,SUBJECT TO MULTIPLE AWARD FAIR OPPORTUNITY,,,NONE,NO PREFERENCE USED,,,FAIR,FAIR OPPORTUNITY GIVEN,,,4,A,COMMERCIAL PRODUCTS/SERVICES,f,N,NO,N,NO,Y,YES,N,NO,,N,NO,X,NOT APPLICABLE,N,NO,X,NOT APPLICABLE,X,NOT APPLICABLE,,,C,FSS,M,MULTIPLE AWARD,,,,,,,,N,N,,,D,NOT CONSOLIDATED,Y,YES - SERVICE WHERE PBA IS USED.,,,Z,NOT APPLICABLE,N,NO,X,NOT APPLICABLE,f,f,f,f,f,f,f,f,f,f,f,f,f,f,f,f,f,f,f,OTHER THAN SMALL BUSINESS,O,f,f,f,f,f,f,f,f,f,f,f,f,f,f,f,f,f,CORPORATE NOT TAX EXEMPT,t,f,f,f,f,f,f,f,f,f,f,f,f,f,f,f,f,t,f,f,f,f,f,f,f,t,f,f,t,f,f,f,f,f,f,f,f,f,f,f,f,f,f,f,f,f,f,f,f,f,,,,,,,,,,,https://www.usaspending.gov/award/CONT_AWD_75D30121F12211_7523_47QTCA19D00EE_4732/,2026-01-15
CONT_AWD_75D30121F12557_7523_47QRAA20D003W_4732,75D30121F12557,4732,FEDERAL ACQUISITION SERVICE,47QRAA20D003W,Q: Not Designated Nonemergency/Emergency/Disaster/Wildfire Suppression,,,,,23218286.33,19013502.53,23218286.33,25891172.53,2021-09-02,2021,2025-09-30,2025,2021-09-29,2026-09-27,2026-09-27 00:00:00,,2021-07-01,075,Department of Health and Human Services,7523,Centers for Disease Control and Prevention,75D301,CDC OFFICE OF ACQUISITION SERVICES,075,Department of Health and Human Services,7523,Centers for Disease Control and Prevention,75D301,CDC OFFICE OF ACQUISITION SERVICES,075-2018/2023-0943-000;075-2021/2021-0948-000;075-2022/2022-0948-000;075-2023/2023-0948-000;075-2024/2024-0948-000;075-2025/2025-0948-000;075-X-0948-000,075-0943;075-0948,21.0: Travel and transportation of persons;25.1: Advisory and assistance services,0002: CDC WIDE ACTIVITIES AND PROGRAM SUPPORT (0943);0004: CHRONIC DISEASE PREVENTION AND HEALTH PROMOTION (0948),X,NOT APPLICABLE,,,LES6M21UTPC5,,MCKING CONSULTING CORPORATION,MCKING CONSULTING CORPORATION,,1U9D7,LES6M21UTPC5,,MCKING CONSULTING CORPORATION,MCKING CONSULTING CORPORATION,USA,UNITED STATES,2810 OLD LEE HWY,STE 300,FAIRFAX,51059,FAIRFAX,51,VA,VIRGINIA,220314376,VA-11,VA-11,7032042385,7032042704,USA,UNITED STATES,ATLANTA,13089,DEKALB,13,GA,GEORGIA,303414133,GA-04,GA-04,AWARD,C,DELIVERY ORDER,,,,,,,J,FIRM FIXED PRICE,"TECHNICAL, PROFESSIONAL AND SCIENTIFIC SERVICES IN SUPPORT OF STRATEGIES AND APPROACHES TO REDUCE OBESITY",75D301-21-Q-73651,1,OT,OTHER FUNCTIONS,R499,SUPPORT- PROFESSIONAL: OTHER,H,NOT BUNDLED,,,541611,ADMINISTRATIVE MANAGEMENT AND GENERAL MANAGEMENT CONSULTING SERVICES,C,NO CLAUSES INCLUDED AND NO SUSTAINABILITY INCLUDED,A,U.S. OWNED BUSINESS,,,,,E,NOT REQUIRED,USA,UNITED STATES,C,NOT A MANUFACTURED END PRODUCT,F,INDIVIDUAL SUBCONTRACT PLAN,A,FULL AND OPEN COMPETITION,MAFO,SUBJECT TO MULTIPLE AWARD FAIR OPPORTUNITY,,,NONE,NO PREFERENCE USED,,,FAIR,FAIR OPPORTUNITY GIVEN,,,2,A,COMMERCIAL PRODUCTS/SERVICES,f,N,NO,N,NO,Y,YES,N,NO,,N,NO,X,NOT APPLICABLE,N,NO,X,NOT APPLICABLE,X,NOT APPLICABLE,,,C,FSS,M,MULTIPLE AWARD,,,,,,,,N,N,,,D,NOT CONSOLIDATED,Y,YES - SERVICE WHERE PBA IS USED.,,,Z,NOT APPLICABLE,N,NO,X,NOT APPLICABLE,f,f,f,f,f,t,f,f,f,f,f,f,f,f,f,f,f,f,f,OTHER THAN SMALL BUSINESS,O,f,f,f,f,f,f,f,f,f,f,f,f,f,f,f,f,f,CORPORATE NOT TAX EXEMPT,t,f,f,f,f,f,f,f,f,f,f,f,f,f,f,f,f,t,f,f,f,f,f,f,f,f,f,f,t,f,f,f,f,f,f,f,f,f,f,f,f,f,f,f,f,f,f,f,f,f,,,,,,,,,,,https://www.usaspending.gov/award/CONT_AWD_75D30121F12557_7523_47QRAA20D003W_4732/,2025-09-30
CONT_AWD_75D30121F12833_7523_GS35F386DA_4732,75D30121F12833,4732,FEDERAL ACQUISITION SERVICE,GS35F386DA,N: Emergency P.L. 116-136;P: Emergency P.L. 116-139;Q: Not Designated Nonemergency/Emergency/Disaster/Wildfire Suppression;V: Non-emergency P.L. 117-2,43518778.46,43702544.93,,,48955895.92,48764554.02,55380069.81,64578334.30,2021-09-23,2021,2025-08-28,2025,2021-09-25,2025-09-24,2026-09-24 00:00:00,,2021-09-12,075,Department of Health and Human Services,7523,Centers for Disease Control and Prevention,75D301,CDC OFFICE OF ACQUISITION SERVICES,075,Department of Health and Human Services,7523,Centers for Disease Control and Prevention,75D301,CDC OFFICE OF ACQUISITION SERVICES,075-019-2021/2025-1031-001;075-2020/2024-0943-000;075-2021/2021-0943-000;075-2021/2021-0949-000;075-2022/2022-0949-000;075-2022/2022-0950-000;075-2022/2022-0959-000;075-2023/2023-0943-000;075-2023/2023-0949-000;075-2023/2023-0959-000;075-X-0140-000;075-X-0943-000;075-X-0951-000,019-1031;075-0140;075-0943;075-0949;075-0950;075-0951;075-0959,21.0: Travel and transportation of persons;25.1: Advisory and assistance services,"0001: DIRECT GLOBAL HEALTH PROGRAM ACTIVITY;0001: PUBLIC HEALTH AND SOCIAL SERVICES EMERGENCY FUND;0002: CDC WIDE ACTIVITIES AND PROGRAM SUPPORT (0943);0005: EMERGING AND ZOONOTIC INFECTIOUS DISEASES (0949);0012: HIV/AIDS, VIRAL HEPATITIS, STD AND TB PREVENTION (0950);0013: IMMUNIZATION AND RESPIRATORY DISEASES (0951);0020: PUBLIC HEALTH SCIENTIFIC SERVICES (0959)",X,NOT APPLICABLE,,,JCBMLGPE6Z71,,BOOZ ALLEN HAMILTON INC,BOOZ ALLEN HAMILTON INC.,,17038,MBPHTU7Y9S65,,BOOZ ALLEN HAMILTON HOLDING CORPORATION,BOOZ ALLEN HAMILTON INC,USA,UNITED STATES,8283 GREENSBORO DR,,MCLEAN,51059,FAIRFAX,51,VA,VIRGINIA,221023830,VA-11,VA-11,7033770195,7039023200,USA,UNITED STATES,ATLANTA,13089,DEKALB,13,GA,GEORGIA,303294018,GA-05,GA-05,AWARD,C,DELIVERY ORDER,,,,,,,J,FIRM FIXED PRICE,"ELIMS IMPLEMENTATION, MODERNIZATION, AND ADMINISTRATION",75D301-21-Q-73614,1,OT,OTHER FUNCTIONS,DF01,IT AND TELECOM - IT MANAGEMENT SUPPORT SERVICES (LABOR),H,NOT BUNDLED,,,541511,CUSTOM COMPUTER PROGRAMMING SERVICES,C,NO CLAUSES INCLUDED AND NO SUSTAINABILITY INCLUDED,A,U.S. OWNED BUSINESS,,,,,E,NOT REQUIRED,USA,UNITED STATES,C,NOT A MANUFACTURED END PRODUCT,F,INDIVIDUAL SUBCONTRACT PLAN,A,FULL AND OPEN COMPETITION,MAFO,SUBJECT TO MULTIPLE AWARD FAIR OPPORTUNITY,,,NONE,NO PREFERENCE USED,,,FAIR,FAIR OPPORTUNITY GIVEN,,,1,A,COMMERCIAL PRODUCTS/SERVICES,f,N,NO,N,NO,Y,YES,N,NO,,N,NO,X,NOT APPLICABLE,N,NO,X,NOT APPLICABLE,X,NOT APPLICABLE,,,C,FSS,M,MULTIPLE AWARD,,,,,,,,N,N,,,D,NOT CONSOLIDATED,Y,YES - SERVICE WHERE PBA IS USED.,,,Z,NOT APPLICABLE,N,NO,X,NOT APPLICABLE,f,f,f,f,f,f,f,f,f,f,f,f,f,f,f,f,f,f,f,OTHER THAN SMALL BUSINESS,O,f,f,f,f,f,f,f,f,f,f,f,f,f,f,f,f,f,CORPORATE NOT TAX EXEMPT,t,f,f,f,f,f,f,f,f,f,f,f,f,f,f,f,f,t,f,f,f,f,f,f,f,f,f,f,t,f,f,f,f,f,f,f,f,f,f,f,f,f,f,f,f,f,f,f,f,f,,,,,,,,,,,https://www.usaspending.gov/award/CONT_AWD_75D30121F12833_7523_GS35F386DA_4732/,2025-08-28
CONT_AWD_75D30122C12989_7523_-NONE-_-NONE-,75D30122C12989,,,,Q: Not Designated Nonemergency/Emergency/Disaster/Wildfire Suppression,,,,,126091187.52,87698735.39,126091187.52,126091187.52,2021-11-29,2022,2025-11-21,2026,2021-11-29,2026-11-30,2026-11-30 00:00:00,,2021-09-27,075,Department of Health and Human Services,7523,Centers for Disease Control and Prevention,75D301,CDC OFFICE OF ACQUISITION SERVICES,075,Department of Health and Human Services,7523,Centers for Disease Control and Prevention,75D301,CDC OFFICE OF ACQUISITION SERVICES,075-X-0946-000,075-0946,21.0: Travel and transportation of persons;25.1: Advisory and assistance services;25.6: Medical care,0001: FEDERAL SHARE (CDC/NIOSH),X,NOT APPLICABLE,,,NJLLXGYE3273,,KARNA LLC,KARNA LLC,,56V53,PGFMN8ZDZLH6,,BLUE CROSS AND BLUE SHIELD OF SOUTH CAROLINA,BLUE CROSS AND BLUE SHIELD OF SOUTH CAROLINA,USA,UNITED STATES,2800 CENTURY PKWY NE STE 700,,ATLANTA,13089,DEKALB,13,GA,GEORGIA,303453140,GA-04,GA-04,6144060800,6785509869,USA,UNITED STATES,ATLANTA,13089,DEKALB,13,GA,GEORGIA,303453114,GA-04,GA-04,AWARD,D,DEFINITIVE CONTRACT,,,,,,,U,COST PLUS FIXED FEE,BRIDGE CONTRACT - WTC HEALTH PROGRAM,75D301-21-R-71997,1,OT,OTHER FUNCTIONS,Q999,MEDICAL- OTHER,H,NOT BUNDLED,,,541990,"ALL OTHER PROFESSIONAL, SCIENTIFIC, AND TECHNICAL SERVICES",C,NO CLAUSES INCLUDED AND NO SUSTAINABILITY INCLUDED,A,U.S. OWNED BUSINESS,,,,,E,NOT REQUIRED,USA,UNITED STATES,C,NOT A MANUFACTURED END PRODUCT,F,INDIVIDUAL SUBCONTRACT PLAN,C,NOT COMPETED,SSS,ONLY ONE SOURCE,NONE,NO SET ASIDE USED.,NONE,NO PREFERENCE USED,,,,,ONE,ONLY ONE SOURCE-OTHER (FAR 6.302-1 OTHER),1,D,COMMERCIAL PRODUCTS/SERVICES PROCEDURES NOT USED,f,N,NO,N,NO,Y,YES,N,NO,,N,NO,N,NO,N,NO,X,NOT APPLICABLE,X,NOT APPLICABLE,,,,,,,,,,Y,YES,X,NOT APPLICABLE EXEMPT FROM CAS,N,N,,,D,NOT CONSOLIDATED,Y,YES - SERVICE WHERE PBA IS USED.,N,NO,Z,NOT APPLICABLE,N,NO,X,NOT APPLICABLE,f,f,f,f,f,f,f,f,f,f,f,f,f,f,f,f,f,f,f,OTHER THAN SMALL BUSINESS,O,f,f,f,f,f,f,f,f,f,f,f,f,f,f,f,f,f,CORPORATE NOT TAX EXEMPT,t,f,f,f,f,f,f,f,f,f,f,f,f,f,f,f,f,t,f,f,f,f,f,f,f,f,f,f,t,f,f,f,f,f,f,f,f,f,f,f,f,f,f,f,f,f,f,f,f,f,WARREN J STRAUSS,395485.00,JARROD  OLSON,187175.00,ELIZABETH  KELLY,316533.00,SCOTT  VANDERSAND,256754.00,LESLIE  RODRIGUEZ,240075.00,https://www.usaspending.gov/award/CONT_AWD_75D30122C12989_7523_-NONE-_-NONE-/,2025-11-21
CONT_AWD_75D30122C13371_7523_-NONE-_-NONE-,75D30122C13371,,,,Q: Not Designated Nonemergency/Emergency/Disaster/Wildfire Suppression;U: Emergency P.L. 116-260,861233.20,861233.20,,,23482251.60,23482251.60,24174968.18,24726892.81,2022-04-22,2022,2025-06-27,2025,2022-04-22,2025-02-28,2025-02-28 00:00:00,,2021-11-08,075,Department of Health and Human Services,7523,Centers for Disease Control and Prevention,75D301,CDC OFFICE OF ACQUISITION SERVICES,075,Department of Health and Human Services,7523,Centers for Disease Control and Prevention,75D301,CDC OFFICE OF ACQUISITION SERVICES,075-075-X-0512-009;075-2021/2024-0943-000;075-2022/2022-0951-000;075-2023/2023-0951-000;075-2024/2024-0951-000;075-X-0951-000,075-0512;075-0943;075-0951,25.1: Advisory and assistance services,0002: CDC WIDE ACTIVITIES AND PROGRAM SUPPORT (0943);0003: VACCINES FOR CHILDREN;0013: IMMUNIZATION AND RESPIRATORY DISEASES (0951),X,NOT APPLICABLE,,,DSHBDPKJC569,,"CREATIVE IT SOLUTIONS, LLC","CREATIVE IT SOLUTIONS, LLC",,7CX10,DSHBDPKJC569,,"CREATIVE IT SOLUTIONS, LLC",CREATIVEIT SOLUTIONS LLC,USA,UNITED STATES,2000 N CLASSEN BLVD STE 1625,,OKLAHOMA CITY,40109,OKLAHOMA,40,OK,OKLAHOMA,731066016,OK-03,OK-03,4055261030,4055261030,USA,UNITED STATES,ATLANTA,13089,DEKALB,13,GA,GEORGIA,303294018,GA-05,GA-05,AWARD,D,DEFINITIVE CONTRACT,,,,,,,J,FIRM FIXED PRICE,VACCINE TRACKING OPERATIONS AND MAINTENANCE,75D301-21-Q-74204,1,OT,OTHER FUNCTIONS,R617,SUPPORT - ADMINISTRATIVE: ELECTRONIC RECORDS MANAGEMENT SERVICES,H,NOT BUNDLED,,,517911,TELECOMMUNICATIONS RESELLERS,C,NO CLAUSES INCLUDED AND NO SUSTAINABILITY INCLUDED,A,U.S. OWNED BUSINESS,,,,,E,NOT REQUIRED,USA,UNITED STATES,C,NOT A MANUFACTURED END PRODUCT,B,PLAN NOT REQUIRED,B,NOT AVAILABLE FOR COMPETITION,SSS,ONLY ONE SOURCE,8AN,8(A) SOLE SOURCE,NONE,NO PREFERENCE USED,,,,,OTH,AUTHORIZED BY STATUTE (FAR 6.302-5(A)(2)(I)),1,D,COMMERCIAL PRODUCTS/SERVICES PROCEDURES NOT USED,f,N,NO,N,NO,N,NO,N,NO,0.00,N,NO,N,NO,N,NO,N,NO,X,NOT APPLICABLE,,,,,,,,,,N,NO,N,NO - CAS WAIVER APPROVED,N,N,,,D,NOT CONSOLIDATED,N,NO - SERVICE WHERE PBA IS NOT USED.,N,NO,,,N,NO,X,NOT APPLICABLE,f,f,f,f,t,f,f,f,f,f,f,f,t,f,f,f,f,t,f,SMALL BUSINESS,S,f,f,f,f,f,f,f,f,f,f,f,f,f,f,f,f,f,CORPORATE TAX EXEMPT,f,t,f,f,f,f,f,f,f,f,f,f,f,f,f,f,f,t,f,f,f,f,f,f,f,f,t,f,t,f,f,f,f,f,f,f,f,f,f,f,f,f,f,f,f,t,f,t,f,f,RAM  RAJASEKARAN,286589.00,PENNY  THOMPSON,254369.00,SRINIVASAN  MANICKAVASAGAM,253521.00,MONA  AYERS,245386.00,VISHNU  KATEKANENI,246907.00,https://www.usaspending.gov/award/CONT_AWD_75D30122C13371_7523_-NONE-_-NONE-/,2025-06-27
CONT_AWD_75D30122C14832_7523_-NONE-_-NONE-,75D30122C14832,,,,Q: Not Designated Nonemergency/Emergency/Disaster/Wildfire Suppression;U: Emergency P.L. 116-260;V: Non-emergency P.L. 117-2,11469849.59,12204761.70,,,22420669.19,20300618.85,22435669.19,22435669.19,2022-08-08,2022,2025-11-25,2026,2022-08-10,2026-01-31,2026-01-31 00:00:00,,2022-06-01,075,Department of Health and Human Services,7523,Centers for Disease Control and Prevention,75D301,CDC OFFICE OF ACQUISITION SERVICES,075,Department of Health and Human Services,7523,Centers for Disease Control and Prevention,75D301,CDC OFFICE OF ACQUISITION SERVICES,075-2021/2024-0943-000;075-2023/2023-0951-000;075-2024/2026-0955-000;075-X-0943-000;075-X-0951-000,075-0943;075-0951;075-0955,21.0: Travel and transportation of persons;25.1: Advisory and assistance services,0002: CDC WIDE ACTIVITIES AND PROGRAM SUPPORT (0943);0008: GLOBAL HEALTH (0955);0013: IMMUNIZATION AND RESPIRATORY DISEASES (0951),X,NOT APPLICABLE,,,UCNERAQ7G8J3,,"EAGLE HEALTH ANALYTICS, LLC",EAGLE HEALTH ANALYTICS LLC,,85TV8,UCNERAQ7G8J3,,"EAGLE HEALTH ANALYTICS, LLC",EAGLE HEALTH ANALYTICS  LLC,USA,UNITED STATES,111 W 16TH AVE,STE 424,ANCHORAGE,02020,ANCHORAGE,02,AK,ALASKA,995015169,AK-00,AK-00,2052130967,,USA,UNITED STATES,ATLANTA,13089,DEKALB,13,GA,GEORGIA,303294018,GA-05,GA-05,AWARD,D,DEFINITIVE CONTRACT,,,,,,,Z,LABOR HOURS,EPI TASK FORCE SUPPORT,75D301-22-R-72345,1,,,R497,SUPPORT- PROFESSIONAL: PERSONAL SERVICES CONTRACTS,H,NOT BUNDLED,,,541715,"RESEARCH AND DEVELOPMENT IN THE PHYSICAL, ENGINEERING, AND LIFE SCIENCES (EXCEPT NANOTECHNOLOGY AND BIOTECHNOLOGY)",C,NO CLAUSES INCLUDED AND NO SUSTAINABILITY INCLUDED,A,U.S. OWNED BUSINESS,,,,,E,NOT REQUIRED,USA,UNITED STATES,C,NOT A MANUFACTURED END PRODUCT,B,PLAN NOT REQUIRED,B,NOT AVAILABLE FOR COMPETITION,SSS,ONLY ONE SOURCE,8AN,8(A) SOLE SOURCE,NONE,NO PREFERENCE USED,,,,,OTH,AUTHORIZED BY STATUTE (FAR 6.302-5(A)(2)(I)),1,D,COMMERCIAL PRODUCTS/SERVICES PROCEDURES NOT USED,f,N,NO,N,NO,N,NO,N,NO,0.00,N,NO,N,NO,N,NO,N,NO,X,NOT APPLICABLE,,,,,,,,,,Y,YES,N,NO - CAS WAIVER APPROVED,N,N,,,D,NOT CONSOLIDATED,N,NO - SERVICE WHERE PBA IS NOT USED.,N,NO,,,N,NO,X,NOT APPLICABLE,t,f,f,f,f,f,f,f,f,f,f,f,t,f,f,f,f,t,f,SMALL BUSINESS,S,f,f,f,f,f,f,f,f,f,f,f,f,f,f,f,f,f,CORPORATE NOT TAX EXEMPT,t,f,f,f,f,f,f,f,f,f,f,f,f,f,f,f,f,t,f,f,f,f,f,f,f,f,t,f,t,f,f,f,f,f,f,f,f,f,f,f,f,f,f,f,f,t,f,t,f,f,,,,,,,,,,,https://www.usaspending.gov/award/CONT_AWD_75D30122C14832_7523_-NONE-_-NONE-/,2025-11-25
CONT_AWD_75D30122C15464_7523_-NONE-_-NONE-,75D30122C15464,,,,L: Emergency P.L. 116-123;P: Emergency P.L. 116-139;Q: Not Designated Nonemergency/Emergency/Disaster/Wildfire Suppression;V: Non-emergency P.L. 117-2,13101957.07,15774534.48,,,21617403.75,18940448.44,21917210.55,21917210.55,2022-09-14,2022,2025-07-11,2025,2022-09-14,2026-03-13,2026-03-13 00:00:00,,2022-08-31,075,Department of Health and Human Services,7523,Centers for Disease Control and Prevention,75D301,CDC OFFICE OF ACQUISITION SERVICES,075,Department of Health and Human Services,7523,Centers for Disease Control and Prevention,75D301,CDC OFFICE OF ACQUISITION SERVICES,075-2020/2024-0943-000;075-2022/2022-0949-000;075-2023/2023-0949-000;075-2023/2023-0950-000;075-2023/2023-0956-000;075-2023/2023-0958-000;075-X-0140-000;075-X-0945-000;075-X-0951-000,075-0140;075-0943;075-0945;075-0949;075-0950;075-0951;075-0956;075-0958,21.0: Travel and transportation of persons;25.1: Advisory and assistance services,"0001: BIRTH DEFECTS, DEVELOPMENTAL DISABILITIES, DISABILITY AND HEALTH (0958);0001: DIRECT PROGRAM ACTIVITY;0001: PUBLIC HEALTH AND SOCIAL SERVICES EMERGENCY FUND;0002: CDC WIDE ACTIVITIES AND PROGRAM SUPPORT (0943);0005: EMERGING AND ZOONOTIC INFECTIOUS DISEASES (0949);0012: HIV/AIDS, VIRAL HEPATITIS, STD AND TB PREVENTION (0950);0013: IMMUNIZATION AND RESPIRATORY DISEASES (0951);0019: PUBLIC HEALTH PREPAREDNESS AND RESPONSE (0956)",X,NOT APPLICABLE,,,LSY9B62DKAC8,,"GOLDBELT C6, LLC","GOLDBELT C6, LLC",,74AA1,LSY9B62DKAC8,,"GOLDBELT C6, LLC",GOLDBELT C6  LLC,USA,UNITED STATES,860 GREENBRIER CIR STE 405,,CHESAPEAKE,51550,CHESAPEAKE (CITY),51,VA,VIRGINIA,233202640,VA-03,VA-03,7575502450,7573002455,USA,UNITED STATES,ATLANTA,13089,DEKALB,13,GA,GEORGIA,303294018,GA-05,GA-05,AWARD,D,DEFINITIVE CONTRACT,,,,,,,J,FIRM FIXED PRICE,REPORTING SUPPORT,75D301-22-R-72471,1,OT,OTHER FUNCTIONS,R499,SUPPORT- PROFESSIONAL: OTHER,H,NOT BUNDLED,,,541715,"RESEARCH AND DEVELOPMENT IN THE PHYSICAL, ENGINEERING, AND LIFE SCIENCES (EXCEPT NANOTECHNOLOGY AND BIOTECHNOLOGY)",C,NO CLAUSES INCLUDED AND NO SUSTAINABILITY INCLUDED,A,U.S. OWNED BUSINESS,,,,,E,NOT REQUIRED,USA,UNITED STATES,C,NOT A MANUFACTURED END PRODUCT,B,PLAN NOT REQUIRED,B,NOT AVAILABLE FOR COMPETITION,SSS,ONLY ONE SOURCE,8AN,8(A) SOLE SOURCE,NONE,NO PREFERENCE USED,,,,,OTH,AUTHORIZED BY STATUTE (FAR 6.302-5(A)(2)(I)),1,D,COMMERCIAL PRODUCTS/SERVICES PROCEDURES NOT USED,f,N,NO,N,NO,N,NO,N,NO,,Y,YES,X,NOT APPLICABLE,X,NOT APPLICABLE,X,NOT APPLICABLE,X,NOT APPLICABLE,,,,,,,,,,N,NO,X,NOT APPLICABLE EXEMPT FROM CAS,N,N,,,D,NOT CONSOLIDATED,N,NO - SERVICE WHERE PBA IS NOT USED.,N,NO,Z,NOT APPLICABLE,N,NO,X,NOT APPLICABLE,t,f,f,f,f,f,f,f,f,f,f,f,t,f,f,f,f,t,f,SMALL BUSINESS,S,f,f,f,f,f,f,f,f,f,f,f,f,f,f,f,f,f,CORPORATE NOT TAX EXEMPT,t,f,f,f,f,f,f,f,f,f,f,f,f,f,f,f,f,t,f,f,f,f,f,f,f,f,t,f,t,f,f,f,f,f,f,f,f,f,f,f,f,f,f,f,f,t,f,t,f,f,,,,,,,,,,,https://www.usaspending.gov/award/CONT_AWD_75D30122C15464_7523_-NONE-_-NONE-/,2025-07-11
CONT_AWD_75D30122F15055_7523_47QTCA20D002G_4732,75D30122F15055,4732,FEDERAL ACQUISITION SERVICE,47QTCA20D002G,N: Emergency P.L. 116-136;P: Emergency P.L. 116-139;Q: Not Designated Nonemergency/Emergency/Disaster/Wildfire Suppression;V: Non-emergency P.L. 117-2,8836329.88,8932671.76,,,21041184.18,17036979.85,21041184.18,24800621.86,2022-08-30,2022,2025-09-12,2025,2022-08-31,2026-09-15,2026-09-15 00:00:00,,2022-06-28,075,Department of Health and Human Services,7523,Centers for Disease Control and Prevention,75D301,CDC OFFICE OF ACQUISITION SERVICES,075,Department of Health and Human Services,7523,Centers for Disease Control and Prevention,75D301,CDC OFFICE OF ACQUISITION SERVICES,075-2020/2024-0943-000;075-2022/2022-0959-000;075-2023/2023-0959-000;075-2024/2024-0959-000;075-2025/2025-0959-000;075-X-0140-000,075-0140;075-0943;075-0959,21.0: Travel and transportation of persons;25.1: Advisory and assistance services,0001: PUBLIC HEALTH AND SOCIAL SERVICES EMERGENCY FUND;0002: CDC WIDE ACTIVITIES AND PROGRAM SUPPORT (0943);0020: PUBLIC HEALTH SCIENTIFIC SERVICES (0959),X,NOT APPLICABLE,,,D6K6G48KNB85,,METAS SOLUTIONS LLC,METAS SOLUTIONS LLC,,7ADT9,D6K6G48KNB85,,METAS SOLUTIONS LLC,METAS SOLUTIONS LLC,USA,UNITED STATES,659 AUBURN AVE NE APT 109,,ATLANTA,13121,FULTON,13,GA,GEORGIA,303121954,GA-05,GA-05,4043828940,,USA,UNITED STATES,ATLANTA,13121,FULTON,13,GA,GEORGIA,303121954,GA-05,GA-05,AWARD,C,DELIVERY ORDER,,,,,,,Y,TIME AND MATERIALS,DHIS MANAGEMENT AND CONSULTING SERVICES,75D301-22-Q-75011,1,OT,OTHER FUNCTIONS,R408,SUPPORT- PROFESSIONAL: PROGRAM MANAGEMENT/SUPPORT,H,NOT BUNDLED,,,541519,OTHER COMPUTER RELATED SERVICES,C,NO CLAUSES INCLUDED AND NO SUSTAINABILITY INCLUDED,A,U.S. OWNED BUSINESS,,,,,E,NOT REQUIRED,USA,UNITED STATES,C,NOT A MANUFACTURED END PRODUCT,B,PLAN NOT REQUIRED,A,FULL AND OPEN COMPETITION,MAFO,SUBJECT TO MULTIPLE AWARD FAIR OPPORTUNITY,,,NONE,NO PREFERENCE USED,,,FAIR,FAIR OPPORTUNITY GIVEN,,,4,A,COMMERCIAL PRODUCTS/SERVICES,f,N,NO,N,NO,Y,YES,N,NO,,Y,YES,X,NOT APPLICABLE,N,NO,X,NOT APPLICABLE,X,NOT APPLICABLE,,,C,FSS,M,MULTIPLE AWARD,,,,,,X,NOT APPLICABLE EXEMPT FROM CAS,N,N,,,D,NOT CONSOLIDATED,Y,YES - SERVICE WHERE PBA IS USED.,,,Z,NOT APPLICABLE,N,NO,X,NOT APPLICABLE,f,f,f,f,f,f,f,t,t,t,f,f,t,f,f,t,f,f,f,SMALL BUSINESS,S,f,f,f,f,f,f,f,f,f,f,f,f,f,f,f,f,f,CORPORATE NOT TAX EXEMPT,t,f,f,f,f,f,f,f,f,f,f,f,f,f,f,f,f,t,f,f,f,f,f,f,f,f,t,f,t,f,f,f,f,f,f,f,f,f,f,f,f,f,f,f,f,t,f,t,f,f,,,,,,,,,,,https://www.usaspending.gov/award/CONT_AWD_75D30122F15055_7523_47QTCA20D002G_4732/,2025-09-12
CONT_AWD_75D30122F15135_7523_47QRAD20D8401_4732,75D30122F15135,4732,FEDERAL ACQUISITION SERVICE,47QRAD20D8401,Q: Not Designated Nonemergency/Emergency/Disaster/Wildfire Suppression;U: Emergency P.L. 116-260,26226831.31,30557982.26,,,40426653.26,33573217.49,40426653.26,40658386.06,2022-09-02,2022,2025-12-09,2026,2022-09-07,2026-03-07,2026-03-07 00:00:00,,2022-06-22,075,Department of Health and Human Services,7523,Centers for Disease Control and Prevention,75D301,CDC OFFICE OF ACQUISITION SERVICES,075,Department of Health and Human Services,7523,Centers for Disease Control and Prevention,75D301,CDC OFFICE OF ACQUISITION SERVICES,075-075-X-0512-009;075-2021/2024-0943-000;075-2022/2022-0949-000;075-2023/2023-0949-000;075-2024/2024-0949-000;075-2025/2025-0949-000,075-0512;075-0943;075-0949,25.1: Advisory and assistance services,0002: CDC WIDE ACTIVITIES AND PROGRAM SUPPORT (0943);0003: VACCINES FOR CHILDREN;0005: EMERGING AND ZOONOTIC INFECTIOUS DISEASES (0949),X,NOT APPLICABLE,,,HB6GKZYMMW89,,"LUKOS, LLC","LUKOS, LLC",,519H0,THA7PWZRDM31,,"LUKOS, LLC",LUKOS  LLC,USA,UNITED STATES,800 S HARBOUR ISLAND BLVD,,TAMPA,12057,HILLSBOROUGH,12,FL,FLORIDA,336025709,FL-14,FL-14,8139990972,8134344140,USA,UNITED STATES,ATLANTA,13089,DEKALB,13,GA,GEORGIA,303294018,GA-05,GA-05,AWARD,C,DELIVERY ORDER,,,,,,,Z,LABOR HOURS,"VAERS, CISA, V-SAFE SUPPORT",75D301-22-Q-75656,1,OT,OTHER FUNCTIONS,R499,SUPPORT- PROFESSIONAL: OTHER,H,NOT BUNDLED,,,541715,"RESEARCH AND DEVELOPMENT IN THE PHYSICAL, ENGINEERING, AND LIFE SCIENCES (EXCEPT NANOTECHNOLOGY AND BIOTECHNOLOGY)",C,NO CLAUSES INCLUDED AND NO SUSTAINABILITY INCLUDED,A,U.S. OWNED BUSINESS,,,,,E,NOT REQUIRED,USA,UNITED STATES,C,NOT A MANUFACTURED END PRODUCT,B,PLAN NOT REQUIRED,D,FULL AND OPEN COMPETITION AFTER EXCLUSION OF SOURCES,MAFO,SUBJECT TO MULTIPLE AWARD FAIR OPPORTUNITY,,,NONE,NO PREFERENCE USED,,,FAIR,FAIR OPPORTUNITY GIVEN,,,2,D,COMMERCIAL PRODUCTS/SERVICES PROCEDURES NOT USED,f,N,NO,N,NO,Y,YES,N,NO,,N,NO,X,NOT APPLICABLE,N,NO,X,NOT APPLICABLE,X,NOT APPLICABLE,,,B,IDC,M,MULTIPLE AWARD,,,,N,NO,,,N,N,,,D,NOT CONSOLIDATED,Y,YES - SERVICE WHERE PBA IS USED.,N,NO,Z,NOT APPLICABLE,N,NO,X,NOT APPLICABLE,f,f,f,f,f,t,t,f,f,f,f,f,t,f,f,f,t,f,f,SMALL BUSINESS,S,f,f,f,f,f,f,f,f,f,f,f,f,f,f,f,f,f,CORPORATE NOT TAX EXEMPT,t,f,f,f,f,f,f,f,f,f,f,f,f,f,f,f,f,t,f,f,f,f,f,f,f,f,t,f,t,f,f,f,f,f,f,f,f,f,f,f,f,f,f,f,f,t,f,t,f,f,MICHAEL  WEIGART,225909.00,SCOTT  DALZIEL,225014.00,BRIAN  HEAPS,204131.00,BRIAN  MCKIBBEN,192421.00,TIM  WILLIAMS,180003.00,https://www.usaspending.gov/award/CONT_AWD_75D30122F15135_7523_47QRAD20D8401_4732/,2025-12-09
CONT_AWD_75D30122F15397_7523_GS00Q14OADU113_4732,75D30122F15397,4732,FEDERAL ACQUISITION SERVICE,GS00Q14OADU113,Q: Not Designated Nonemergency/Emergency/Disaster/Wildfire Suppression,,,,,22443782.07,20204952.09,22443782.07,36990629.51,2022-09-23,2022,2025-09-15,2025,2022-09-23,2026-09-25,2027-09-25 00:00:00,,2022-07-05,075,Department of Health and Human Services,7523,Centers for Disease Control and Prevention,75D301,CDC OFFICE OF ACQUISITION SERVICES,075,Department of Health and Human Services,7523,Centers for Disease Control and Prevention,75D301,CDC OFFICE OF ACQUISITION SERVICES,075-2022/2022-0952-000;075-2023/2023-0943-000;075-2023/2023-0952-000;075-2023/2023-0959-000;075-2024/2024-0943-000;075-2024/2024-0944-000;075-2024/2024-0947-000;075-2024/2024-0952-000;075-2024/2024-0959-000;075-2025/2025-0943-000;075-2025/2025-0952-000;075-2025/2025-0959-000,075-0943;075-0944;075-0947;075-0952;075-0959,21.0: Travel and transportation of persons;25.1: Advisory and assistance services,"0001: AGENCY FOR TOXIC SUBSTANCES AND DISEASE REGISTRY, TOXIC SUBSTANC (DIRECT);0007: ENVIRONMENTAL HEALTH (0947);0015: INJURY PREVENTION AND CONTROL (0952);0020: PUBLIC HEALTH SCIENTIFIC SERVICES (0959);0802: CDC-WIDE ACTIVITIES AND PROGRAM SUPPORT (REIMBURSABLE)",X,NOT APPLICABLE,,,CKV2L9GZKJK3,,DELOITTE CONSULTING LLP,DELOITTE CONSULTING LLP,,1TTG5,GT54N467W2C6,,DELOITTE CONSULTING LLP,DELOITTE CONSULTING LLP,USA,UNITED STATES,1919 N LYNN ST,,ARLINGTON,51013,ARLINGTON,51,VA,VIRGINIA,222091742,VA-08,VA-08,5718580176,7038426748,USA,UNITED STATES,ATLANTA,13089,DEKALB,13,GA,GEORGIA,303413717,GA-04,GA-04,AWARD,C,DELIVERY ORDER,,,,,,,Z,LABOR HOURS,NCIPC MISSION THROUGH PUBLIC HEALTH COMMUNICATIONS,75D301-22-R-72344,1,OT,OTHER FUNCTIONS,R408,SUPPORT- PROFESSIONAL: PROGRAM MANAGEMENT/SUPPORT,H,NOT BUNDLED,,,541330,ENGINEERING SERVICES,C,NO CLAUSES INCLUDED AND NO SUSTAINABILITY INCLUDED,A,U.S. OWNED BUSINESS,,,,,E,NOT REQUIRED,USA,UNITED STATES,C,NOT A MANUFACTURED END PRODUCT,C,PLAN REQUIRED - INCENTIVE NOT INCLUDED,A,FULL AND OPEN COMPETITION,MAFO,SUBJECT TO MULTIPLE AWARD FAIR OPPORTUNITY,,,NONE,NO PREFERENCE USED,,,FAIR,FAIR OPPORTUNITY GIVEN,,,3,D,COMMERCIAL PRODUCTS/SERVICES PROCEDURES NOT USED,f,N,NO,N,NO,Y,YES,N,NO,,N,NO,X,NOT APPLICABLE,N,NO,X,NOT APPLICABLE,X,NOT APPLICABLE,,,B,IDC,M,MULTIPLE AWARD,PROFESSIONAL SERVICES,,,N,NO,,,N,N,,,D,NOT CONSOLIDATED,N,NO - SERVICE WHERE PBA IS NOT USED.,N,NO,Z,NOT APPLICABLE,N,NO,X,NOT APPLICABLE,f,f,f,f,f,f,f,f,f,f,f,f,f,f,f,f,f,f,f,OTHER THAN SMALL BUSINESS,O,f,f,f,f,f,f,f,f,f,f,f,f,f,f,f,f,f,PARTNERSHIP,f,f,t,f,f,f,f,f,f,f,f,f,f,f,f,f,f,t,f,f,f,f,f,f,f,f,f,f,t,f,f,f,f,f,f,f,f,f,f,f,f,f,f,f,f,f,f,f,f,f,,,,,,,,,,,https://www.usaspending.gov/award/CONT_AWD_75D30122F15397_7523_GS00Q14OADU113_4732/,2025-09-15
CONT_AWD_75D30122F15723_7523_NNG15SD31B_8000,75D30122F15723,8000,NATIONAL AERONAUTICS AND SPACE ADMINISTRATION,NNG15SD31B,L: Emergency P.L. 116-123;N: Emergency P.L. 116-136;P: Emergency P.L. 116-139;Q: Not Designated Nonemergency/Emergency/Disaster/Wildfire Suppression;U: Emergency P.L. 116-260;V: Non-emergency P.L. 117-2,139748549.64,139748549.64,,,413492027.62,413492027.62,413492027.62,535667440.78,2022-09-27,2022,2025-09-11,2025,2022-09-30,2026-09-29,2027-09-29 00:00:00,,2022-09-09,075,Department of Health and Human Services,7523,Centers for Disease Control and Prevention,75D301,CDC OFFICE OF ACQUISITION SERVICES,075,Department of Health and Human Services,7523,Centers for Disease Control and Prevention,75D301,CDC OFFICE OF ACQUISITION SERVICES,075-019-2024/2028-1031-001;075-2020/2024-0140-000;075-2020/2024-0943-000;075-2021/2024-0943-000;075-2022/2022-0943-000;075-2022/2022-0949-000;075-2022/2022-0950-000;075-2022/2022-0951-000;075-2022/2022-0959-000;075-2023/2023-0140-000;075-2023/2023-0943-000;075-2023/2025-0943-000;075-2024/2024-0943-000;075-2024/2024-0956-000;075-2024/2024-0959-000;075-2024/2025-0943-000;075-2024/2026-0955-000;075-2025/2025-0943-000;075-2025/2025-0944-000;075-2025/2025-0948-000;075-2025/2025-0949-000;075-2025/2025-0950-000;075-2025/2025-0952-000;075-2025/2025-0953-000;075-2025/2025-0955-000;075-2025/2025-0956-000;075-2025/2025-0959-000;075-X-0140-000;075-X-0943-000;075-X-0945-000;075-X-0949-000;075-X-0951-000,019-1031;075-0140;075-0943;075-0944;075-0945;075-0948;075-0949;075-0950;075-0951;075-0952;075-0953;075-0955;075-0956;075-0959,25.1: Advisory and assistance services;25.7: Operation and maintenance of equipment,"0001: AGENCY FOR TOXIC SUBSTANCES AND DISEASE REGISTRY, TOXIC SUBSTANC (DIRECT);0001: DIRECT GLOBAL HEALTH PROGRAM ACTIVITY;0001: DIRECT PROGRAM ACTIVITY;0001: PUBLIC HEALTH AND SOCIAL SERVICES EMERGENCY FUND;0002: CDC WIDE ACTIVITIES AND PROGRAM SUPPORT (0943);0004: CHRONIC DISEASE PREVENTION AND HEALTH PROMOTION (0948);0005: EMERGING AND ZOONOTIC INFECTIOUS DISEASES (0949);0008: GLOBAL HEALTH (0955);0012: HIV/AIDS, VIRAL HEPATITIS, STD AND TB PREVENTION (0950);0013: IMMUNIZATION AND RESPIRATORY DISEASES (0951);0015: INJURY PREVENTION AND CONTROL (0952);0016: OCCUPATIONAL SAFETY AND HEALTH (0953);0019: PUBLIC HEALTH PREPAREDNESS AND RESPONSE (0956);0020: PUBLIC HEALTH SCIENTIFIC SERVICES (0959);0802: CDC-WIDE ACTIVITIES AND PROGRAM SUPPORT (REIMBURSABLE)",X,NOT APPLICABLE,,,T8BVM29MEWU5,,I3 FEDERAL LLC,"I3 FEDERAL, LLC",,4N0D6,EX6BPKWPMB94,,I3 FEDERAL LLC,I3 FEDERAL LLC,USA,UNITED STATES,12030 HENDERSON RD,,CLIFTON,51059,FAIRFAX,51,VA,VIRGINIA,201242210,VA-10,VA-10,7033137044,7039978082,USA,UNITED STATES,ATLANTA,13089,DEKALB,13,GA,GEORGIA,303294018,GA-05,GA-05,AWARD,C,DELIVERY ORDER,,,,,,,J,FIRM FIXED PRICE,DCIPHER ECOSYSTEM,75D301-22-R-72452,1,,,7H20,"IT AND TELECOM - PLATFORM PRODUCTS: DATABASE, MAINFRAME, MIDDLEWARE (HW, PERPETUAL LICENSE SOFTWARE)",H,NOT BUNDLED,,,541519,OTHER COMPUTER RELATED SERVICES,C,NO CLAUSES INCLUDED AND NO SUSTAINABILITY INCLUDED,A,U.S. OWNED BUSINESS,,,,,E,NOT REQUIRED,USA,UNITED STATES,D,MFG IN U.S.,B,PLAN NOT REQUIRED,D,FULL AND OPEN COMPETITION AFTER EXCLUSION OF SOURCES,MAFO,SUBJECT TO MULTIPLE AWARD FAIR OPPORTUNITY,,,NONE,NO PREFERENCE USED,,,FAIR,FAIR OPPORTUNITY GIVEN,,,1,A,COMMERCIAL PRODUCTS/SERVICES,f,N,NO,N,NO,Y,YES,N,NO,,N,NO,X,NOT APPLICABLE,X,NOT APPLICABLE,X,NOT APPLICABLE,X,NOT APPLICABLE,,,A,GWAC,M,MULTIPLE AWARD,,,,,,,,N,N,,,B,CONSOLIDATED REQUIREMENTS WITH WRITTEN DETERMINATION,X,NOT APPLICABLE,,,Z,NOT APPLICABLE,N,NO,X,NOT APPLICABLE,f,f,f,f,f,t,t,f,f,f,f,f,f,f,f,f,f,f,f,SMALL BUSINESS,S,f,f,f,f,f,f,f,f,f,f,f,f,f,f,f,f,f,PARTNERSHIP,f,f,t,f,f,f,f,f,f,f,f,f,f,f,f,f,f,t,f,f,f,f,f,f,f,f,t,f,t,f,f,f,f,f,f,f,f,f,f,f,f,f,f,f,f,f,f,f,f,f,JERRY  DE MONEY,929903.00,PHILIP  OAKLEY,893436.00,,,,,,,https://www.usaspending.gov/award/CONT_AWD_75D30122F15723_7523_NNG15SD31B_8000/,2025-09-11
CONT_AWD_75D30123C16401_7523_-NONE-_-NONE-,75D30123C16401,,,,Q: Not Designated Nonemergency/Emergency/Disaster/Wildfire Suppression,,,,,28810926.51,20919588.18,28810926.51,48389643.78,2023-07-19,2023,2025-08-28,2025,2023-07-23,2026-07-22,2028-07-22 00:00:00,,2023-06-18,075,Department of Health and Human Services,7523,Centers for Disease Control and Prevention,75D301,CDC OFFICE OF ACQUISITION SERVICES,075,Department of Health and Human Services,7523,Centers for Disease Control and Prevention,75D301,CDC OFFICE OF ACQUISITION SERVICES,075-X-0960-000;075-X-4553-000,075-0960;075-4553,25.4: Operation and maintenance of facilities,0001: CDC BUILDINGS AND FACILITIES (0960);0801: CDC WORKING CAPITAL FUND (REIMBURSABLE),X,NOT APPLICABLE,,,HFYHKL91QJK3,,"GOODWILL INDUSTRIES OF NORTH GEORGIA, INC.","GOODWILL INDUSTRIES OF NORTH GEORGIA, INC.",,4Z078,HFYHKL91QJK3,,"GOODWILL INDUSTRIES OF NORTH GEORGIA, INC.",GOODWILL INDUSTRIES OF NORTH GEORGIA  INC.,USA,UNITED STATES,2201 LAWRENCEVILLE HWY,,DECATUR,13089,DEKALB,13,GA,GEORGIA,300333128,GA-04,GA-05,4044209900,4044209976,USA,UNITED STATES,ATLANTA,13089,DEKALB,13,GA,GEORGIA,303294018,GA-05,GA-05,AWARD,D,DEFINITIVE CONTRACT,,,,,,,J,FIRM FIXED PRICE,CDC ATLANTA CAMPUSES - JANITORIAL SERVICES,75D301-23-R-72669,1,OT,OTHER FUNCTIONS,S201,HOUSEKEEPING- CUSTODIAL JANITORIAL,H,NOT BUNDLED,,,561720,JANITORIAL SERVICES,K,FAR 52.223-4 & BIO-BASED & ENVIRONMENTALLY PREFERABLE,A,U.S. OWNED BUSINESS,,,,,A,MEETS REQUIREMENTS,USA,UNITED STATES,C,NOT A MANUFACTURED END PRODUCT,A,PLAN NOT INCLUDED - NO SUBCONTRACTING POSSIBILITIES,B,NOT AVAILABLE FOR COMPETITION,SSS,ONLY ONE SOURCE,NONE,NO SET ASIDE USED.,NONE,NO PREFERENCE USED,,,,,OTH,AUTHORIZED BY STATUTE (FAR 6.302-5(A)(2)(I)),1,A,COMMERCIAL PRODUCTS/SERVICES,f,N,NO,,,X,NOT APPLICABLE,N,NO,,N,NO,N,NO,Y,YES,X,NOT APPLICABLE,X,NOT APPLICABLE,,,,,,,,,,N,NO,X,NOT APPLICABLE EXEMPT FROM CAS,N,N,,,D,NOT CONSOLIDATED,N,NO - SERVICE WHERE PBA IS NOT USED.,N,NO,,,N,NO,X,NOT APPLICABLE,f,f,f,f,f,f,f,f,f,f,f,f,f,f,f,f,f,f,f,OTHER THAN SMALL BUSINESS,O,f,f,f,f,f,f,f,f,f,f,f,f,f,f,f,f,f,CORPORATE TAX EXEMPT,f,t,f,f,f,f,f,t,f,f,f,f,f,f,f,f,f,t,f,f,f,f,f,f,f,f,f,f,f,t,f,t,f,f,f,f,f,f,f,f,f,f,f,f,f,f,f,f,f,f,,,,,,,,,,,https://www.usaspending.gov/award/CONT_AWD_75D30123C16401_7523_-NONE-_-NONE-/,2025-08-28
CONT_AWD_75D30123F17456_7523_47QTCK18D0019_4732,75D30123F17456,4732,FEDERAL ACQUISITION SERVICE,47QTCK18D0019,Q: Not Designated Nonemergency/Emergency/Disaster/Wildfire Suppression,,,,,20075775.16,12464614.26,20075775.16,20075775.16,2023-08-28,2023,2025-08-21,2025,2023-09-11,2026-05-10,2026-05-10 00:00:00,,2023-03-01,075,Department of Health and Human Services,7523,Centers for Disease Control and Prevention,75D301,CDC OFFICE OF ACQUISITION SERVICES,075,Department of Health and Human Services,7523,Centers for Disease Control and Prevention,75D301,CDC OFFICE OF ACQUISITION SERVICES,075-X-4553-000,075-4553,25.1: Advisory and assistance services,0801: CDC WORKING CAPITAL FUND (REIMBURSABLE),X,NOT APPLICABLE,,,EMACGJ3EEAT5,,DIGITAL MANAGEMENT LLC,"DIGITAL MANAGEMENT, LLC",,3BDL8,EMACGJ3EEAT5,,DIGITAL MANAGEMENT LLC,DIGITAL MANAGEMENT  LLC,USA,UNITED STATES,1600 INTERNATIONAL DR STE 500,,MC LEAN,51059,FAIRFAX,51,VA,VIRGINIA,221024889,VA-11,VA-11,7036233660,2402234888,USA,UNITED STATES,ATLANTA,13089,DEKALB,13,GA,GEORGIA,303294018,GA-05,GA-05,AWARD,C,DELIVERY ORDER,,,,,,,J,FIRM FIXED PRICE,ON-PREMISES APPLICATION HOSTING,,1,OT,OTHER FUNCTIONS,DC01,IT AND TELECOM - DATA CENTER SUPPORT SERVICES (LABOR),H,NOT BUNDLED,,,541512,COMPUTER SYSTEMS DESIGN SERVICES,C,NO CLAUSES INCLUDED AND NO SUSTAINABILITY INCLUDED,A,U.S. OWNED BUSINESS,,,,,E,NOT REQUIRED,USA,UNITED STATES,C,NOT A MANUFACTURED END PRODUCT,F,INDIVIDUAL SUBCONTRACT PLAN,A,FULL AND OPEN COMPETITION,MAFO,SUBJECT TO MULTIPLE AWARD FAIR OPPORTUNITY,,,NONE,NO PREFERENCE USED,,,FAIR,FAIR OPPORTUNITY GIVEN,,,4,D,COMMERCIAL PRODUCTS/SERVICES PROCEDURES NOT USED,f,N,NO,N,NO,Y,YES,N,NO,,Y,YES,X,NOT APPLICABLE,X,NOT APPLICABLE,X,NOT APPLICABLE,X,NOT APPLICABLE,,,A,GWAC,M,MULTIPLE AWARD,,,,,,Y,YES - CAS CLAUSE INCLUDED,N,N,,,D,NOT CONSOLIDATED,N,NO - SERVICE WHERE PBA IS NOT USED.,,,Z,NOT APPLICABLE,N,NO,X,NOT APPLICABLE,f,f,f,f,f,f,f,f,f,f,f,f,t,t,f,f,f,f,f,OTHER THAN SMALL BUSINESS,O,f,f,f,f,f,f,f,f,f,f,f,f,f,f,f,f,f,OTHER,f,f,f,f,f,f,f,f,f,f,f,f,f,f,f,f,f,t,f,f,f,f,f,f,f,f,t,f,t,f,f,f,f,f,f,f,f,f,f,f,f,f,f,f,f,f,f,f,f,f,DOUGLAS  THURSTON,500000.00,TREY  THEIMER,375000.00,COLLIN  DRETSCH,355000.00,GARY  WANG,320000.00,PETER  CARLSON,315000.00,https://www.usaspending.gov/award/CONT_AWD_75D30123F17456_7523_47QTCK18D0019_4732/,2025-08-21
CONT_AWD_75D30124C19403_7523_-NONE-_-NONE-,75D30124C19403,,,,Q: Not Designated Nonemergency/Emergency/Disaster/Wildfire Suppression,,,,,24266342.88,17024163.33,24266342.88,24266342.88,2024-07-17,2024,2025-07-18,2025,2024-07-20,2026-07-19,2026-07-19 00:00:00,,2024-06-14,075,Department of Health and Human Services,7523,Centers for Disease Control and Prevention,75D301,CDC OFFICE OF ACQUISITION SERVICES,075,Department of Health and Human Services,7523,Centers for Disease Control and Prevention,75D301,CDC OFFICE OF ACQUISITION SERVICES,075-2024/2024-0948-000;075-2025/2025-0948-000,075-0948,21.0: Travel and transportation of persons;25.1: Advisory and assistance services,0004: CHRONIC DISEASE PREVENTION AND HEALTH PROMOTION (0948),X,NOT APPLICABLE,,,XJF3KGSUK9F7,,"GC&E FEDERAL, LLC","GC&E FEDERAL, LLC",,8MN76,XJF3KGSUK9F7,,"GC&E FEDERAL, LLC",GC&E FEDERAL  LLC,USA,UNITED STATES,5835 PEACHTREE CORS E STE A1,,PEACHTREE CORNERS,13135,GWINNETT,13,GA,GEORGIA,300923458,GA-04,GA-04,4044298033,,USA,UNITED STATES,ATLANTA,13089,DEKALB,13,GA,GEORGIA,303414002,GA-04,GA-04,AWARD,D,DEFINITIVE CONTRACT,,,,,,,J,FIRM FIXED PRICE,NATIONAL PROGRAM OF CANCER REGISTRIES CANCER SURVEILLANCE INFORMATICS SYSTEM,75D301-24-R-73053,1,OT,OTHER FUNCTIONS,R499,SUPPORT- PROFESSIONAL: OTHER,H,NOT BUNDLED,,,517111,WIRED TELECOMMUNICATIONS CARRIERS,C,NO CLAUSES INCLUDED AND NO SUSTAINABILITY INCLUDED,A,U.S. OWNED BUSINESS,,,,,E,NOT REQUIRED,USA,UNITED STATES,C,NOT A MANUFACTURED END PRODUCT,B,PLAN NOT REQUIRED,B,NOT AVAILABLE FOR COMPETITION,SSS,ONLY ONE SOURCE,8AN,8(A) SOLE SOURCE,NONE,NO PREFERENCE USED,,,,,OTH,AUTHORIZED BY STATUTE (FAR 6.302-5(A)(2)(I)),1,D,COMMERCIAL PRODUCTS/SERVICES PROCEDURES NOT USED,f,N,NO,,,N,NO,N,NO,,N,NO,N,NO,N,NO,N,NO,X,NOT APPLICABLE,,,,,,,,,,N,NO,X,NOT APPLICABLE EXEMPT FROM CAS,N,N,,,D,NOT CONSOLIDATED,N,NO - SERVICE WHERE PBA IS NOT USED.,N,NO,Z,NOT APPLICABLE,N,NO,X,NOT APPLICABLE,t,f,f,f,f,f,f,f,f,f,f,f,t,f,f,f,f,t,f,SMALL BUSINESS,S,f,f,f,f,f,f,f,f,f,f,f,f,f,f,f,f,f,CORPORATE NOT TAX EXEMPT,t,f,f,f,f,f,f,f,f,f,f,f,f,f,f,f,f,t,f,f,f,f,f,f,f,f,t,f,t,f,f,f,f,f,f,f,f,f,f,f,f,f,f,f,f,t,f,t,f,f,,,,,,,,,,,https://www.usaspending.gov/award/CONT_AWD_75D30124C19403_7523_-NONE-_-NONE-/,2025-07-18
CONT_AWD_75D30124F19521_7523_HHSN316201200044W_7529,75D30124F19521,7529,NATIONAL INSTITUTES OF HEALTH,HHSN316201200044W,Q: Not Designated Nonemergency/Emergency/Disaster/Wildfire Suppression,,,,,20743343.00,12736288.67,20758343.00,50978791.00,2024-07-31,2024,2025-08-28,2025,2024-08-01,2026-07-31,2029-08-31 00:00:00,,2024-06-17,075,Department of Health and Human Services,7523,Centers for Disease Control and Prevention,75D301,CDC OFFICE OF ACQUISITION SERVICES,075,Department of Health and Human Services,7523,Centers for Disease Control and Prevention,75D301,CDC OFFICE OF ACQUISITION SERVICES,075-2024/2024-0943-000;075-2024/2024-0949-000;075-2025/2025-0943-000;075-2025/2025-0949-000;075-2025/2025-0959-000,075-0943;075-0949;075-0959,21.0: Travel and transportation of persons;25.1: Advisory and assistance services,0005: EMERGING AND ZOONOTIC INFECTIOUS DISEASES (0949);0020: PUBLIC HEALTH SCIENTIFIC SERVICES (0959);0802: CDC-WIDE ACTIVITIES AND PROGRAM SUPPORT (REIMBURSABLE),X,NOT APPLICABLE,,,UE9QJD4KK1L6,,"LEIDOS, INC.","LEIDOS, INC.",,5UTE1,ZL41ERXMPAR3,,"LEIDOS HOLDINGS, INC.",LEIDOS  INC.,USA,UNITED STATES,1750 PRESIDENTS ST,,RESTON,51059,FAIRFAX,51,VA,VIRGINIA,201905661,VA-11,VA-11,5715266000,,USA,UNITED STATES,ATLANTA,13089,DEKALB,13,GA,GEORGIA,303294018,GA-05,GA-05,AWARD,C,DELIVERY ORDER,,,,,,,Y,TIME AND MATERIALS,IT MODERNIZATION NHSN,75D301-24-R-73033,1,OT,OTHER FUNCTIONS,R499,SUPPORT- PROFESSIONAL: OTHER,H,NOT BUNDLED,,,541512,COMPUTER SYSTEMS DESIGN SERVICES,C,NO CLAUSES INCLUDED AND NO SUSTAINABILITY INCLUDED,A,U.S. OWNED BUSINESS,,,,,E,NOT REQUIRED,USA,UNITED STATES,C,NOT A MANUFACTURED END PRODUCT,C,PLAN REQUIRED - INCENTIVE NOT INCLUDED,A,FULL AND OPEN COMPETITION,MAFO,SUBJECT TO MULTIPLE AWARD FAIR OPPORTUNITY,,,NONE,NO PREFERENCE USED,,,FAIR,FAIR OPPORTUNITY GIVEN,,,1,D,COMMERCIAL PRODUCTS/SERVICES PROCEDURES NOT USED,f,N,NO,N,NO,Y,YES,N,NO,,N,NO,X,NOT APPLICABLE,X,NOT APPLICABLE,X,NOT APPLICABLE,X,NOT APPLICABLE,,,A,GWAC,M,MULTIPLE AWARD,,,,,,Y,YES - CAS CLAUSE INCLUDED,N,N,,,D,NOT CONSOLIDATED,N,NO - SERVICE WHERE PBA IS NOT USED.,,,Z,NOT APPLICABLE,N,NO,X,NOT APPLICABLE,f,f,f,f,f,f,f,f,f,f,f,f,f,f,f,f,f,f,f,OTHER THAN SMALL BUSINESS,O,f,f,f,f,f,f,f,f,f,f,f,f,f,f,f,f,f,CORPORATE NOT TAX EXEMPT,t,f,f,f,f,f,f,f,f,f,f,f,f,f,f,f,f,t,f,f,f,f,f,f,f,f,f,f,t,f,f,f,f,f,f,f,f,f,f,f,f,f,f,f,f,f,f,f,f,f,,,,,,,,,,,https://www.usaspending.gov/award/CONT_AWD_75D30124F19521_7523_HHSN316201200044W_7529/,2025-08-28
CONT_AWD_75D30125C20468_7523_-NONE-_-NONE-,75D30125C20468,,,,Q: Not Designated Nonemergency/Emergency/Disaster/Wildfire Suppression,,,,,25207705.15,11381653.60,25564705.15,34354971.56,2025-09-04,2025,2026-01-02,2026,2025-09-04,2026-03-31,2026-06-30 00:00:00,,2025-06-12,075,Department of Health and Human Services,7523,Centers for Disease Control and Prevention,75D301,CDC OFFICE OF ACQUISITION SERVICES,075,Department of Health and Human Services,7523,Centers for Disease Control and Prevention,75D301,CDC OFFICE OF ACQUISITION SERVICES,075-X-4553-000,075-4553,25.4: Operation and maintenance of facilities,0801: CDC WORKING CAPITAL FUND (REIMBURSABLE),X,NOT APPLICABLE,,,TL1KC3N18G37,,"CHENEGA GLOBAL PROTECTION, LLC","CHENEGA GLOBAL PROTECTION, LLC",,7ZTR1,TL1KC3N18G37,,"CHENEGA GLOBAL PROTECTION, LLC",CHENEGA GLOBAL PROTECTION  LLC,USA,UNITED STATES,14420 ALBEMARLE POINT PL STE 100,,CHANTILLY,51059,FAIRFAX,51,VA,VIRGINIA,201511782,VA-11,VA-11,5712917636,,USA,UNITED STATES,ATLANTA,13089,DEKALB,13,GA,GEORGIA,303413717,GA-04,GA-04,AWARD,D,DEFINITIVE CONTRACT,,,,,,,J,FIRM FIXED PRICE,ATL FT COLLINS GUARDS BRIDGE,75D301-25-R-73242,1,OT,OTHER FUNCTIONS,R430,SUPPORT- PROFESSIONAL: PHYSICAL SECURITY AND BADGING,H,NOT BUNDLED,,,561612,SECURITY GUARDS AND PATROL SERVICES,C,NO CLAUSES INCLUDED AND NO SUSTAINABILITY INCLUDED,A,U.S. OWNED BUSINESS,,,,,E,NOT REQUIRED,USA,UNITED STATES,C,NOT A MANUFACTURED END PRODUCT,B,PLAN NOT REQUIRED,C,NOT COMPETED,SSS,ONLY ONE SOURCE,NONE,NO SET ASIDE USED.,NONE,NO PREFERENCE USED,,,,,ONE,ONLY ONE SOURCE-OTHER (FAR 6.302-1 OTHER),1,A,COMMERCIAL PRODUCTS/SERVICES,f,N,NO,,,Y,YES,N,NO,,N,NO,X,NOT APPLICABLE,Y,YES,X,NOT APPLICABLE,X,NOT APPLICABLE,,,,,,,,,,N,NO,X,NOT APPLICABLE EXEMPT FROM CAS,N,N,,,D,NOT CONSOLIDATED,N,NO - SERVICE WHERE PBA IS NOT USED.,N,NO,,,N,NO,X,NOT APPLICABLE,t,f,f,f,f,f,f,f,f,f,f,f,t,f,f,f,f,t,f,SMALL BUSINESS,S,f,f,f,f,f,f,f,f,f,f,f,f,f,f,f,f,f,OTHER,f,f,f,f,f,f,f,f,f,f,f,f,f,f,f,f,f,t,f,f,f,f,f,f,f,f,t,f,t,f,f,f,f,f,f,f,f,f,f,f,f,f,f,f,f,f,f,t,f,f,BRAD  NAYLOR,315000.00,MICHAEL  JOHNSTON,82156.00,WADE  DENNIS,160000.00,EDIN  HUSKIC,0.00,0  0,0.00,https://www.usaspending.gov/award/CONT_AWD_75D30125C20468_7523_-NONE-_-NONE-/,2026-01-02
CONT_AWD_75D30125F20382_7523_47QSHA19D001K_4732,75D30125F20382,4732,FEDERAL ACQUISITION SERVICE,47QSHA19D001K,Q: Not Designated Nonemergency/Emergency/Disaster/Wildfire Suppression,,,,,51857251.00,43162635.70,51857251.00,51857251.00,2024-11-22,2025,2025-09-26,2025,2024-11-22,2025-11-30,2025-11-30 00:00:00,,2024-11-13,075,Department of Health and Human Services,7523,Centers for Disease Control and Prevention,75D301,CDC OFFICE OF ACQUISITION SERVICES,075,Department of Health and Human Services,7523,Centers for Disease Control and Prevention,75D301,CDC OFFICE OF ACQUISITION SERVICES,075-075-X-0125-009;075-X-0960-000;075-X-4553-000,075-0125;075-0960;075-4553,25.4: Operation and maintenance of facilities,0001: CDC BUILDINGS AND FACILITIES (0960);0001: NONRECURRING EXPENSES FUND PROJECTS;0801: CDC WORKING CAPITAL FUND (REIMBURSABLE),X,NOT APPLICABLE,,,FTZHLEADDKR9,,FOUR SEASONS ENVIRONMENTAL INC,"FOUR SEASONS ENVIRONMENTAL, INC.",,02PC7,FTZHLEADDKR9,,FOUR SEASONS ENVIRONMENTAL INC,FOUR SEASONS ENVIRONMENTAL  INC.,USA,UNITED STATES,43 NEW GARVER RD,,MONROE,39017,BUTLER,39,OH,OHIO,450501281,OH-08,OH-08,5135392978,5135392972,USA,UNITED STATES,ATLANTA,13089,DEKALB,13,GA,GEORGIA,303294018,GA-05,GA-05,AWARD,C,DELIVERY ORDER,,,,,,,J,FIRM FIXED PRICE,ATLANTA FT COLLINS OPERATIONS AND MAINTENANCE,75D301-25-Q-78556,1,OT,OTHER FUNCTIONS,M1AA,OPERATION OF OFFICE BUILDINGS,H,NOT BUNDLED,,,561210,FACILITIES SUPPORT SERVICES,E,BIO-BASED,A,U.S. OWNED BUSINESS,,,,,E,NOT REQUIRED,USA,UNITED STATES,C,NOT A MANUFACTURED END PRODUCT,B,PLAN NOT REQUIRED,A,FULL AND OPEN COMPETITION,MAFO,SUBJECT TO MULTIPLE AWARD FAIR OPPORTUNITY,,,NONE,NO PREFERENCE USED,,,ONE,ONLY ONE SOURCE - OTHER,,,1,A,COMMERCIAL PRODUCTS/SERVICES,f,N,NO,N,NO,Y,YES,N,NO,,N,NO,X,NOT APPLICABLE,Y,YES,X,NOT APPLICABLE,X,NOT APPLICABLE,,,C,FSS,M,MULTIPLE AWARD,,,,,,X,NOT APPLICABLE EXEMPT FROM CAS,N,N,,,D,NOT CONSOLIDATED,N,NO - SERVICE WHERE PBA IS NOT USED.,,,,,N,NO,X,NOT APPLICABLE,f,f,f,f,f,f,f,f,f,f,f,f,f,f,f,f,f,f,f,SMALL BUSINESS,S,f,f,f,f,f,f,f,f,f,f,f,f,f,f,f,f,f,CORPORATE NOT TAX EXEMPT,t,f,f,f,f,f,f,f,f,f,f,f,f,f,f,f,f,t,f,f,f,f,f,f,f,t,f,f,t,f,f,f,f,f,f,f,f,f,f,f,f,f,f,f,f,f,f,f,f,f,REED D TARKINGTON,363727.00,CHRISTEL  SKORUP,309799.00,RORY P COUSINO,305649.00,DARREN  DEAN,226015.00,WES  TARKINGTON,199018.00,https://www.usaspending.gov/award/CONT_AWD_75D30125F20382_7523_47QSHA19D001K_4732/,2025-09-26
CONT_AWD_75D30125F20706_7523_47QTCA22A000C_4732,75D30125F20706,4732,FEDERAL ACQUISITION SERVICE,47QTCA22A000C,Q: Not Designated Nonemergency/Emergency/Disaster/Wildfire Suppression,,,,,23198736.07,2630811.07,23198736.07,23198736.07,2025-09-27,2025,2025-09-27,2025,2025-09-29,2026-09-28,2026-09-28 00:00:00,,2025-09-24,075,Department of Health and Human Services,7523,Centers for Disease Control and Prevention,75D301,CDC OFFICE OF ACQUISITION SERVICES,075,Department of Health and Human Services,7523,Centers for Disease Control and Prevention,75D301,CDC OFFICE OF ACQUISITION SERVICES,075-2025/2025-0944-000;075-2025/2025-0947-000;075-2025/2025-0948-000;075-2025/2025-0949-000;075-2025/2025-0950-000;075-2025/2025-0951-000;075-2025/2025-0952-000;075-2025/2025-0953-000;075-2025/2025-0956-000;075-2025/2025-0958-000,075-0944;075-0947;075-0948;075-0949;075-0950;075-0951;075-0952;075-0953;075-0956;075-0958,31.0: Equipment,"0001: AGENCY FOR TOXIC SUBSTANCES AND DISEASE REGISTRY, TOXIC SUBSTANC (DIRECT);0001: BIRTH DEFECTS, DEVELOPMENTAL DISABILITIES, DISABILITY AND HEALTH (0958);0004: CHRONIC DISEASE PREVENTION AND HEALTH PROMOTION (0948);0005: EMERGING AND ZOONOTIC INFECTIOUS DISEASES (0949);0007: ENVIRONMENTAL HEALTH (0947);0012: HIV/AIDS, VIRAL HEPATITIS, STD AND TB PREVENTION (0950);0013: IMMUNIZATION AND RESPIRATORY DISEASES (0951);0015: INJURY PREVENTION AND CONTROL (0952);0016: OCCUPATIONAL SAFETY AND HEALTH (0953);0019: PUBLIC HEALTH PREPAREDNESS AND RESPONSE (0956)",X,NOT APPLICABLE,,,ZYLCHL6TZ3N1,,MCP COMPUTER PRODUCTS INC,MCP COMPUTER PRODUCTS INC.,,1GCV3,ZYLCHL6TZ3N1,,MCP COMPUTER PRODUCTS INC,MCP COMPUTER PRODUCTS INC,USA,UNITED STATES,1565 CREEK ST STE 103,,SAN MARCOS,06073,SAN DIEGO,06,CA,CALIFORNIA,920782426,,CA-50,7604715383,7604719691,USA,UNITED STATES,ATLANTA,13089,DEKALB,13,GA,GEORGIA,303413717,GA-04,GA-04,AWARD,A,BPA CALL,,,,,,,J,FIRM FIXED PRICE,END OF THE YEAR OCIO PURCHASE,,1,,,7520,OFFICE DEVICES AND ACCESSORIES,H,NOT BUNDLED,,,334111,ELECTRONIC COMPUTER MANUFACTURING,C,NO CLAUSES INCLUDED AND NO SUSTAINABILITY INCLUDED,A,U.S. OWNED BUSINESS,,,,,E,NOT REQUIRED,USA,UNITED STATES,D,MFG IN U.S.,,,A,FULL AND OPEN COMPETITION,MAFO,SUBJECT TO MULTIPLE AWARD FAIR OPPORTUNITY,,,NONE,NO PREFERENCE USED,,,FAIR,FAIR OPPORTUNITY GIVEN,,,,A,COMMERCIAL PRODUCTS/SERVICES,f,N,NO,N,NO,,,N,NO,,N,NO,X,NOT APPLICABLE,X,NOT APPLICABLE,X,NOT APPLICABLE,X,NOT APPLICABLE,,,E,BPA,S,SINGLE AWARD,ADVANTAGE SELECT,,,,,X,NOT APPLICABLE EXEMPT FROM CAS,N,N,,,D,NOT CONSOLIDATED,X,NOT APPLICABLE,,,,,N,NO,X,NOT APPLICABLE,f,f,f,f,f,f,f,t,t,t,f,f,t,t,t,f,f,f,f,SMALL BUSINESS,S,f,f,f,f,f,f,f,f,f,f,f,f,f,f,f,f,f,CORPORATE NOT TAX EXEMPT,t,f,f,f,f,f,f,f,f,f,f,f,f,f,f,f,f,t,f,f,f,f,f,f,f,f,f,f,t,f,f,f,f,f,f,f,f,f,f,f,f,f,f,f,f,t,f,f,f,f,RIKKI  GHAI,681000.00,RAJ  GHAI,656000.00,,,,,,,https://www.usaspending.gov/award/CONT_AWD_75D30125F20706_7523_47QTCA22A000C_4732/,2025-09-27
CONT_AWD_75FCMC20F0001_7530_75FCMC19D0005_7530,75FCMC20F0001,7530,CENTERS FOR MEDICARE AND MEDICAID SERVICES,75FCMC19D0005,Q: Not Designated Nonemergency/Emergency/Disaster/Wildfire Suppression;V: Non-emergency P.L. 117-2,23429721.06,27145201.00,,,75075084.00,56110715.57,75075084.00,75075084.00,2019-11-07,2020,2024-10-30,2025,2019-11-08,2025-03-07,2025-03-07 00:00:00,,2019-03-29,075,Department of Health and Human Services,7530,Centers for Medicare and Medicaid Services,75FCMC,OFC OF ACQUISITION AND GRANTS MGMT,075,Department of Health and Human Services,7530,Centers for Medicare and Medicaid Services,75FCMC,OFC OF ACQUISITION AND GRANTS MGMT,075-2020/2020-0519-000;075-2022/2022-0519-000;075-X-0519-000,075-0519,25.2: Other services from non-Federal sources,0001: QIO CLINICAL QUALITY IMPROVEMENT;0001: QIO CONTRACTS;0005: AMERICAN RESCUE PLAN ACT - SNF INFECTION CONTROL SUPPORT,X,NOT APPLICABLE,,,F9ENK82DYGF1,,"ALLIANT HEALTH SOLUTIONS, INC.","ALLIANT HEALTH SOLUTIONS, INC.",,1ZCX4,F9ENK82DYGF1,,"ALLIANT HEALTH SOLUTIONS, INC.",ALLIANT HEALTH GROUP  INC.,USA,UNITED STATES,1455 LINCOLN PARKWAY STE 800,,ATLANTA,13089,DEKALB,13,GA,GEORGIA,303462289,GA-04,GA-04,6785273404,6785273504,USA,UNITED STATES,ATLANTA,13089,DEKALB,13,GA,GEORGIA,303462289,GA-04,GA-04,AWARD,C,DELIVERY ORDER,,,,,,,J,FIRM FIXED PRICE,QUALITY INNOVATION NETWORK/QUALITY IMPROVEMENT ORGANIZATIONS (QIN-QIO) TASK ORDER,190319,1,OT,OTHER FUNCTIONS,Q101,MEDICAL- DEPENDENT MEDICARE,H,NOT BUNDLED,,,541618,OTHER MANAGEMENT CONSULTING SERVICES,C,NO CLAUSES INCLUDED AND NO SUSTAINABILITY INCLUDED,A,U.S. OWNED BUSINESS,,,,,E,NOT REQUIRED,USA,UNITED STATES,C,NOT A MANUFACTURED END PRODUCT,F,INDIVIDUAL SUBCONTRACT PLAN,A,FULL AND OPEN COMPETITION,MAFO,SUBJECT TO MULTIPLE AWARD FAIR OPPORTUNITY,,,NONE,NO PREFERENCE USED,,,FAIR,FAIR OPPORTUNITY GIVEN,,,16,D,COMMERCIAL PRODUCTS/SERVICES PROCEDURES NOT USED,f,N,NO,N,NO,Y,YES,N,NO,,N,NO,N,NO,Y,YES,N,NO,X,NOT APPLICABLE,,,B,IDC,M,MULTIPLE AWARD,NQIIC IDIQ,,,N,NO,,,N,N,,,D,NOT CONSOLIDATED,N,NO - SERVICE WHERE PBA IS NOT USED.,Y,YES,Z,NOT APPLICABLE,N,NO,X,NOT APPLICABLE,f,f,f,f,f,f,f,f,f,f,f,f,f,f,f,f,f,f,f,OTHER THAN SMALL BUSINESS,O,f,f,f,f,f,f,f,f,f,f,f,f,f,f,f,f,f,CORPORATE TAX EXEMPT,f,t,f,f,f,f,f,f,f,f,f,f,f,f,f,f,f,t,f,f,f,f,f,f,f,f,f,f,f,t,f,f,f,f,f,f,f,f,f,f,f,f,f,f,f,f,f,f,f,f,,,,,,,,,,,https://www.usaspending.gov/award/CONT_AWD_75FCMC20F0001_7530_75FCMC19D0005_7530/,2024-10-31
CONT_AWD_75FCMC21F0074_7530_47QTCA21D000L_4732,75FCMC21F0074,4732,FEDERAL ACQUISITION SERVICE,47QTCA21D000L,Q: Not Designated Nonemergency/Emergency/Disaster/Wildfire Suppression,,,,,118719337.00,90743069.51,118719337.00,126752130.00,2021-07-29,2021,2025-07-30,2025,2021-08-01,2026-07-31,2026-07-31 00:00:00,,2021-01-26,075,Department of Health and Human Services,7530,Centers for Medicare and Medicaid Services,75FCMC,OFC OF ACQUISITION AND GRANTS MGMT,075,Department of Health and Human Services,7530,Centers for Medicare and Medicaid Services,75FCMC,OFC OF ACQUISITION AND GRANTS MGMT,075-X-0511-000,075-0511,25.2: Other services from non-Federal sources,0803: COORDINATION OF BENEFITS,X,NOT APPLICABLE,,,XP67KC4FQWM7,,NDCHEALTH CORPORATION,NDCHEALTH CORPORATION,,3ZRT8,XP67KC4FQWM7,,NDCHEALTH CORPORATION,NDCHEALTH CORPORATION,USA,UNITED STATES,1564 NORTHEAST EXPY NE,,BROOKHAVEN,13089,DEKALB,13,GA,GEORGIA,303292071,GA-05,GA-05,4157949259,,USA,UNITED STATES,BROOKHAVEN,13089,DEKALB,13,GA,GEORGIA,303292071,GA-05,GA-05,AWARD,C,DELIVERY ORDER,,,,,,,J,FIRM FIXED PRICE,MEDICARE PART D TRANSACTION FACILITATOR,,1,OT,OTHER FUNCTIONS,R799,SUPPORT- MANAGEMENT: OTHER,H,NOT BUNDLED,,,541519,OTHER COMPUTER RELATED SERVICES,C,NO CLAUSES INCLUDED AND NO SUSTAINABILITY INCLUDED,A,U.S. OWNED BUSINESS,,,,,E,NOT REQUIRED,USA,UNITED STATES,C,NOT A MANUFACTURED END PRODUCT,G,COMMERCIAL SUBCONTRACT PLAN,A,FULL AND OPEN COMPETITION,MAFO,SUBJECT TO MULTIPLE AWARD FAIR OPPORTUNITY,,,NONE,NO PREFERENCE USED,,,FAIR,FAIR OPPORTUNITY GIVEN,,,1,A,COMMERCIAL PRODUCTS/SERVICES,f,N,NO,N,NO,Y,YES,N,NO,,Y,YES,X,NOT APPLICABLE,N,NO,X,NOT APPLICABLE,X,NOT APPLICABLE,,,C,FSS,M,MULTIPLE AWARD,MEDICARE PART D TRANSACTION FACILITATOR,,,,,,,N,N,,,D,NOT CONSOLIDATED,N,NO - SERVICE WHERE PBA IS NOT USED.,,,,,N,NO,X,NOT APPLICABLE,f,f,f,f,f,f,f,f,f,f,f,f,f,f,f,f,f,f,f,OTHER THAN SMALL BUSINESS,O,f,f,f,f,f,f,f,f,f,f,f,f,f,f,f,f,f,CORPORATE NOT TAX EXEMPT,t,f,f,f,f,f,f,f,f,f,f,f,f,f,f,f,f,t,f,f,f,f,f,f,f,f,f,f,t,f,f,f,f,f,f,f,f,f,f,f,f,f,f,f,f,f,f,f,f,f,,,,,,,,,,,https://www.usaspending.gov/award/CONT_AWD_75FCMC21F0074_7530_47QTCA21D000L_4732/,2025-07-30
CONT_AWD_75FCMC25F0003_7530_GS23F0081X_4732,75FCMC25F0003,4732,FEDERAL ACQUISITION SERVICE,GS23F0081X,Q: Not Designated Nonemergency/Emergency/Disaster/Wildfire Suppression,,,,,32476502.00,9122542.36,32476502.00,73628737.00,2024-11-19,2025,2026-01-28,2026,2024-11-19,2026-12-04,2029-12-04 00:00:00,,2023-09-19,075,Department of Health and Human Services,7530,Centers for Medicare and Medicaid Services,75FCMC,OFC OF ACQUISITION AND GRANTS MGMT,075,Department of Health and Human Services,7530,Centers for Medicare and Medicaid Services,75FCMC,OFC OF ACQUISITION AND GRANTS MGMT,075-075-2021/2025-0127-005;075-2025/2025-0511-000;075-X-0511-000,075-0127;075-0511,25.2: Other services from non-Federal sources,0001: NO SURPRISES ACT IMPLEMENTATION FUND;0001: PROGRAM OPERATIONS;0813: OTHER REIMBURSABLE PROGRAM ACTIVITY,X,NOT APPLICABLE,,,C888L63CA9B5,,EXAMINATION RESOURCES LLC,"EXAMINATION RESOURCES, LLC",,65RJ3,C888L63CA9B5,,EXAMINATION RESOURCES LLC,EXAMINATION RESOURCES LLC,USA,UNITED STATES,20 10TH ST NW UNIT 803,,ATLANTA,13121,FULTON,13,GA,GEORGIA,303093867,GA-05,GA-05,4048166188,4048166197,USA,UNITED STATES,ATLANTA,13121,FULTON,13,GA,GEORGIA,303093867,GA-05,GA-05,AWARD,C,DELIVERY ORDER,,,,,,,Y,TIME AND MATERIALS,INSURANCE MARKET REFORM ENFORCEMENT,,1,OT,OTHER FUNCTIONS,R499,SUPPORT- PROFESSIONAL: OTHER,H,NOT BUNDLED,,,541611,ADMINISTRATIVE MANAGEMENT AND GENERAL MANAGEMENT CONSULTING SERVICES,C,NO CLAUSES INCLUDED AND NO SUSTAINABILITY INCLUDED,A,U.S. OWNED BUSINESS,,,,,E,NOT REQUIRED,USA,UNITED STATES,C,NOT A MANUFACTURED END PRODUCT,B,PLAN NOT REQUIRED,A,FULL AND OPEN COMPETITION,MAFO,SUBJECT TO MULTIPLE AWARD FAIR OPPORTUNITY,,,NONE,NO PREFERENCE USED,,,FAIR,FAIR OPPORTUNITY GIVEN,,,3,A,COMMERCIAL PRODUCTS/SERVICES,f,N,NO,N,NO,Y,YES,N,NO,,N,NO,X,NOT APPLICABLE,N,NO,N,NO,X,NOT APPLICABLE,,,C,FSS,M,MULTIPLE AWARD,INSURANCE MARKET REFORM ENFORCEMENT,,,,,X,NOT APPLICABLE EXEMPT FROM CAS,N,N,,,D,NOT CONSOLIDATED,N,NO - SERVICE WHERE PBA IS NOT USED.,,,,,N,NO,X,NOT APPLICABLE,f,f,f,f,f,f,f,t,t,f,f,f,f,f,f,f,f,f,f,SMALL BUSINESS,S,f,f,f,f,f,f,f,f,f,f,f,f,f,f,f,f,f,CORPORATE NOT TAX EXEMPT,t,f,f,f,f,f,f,f,f,f,f,f,f,f,f,f,f,t,f,f,f,f,f,f,f,f,t,f,t,f,f,f,f,f,f,f,f,f,f,f,f,f,f,f,f,f,f,f,f,f,,,,,,,,,,,https://www.usaspending.gov/award/CONT_AWD_75FCMC25F0003_7530_GS23F0081X_4732/,2026-01-29
CONT_AWD_75N91018F00001_7529_75N91018D00003_7529,75N91018F00001,7529,NATIONAL INSTITUTES OF HEALTH,75N91018D00003,Q: Not Designated Nonemergency/Emergency/Disaster/Wildfire Suppression,,,,,23511632.28,12692741.77,23511632.28,30651257.28,2018-05-01,2018,2025-04-29,2025,2018-05-01,2026-04-30,2028-04-30 00:00:00,,,075,Department of Health and Human Services,7529,National Institutes of Health,75N910,NIH NCI,075,Department of Health and Human Services,7529,National Institutes of Health,75N910,NIH NCI,075-2018/2018-0849-000;075-2019/2019-0849-000;075-2020/2020-0849-000;075-2021/2021-0849-000;075-2022/2022-0849-000;075-2023/2023-0849-000;075-2024/2024-0849-000;075-2025/2025-0849-000,075-0849,25.1: Advisory and assistance services;25.5: Research and development contracts,0001: NATIONAL CANCER INSTITUTE (0849),X,NOT APPLICABLE,,,S352L5PJLMP8,,EMORY UNIVERSITY,EMORY UNIVERSITY,,2K291,S352L5PJLMP8,,EMORY UNIVERSITY,EMORY UNIVERSITY,USA,UNITED STATES,1599 CLIFTON RD.,,ATLANTA,13089,DEKALB,13,GA,GEORGIA,303224250,GA-05,GA-05,4047272507,4047272509,USA,UNITED STATES,ATLANTA,13089,DEKALB,13,GA,GEORGIA,303224250,GA-05,GA-05,AWARD,C,DELIVERY ORDER,,,,,,,T,COST SHARING,IGF::OT::IGF SEER - CORE INFRASTRUCTURE,N01PC6500374,1,OT,OTHER FUNCTIONS,AN12,HEALTH R&D SERVICES; HEALTH CARE SERVICES; APPLIED RESEARCH,H,NOT BUNDLED,,,541715,"RESEARCH AND DEVELOPMENT IN THE PHYSICAL, ENGINEERING, AND LIFE SCIENCES (EXCEPT NANOTECHNOLOGY AND BIOTECHNOLOGY)",C,NO CLAUSES INCLUDED AND NO SUSTAINABILITY INCLUDED,B,OTHER U.S. ENTITY (E.G. GOVERNMENT),,,,,E,NOT REQUIRED,USA,UNITED STATES,C,NOT A MANUFACTURED END PRODUCT,F,INDIVIDUAL SUBCONTRACT PLAN,A,FULL AND OPEN COMPETITION,MAFO,SUBJECT TO MULTIPLE AWARD FAIR OPPORTUNITY,,,NONE,NO PREFERENCE USED,,,FAIR,FAIR OPPORTUNITY GIVEN,,,20,D,COMMERCIAL PRODUCTS/SERVICES PROCEDURES NOT USED,f,N,NO,N,NO,Y,YES,N,NO,,N,NO,N,NO,Y,YES,N,NO,X,NOT APPLICABLE,,,B,IDC,M,MULTIPLE AWARD,SURVEILLANCE EPIDEMIOLOGY AND END RESULTS (SEER) PROGRAM,,,N,NO,,,N,N,,,D,NOT CONSOLIDATED,N,NO - SERVICE WHERE PBA IS NOT USED.,N,NO,,,N,NO,X,NOT APPLICABLE,f,f,f,f,f,f,f,f,f,f,f,f,f,f,f,f,f,f,f,OTHER THAN SMALL BUSINESS,O,f,f,f,f,f,f,f,f,f,f,f,f,f,f,f,f,f,CORPORATE TAX EXEMPT,f,t,f,f,f,f,f,f,f,t,f,f,f,f,f,f,f,t,f,f,f,f,f,f,f,f,f,f,f,t,f,f,t,f,f,f,f,f,f,f,f,f,f,f,f,f,f,f,f,f,,,,,,,,,,,https://www.usaspending.gov/award/CONT_AWD_75N91018F00001_7529_75N91018D00003_7529/,2025-04-29
CONT_AWD_75N92023F00001_7529_75N92022D00015_7529,75N92023F00001,7529,NATIONAL INSTITUTES OF HEALTH,75N92022D00015,V: Non-emergency P.L. 117-2,32044444.28,41200000.00,,,41200000.00,32044444.28,41200000.00,41200000.00,2023-03-27,2023,2026-01-28,2026,2023-03-27,2027-03-26,2027-03-26 00:00:00,,2023-03-09,075,Department of Health and Human Services,7529,National Institutes of Health,75N920,NATIONAL INSTITUTES OF HEALTH NHLBI,075,Department of Health and Human Services,7529,National Institutes of Health,75N92D,NATIONAL INSTITUTES OF HEALTH NIBIB,075-X-0140-000,075-0140,25.2: Other services from non-Federal sources,0001: PUBLIC HEALTH AND SOCIAL SERVICES EMERGENCY FUND,X,NOT APPLICABLE,,,S352L5PJLMP8,,EMORY UNIVERSITY,EMORY UNIVERSITY,,2K291,S352L5PJLMP8,,EMORY UNIVERSITY,EMORY UNIVERSITY,USA,UNITED STATES,201 DOWMAN DR,,ATLANTA,13089,DEKALB,13,GA,GEORGIA,303221007,GA-05,GA-05,4047272507,,USA,UNITED STATES,ATLANTA,13089,DEKALB,13,GA,GEORGIA,303221007,GA-05,GA-05,AWARD,C,DELIVERY ORDER,,,,,,,J,FIRM FIXED PRICE,INNOVATION FUNNEL FOR COVID-19 - VALIDATION CENTER,75N92023R0182,1,OT,OTHER FUNCTIONS,B599,SPECIAL STUDIES/ANALYSIS- OTHER,H,NOT BUNDLED,,,541380,TESTING LABORATORIES AND SERVICES,C,NO CLAUSES INCLUDED AND NO SUSTAINABILITY INCLUDED,A,U.S. OWNED BUSINESS,,,,,E,NOT REQUIRED,USA,UNITED STATES,C,NOT A MANUFACTURED END PRODUCT,F,INDIVIDUAL SUBCONTRACT PLAN,A,FULL AND OPEN COMPETITION,NP,NEGOTIATED PROPOSAL/QUOTE,,,NONE,NO PREFERENCE USED,,,,,,,,A,COMMERCIAL PRODUCTS/SERVICES,f,N,NO,N,NO,Y,YES,N,NO,,N,NO,N,NO,N,NO,N,NO,X,NOT APPLICABLE,,,B,IDC,S,SINGLE AWARD,,,,N,NO,X,NOT APPLICABLE EXEMPT FROM CAS,N,N,,,D,NOT CONSOLIDATED,N,NO - SERVICE WHERE PBA IS NOT USED.,N,NO,,,N,NO,X,NOT APPLICABLE,f,f,f,f,f,f,f,f,f,f,f,f,f,f,f,f,f,f,f,OTHER THAN SMALL BUSINESS,O,f,f,f,f,f,f,f,f,f,f,f,f,f,f,f,f,f,CORPORATE TAX EXEMPT,f,t,f,f,f,f,f,f,f,t,f,f,f,f,f,f,f,t,f,f,f,f,f,f,f,f,f,f,f,t,f,f,t,f,f,f,f,f,f,f,f,f,f,f,f,f,f,f,f,f,,,,,,,,,,,https://www.usaspending.gov/award/CONT_AWD_75N92023F00001_7529_75N92022D00015_7529/,2026-01-28
CONT_AWD_75N93019C00052_7529_-NONE-_-NONE-,75N93019C00052,,,,L: Emergency P.L. 116-123;P: Emergency P.L. 116-139;Q: Not Designated Nonemergency/Emergency/Disaster/Wildfire Suppression,3300445.74,3515268.01,,,74568888.00,50842470.46,74568888.00,120229963.00,2019-09-06,2019,2025-08-13,2025,2019-09-10,2026-09-09,2026-09-09 00:00:00,,2018-07-03,075,Department of Health and Human Services,7529,National Institutes of Health,75N930,NATIONAL INSTITUTES OF HEALTH NIAID,075,Department of Health and Human Services,7529,National Institutes of Health,75N930,NATIONAL INSTITUTES OF HEALTH NIAID,075-2019/2019-0885-000;075-2020/2020-0885-000;075-2020/2024-0885-000;075-2021/2021-0885-000;075-2022/2022-0885-000;075-2023/2023-0885-000;075-2024/2024-0885-000;075-2025/2025-0885-000;075-X-0849-000,075-0849;075-0885,25.5: Research and development contracts,0001: NATIONAL CANCER INSTITUTE (0849);0006: NATIONAL INSTITUTE OF ALLERGY AND INFECTIOUS DISEASES (0885),X,NOT APPLICABLE,,,NMJHD63STRC5,,"UNIVERSITY OF GEORGIA RESEARCH FOUNDATION, INC.","UNIVERSITY OF GEORGIA RESEARCH FOUNDATION, INC.",,07DC3,NMJHD63STRC5,,"UNIVERSITY OF GEORGIA RESEARCH FOUNDATION, INC.",UNIVERSITY OF GEORGIA RESEARCH FOUNDATION  INC.,USA,UNITED STATES,310 EAST CAMPUS RD TUCKER HALL ROOM 409,,ATHENS,13059,CLARKE,13,GA,GEORGIA,306021589,GA-10,GA-10,7065425939,7065425946,USA,UNITED STATES,ATHENS,13059,CLARKE,13,GA,GEORGIA,306025016,GA-10,GA-10,AWARD,D,DEFINITIVE CONTRACT,,,,,,,S,COST NO FEE,"COMPONENT A OF THE COLLABORATIVE INFLUENZA VACCINE INNOVATION CENTERS (CIVICS) PROGRAM TO DESIGN AND EVALUATE INNOVATIVE INFLUENZA VACCINE APPROACHES, BASED ON PRINCIPLES OF INFLUENZA IMMUNITY, THAT ACHIEVE DURABLE, ROBUST AND BROADLY PROTECTIVE IMMU",HHSNIHNIAIDBAA2018,1,OT,OTHER FUNCTIONS,AN12,HEALTH R&D SERVICES; HEALTH CARE SERVICES; APPLIED RESEARCH,H,NOT BUNDLED,,,541715,"RESEARCH AND DEVELOPMENT IN THE PHYSICAL, ENGINEERING, AND LIFE SCIENCES (EXCEPT NANOTECHNOLOGY AND BIOTECHNOLOGY)",C,NO CLAUSES INCLUDED AND NO SUSTAINABILITY INCLUDED,A,U.S. OWNED BUSINESS,,,,,E,NOT REQUIRED,USA,UNITED STATES,C,NOT A MANUFACTURED END PRODUCT,F,INDIVIDUAL SUBCONTRACT PLAN,A,FULL AND OPEN COMPETITION,NP,NEGOTIATED PROPOSAL/QUOTE,NONE,NO SET ASIDE USED.,NONE,NO PREFERENCE USED,,,,,,,9,D,COMMERCIAL PRODUCTS/SERVICES PROCEDURES NOT USED,f,N,NO,N,NO,Y,YES,N,NO,0.00,N,NO,X,NOT APPLICABLE,X,NOT APPLICABLE,X,NOT APPLICABLE,X,NOT APPLICABLE,,,,,,,,,,Y,YES,Y,YES - CAS CLAUSE INCLUDED,N,N,,,D,NOT CONSOLIDATED,N,NO - SERVICE WHERE PBA IS NOT USED.,N,NO,,,N,NO,X,NOT APPLICABLE,f,f,f,f,f,f,f,f,f,f,f,f,f,f,f,f,f,f,f,OTHER THAN SMALL BUSINESS,O,f,f,f,f,f,f,f,f,f,f,f,f,f,f,f,f,f,CORPORATE TAX EXEMPT,f,t,f,f,f,f,f,f,f,f,t,f,f,f,f,f,f,t,f,f,f,f,f,f,f,f,f,f,f,t,f,f,f,f,f,f,f,f,f,f,f,f,f,f,f,f,f,f,f,f,,,,,,,,,,,https://www.usaspending.gov/award/CONT_AWD_75N93019C00052_7529_-NONE-_-NONE-/,2025-08-13
CONT_AWD_75N93021C00017_7529_-NONE-_-NONE-,75N93021C00017,,,,N: Emergency P.L. 116-136;P: Emergency P.L. 116-139;Q: Not Designated Nonemergency/Emergency/Disaster/Wildfire Suppression;V: Non-emergency P.L. 117-2,2598263.38,4450985.00,,,29425988.00,14283725.95,29425988.00,79299221.00,2021-03-26,2021,2025-12-30,2026,2021-04-01,2028-09-23,2028-09-23 00:00:00,,2019-10-30,075,Department of Health and Human Services,7529,National Institutes of Health,75N930,NATIONAL INSTITUTES OF HEALTH NIAID,075,Department of Health and Human Services,7529,National Institutes of Health,75N930,NATIONAL INSTITUTES OF HEALTH NIAID,075-2020/2024-0885-000;075-2021/2021-0885-000;075-2022/2022-0885-000;075-2022/2024-3966-000;075-2023/2023-0885-000;075-2024/2024-0885-000;075-2025/2025-0885-000;075-2026/2026-0885-000;075-X-0140-000;075-X-0885-000,075-0140;075-0885;075-3966,25.5: Research and development contracts,0001: PUBLIC HEALTH AND SOCIAL SERVICES EMERGENCY FUND;0006: NATIONAL INSTITUTE OF ALLERGY AND INFECTIOUS DISEASES (0885);0802: NIH ROYALTIES,X,NOT APPLICABLE,,,S352L5PJLMP8,,EMORY UNIVERSITY,EMORY UNIVERSITY,,2K291,S352L5PJLMP8,,EMORY UNIVERSITY,EMORY UNIVERSITY,USA,UNITED STATES,201 DOWMAN DR,,ATLANTA,13089,DEKALB,13,GA,GEORGIA,303221007,GA-05,GA-05,4047272507,,USA,UNITED STATES,ATLANTA,13089,DEKALB,13,GA,GEORGIA,303224250,GA-05,GA-05,AWARD,D,DEFINITIVE CONTRACT,,,,,,,S,COST NO FEE,AWARD OF THE BASE TO EMORY FOR CEIRR CONTRACT 75N93021C00017,75N93019R00028,1,OT,OTHER FUNCTIONS,AN12,HEALTH R&D SERVICES; HEALTH CARE SERVICES; APPLIED RESEARCH,H,NOT BUNDLED,,,541715,"RESEARCH AND DEVELOPMENT IN THE PHYSICAL, ENGINEERING, AND LIFE SCIENCES (EXCEPT NANOTECHNOLOGY AND BIOTECHNOLOGY)",C,NO CLAUSES INCLUDED AND NO SUSTAINABILITY INCLUDED,A,U.S. OWNED BUSINESS,,,,,E,NOT REQUIRED,USA,UNITED STATES,C,NOT A MANUFACTURED END PRODUCT,F,INDIVIDUAL SUBCONTRACT PLAN,A,FULL AND OPEN COMPETITION,NP,NEGOTIATED PROPOSAL/QUOTE,NONE,NO SET ASIDE USED.,NONE,NO PREFERENCE USED,,,,,,,2,D,COMMERCIAL PRODUCTS/SERVICES PROCEDURES NOT USED,f,N,NO,N,NO,Y,YES,N,NO,0.00,N,NO,N,NO,N,NO,N,NO,X,NOT APPLICABLE,,,,,,,,,,Y,YES,Y,YES - CAS CLAUSE INCLUDED,N,N,,,D,NOT CONSOLIDATED,N,NO - SERVICE WHERE PBA IS NOT USED.,N,NO,Z,NOT APPLICABLE,N,NO,X,NOT APPLICABLE,f,f,f,f,f,f,f,f,f,f,f,f,f,f,f,f,f,f,f,OTHER THAN SMALL BUSINESS,O,f,f,f,f,f,f,f,f,f,f,f,f,f,f,f,f,f,CORPORATE TAX EXEMPT,f,t,f,f,f,f,f,f,f,t,f,f,f,f,f,f,f,t,f,f,f,f,f,f,f,f,f,f,f,t,f,f,t,f,f,f,f,f,f,f,f,f,f,f,f,f,f,f,f,f,,,,,,,,,,,https://www.usaspending.gov/award/CONT_AWD_75N93021C00017_7529_-NONE-_-NONE-/,2025-12-30
CONT_AWD_75N93021C00018_7529_-NONE-_-NONE-,75N93021C00018,,,,N: Emergency P.L. 116-136;Q: Not Designated Nonemergency/Emergency/Disaster/Wildfire Suppression,93673.67,100000.01,,,22959367.00,11156218.34,22959367.00,91775618.00,2021-03-26,2021,2025-12-30,2026,2021-04-01,2027-09-23,2027-09-23 00:00:00,,2019-10-30,075,Department of Health and Human Services,7529,National Institutes of Health,75N930,NATIONAL INSTITUTES OF HEALTH NIAID,075,Department of Health and Human Services,7529,National Institutes of Health,75N930,NATIONAL INSTITUTES OF HEALTH NIAID,075-2020/2024-0885-000;075-2021/2021-0885-000;075-2022/2022-0885-000;075-2023/2023-0885-000;075-2024/2024-0885-000;075-2025/2025-0885-000;075-2026/2026-0885-000,075-0885,25.5: Research and development contracts,0006: NATIONAL INSTITUTE OF ALLERGY AND INFECTIOUS DISEASES (0885),X,NOT APPLICABLE,,,NMJHD63STRC5,,"UNIVERSITY OF GEORGIA RESEARCH FOUNDATION, INC.","UNIVERSITY OF GEORGIA RESEARCH FOUNDATION, INC.",,07DC3,NMJHD63STRC5,,"UNIVERSITY OF GEORGIA RESEARCH FOUNDATION, INC.",UNIVERSITY OF GEORGIA RESEARCH FOUNDATION  INC.,USA,UNITED STATES,310 EAST CAMPUS RD TUCKER HALL ROOM 409,,ATHENS,13059,CLARKE,13,GA,GEORGIA,306021589,GA-10,GA-10,7065425967,7065425946,USA,UNITED STATES,ATHENS,13059,CLARKE,13,GA,GEORGIA,306025016,GA-10,GA-10,AWARD,D,DEFINITIVE CONTRACT,,,,,,,S,COST NO FEE,UGA CEIRR - THIS CONTRACT WILL SUPPORT THE NIAID CENTERS OF EXCELLENCE FOR INFLUENZA RESEARCH AND RESPONSE,75N93019R00028,1,OT,OTHER FUNCTIONS,AN12,HEALTH R&D SERVICES; HEALTH CARE SERVICES; APPLIED RESEARCH,H,NOT BUNDLED,,,541715,"RESEARCH AND DEVELOPMENT IN THE PHYSICAL, ENGINEERING, AND LIFE SCIENCES (EXCEPT NANOTECHNOLOGY AND BIOTECHNOLOGY)",C,NO CLAUSES INCLUDED AND NO SUSTAINABILITY INCLUDED,A,U.S. OWNED BUSINESS,,,,,E,NOT REQUIRED,USA,UNITED STATES,C,NOT A MANUFACTURED END PRODUCT,F,INDIVIDUAL SUBCONTRACT PLAN,A,FULL AND OPEN COMPETITION,NP,NEGOTIATED PROPOSAL/QUOTE,NONE,NO SET ASIDE USED.,NONE,NO PREFERENCE USED,,,,,,,9,D,COMMERCIAL PRODUCTS/SERVICES PROCEDURES NOT USED,f,N,NO,N,NO,Y,YES,N,NO,0.00,N,NO,X,NOT APPLICABLE,X,NOT APPLICABLE,X,NOT APPLICABLE,X,NOT APPLICABLE,,,,,,,,,,Y,YES,Y,YES - CAS CLAUSE INCLUDED,N,N,,,D,NOT CONSOLIDATED,N,NO - SERVICE WHERE PBA IS NOT USED.,N,NO,,,N,NO,X,NOT APPLICABLE,f,f,f,f,f,f,f,f,f,f,f,f,f,f,f,f,f,f,f,OTHER THAN SMALL BUSINESS,O,f,f,f,f,f,f,f,f,f,f,f,f,f,f,f,f,f,CORPORATE TAX EXEMPT,f,t,f,f,f,f,f,f,f,f,t,f,f,f,f,f,f,t,f,f,f,f,f,f,f,f,f,f,f,t,f,f,f,f,f,f,f,f,f,f,f,f,f,f,f,f,f,f,f,f,,,,,,,,,,,https://www.usaspending.gov/award/CONT_AWD_75N93021C00018_7529_-NONE-_-NONE-/,2025-12-30
CONT_AWD_AG3K25C170001_12H2_-NONE-_-NONE-,AG3K25C170001,,,,AAB: Emergency P.L. 117-328;Q: Not Designated Nonemergency/Emergency/Disaster/Wildfire Suppression,,,,,149565662.00,97776225.00,149565662.00,149565662.00,2017-07-31,2017,2025-12-05,2026,2017-07-31,2026-05-31,2026-05-31 00:00:00,,,012,Department of Agriculture,12H2,Agricultural Research Service,1232SA,USDA ARS AFM APD,012,Department of Agriculture,12H2,Agricultural Research Service,123K15,USDA ARS AFM FD,012-X-1401-000,012-1401,25.1: Advisory and assistance services;25.2: Other services from non-Federal sources;25.5: Research and development contracts;32.0: Land and structures,0001: BUILDING AND FACILITIES PROJECTS,X,NOT APPLICABLE,,,GPXRWUEUHZ19,,M. A. MORTENSON COMPANY,M. A. MORTENSON COMPANY,,0MUM7,FCR1T448LGZ3,,"M. A. MORTENSON COMPANIES, INC.",M. A. MORTENSON COMPANIES  INC.,USA,UNITED STATES,700 MEADOW LN N,,MINNEAPOLIS,27053,HENNEPIN,27,MN,MINNESOTA,554224837,MN-05,MN-05,7632875227,7632875370,USA,UNITED STATES,ATHENS,13059,CLARKE,13,GA,GEORGIA,306051903,GA-10,GA-10,AWARD,D,DEFINITIVE CONTRACT,,,,,,,J,FIRM FIXED PRICE,"DESIGN-BUILD-BRIDGING CONSTRUCTION SERVICES FOR THE MODERNIZATION OF THE U.S. NATIONAL POULTRY RESEARCH CENTER (USNPRC), SEPRL CAMPUS IN ATHENS, GA  THIS IS A TWO-PHASE DESIGN-BUILD ACQUISITION. ONE SOLICITATION COVERS BOTH PHASES. PHASE I IS THE PRE-SELECTION PHASE IN WHICH THE GOVERNMENT WILL ""SHORTLIST"" MAXIMUM OF (4) OF THE MOST HIGHLY QUALIFIED OFFERORS. ONLY THOSE FIRMS SELECTED IN PHASE I WILL BE ALLOWED TO CONTINUE TO THE PHASE II. DETAILED DESIGN CRITERIA WILL THEN BE ADDED BY AMENDMENT TO THE SOLICITATION TO START THE PHASE II STAGE OF THE REQUEST FOR PROPOSALS. EACH FIRM SELECTED FOR PARTICIPATION IN PHASE II WILL THEN SUBMIT A DESIGN-BUILD TECHNICAL PROPOSAL, THE REMAINDER OF THE PERFORMANCE CAPABILITY PROPOSAL AND PRICE PROPOSAL. IGF::OT::IGF",AG-3K25-S-17-0003,1,CL,CLOSELY ASSOCIATED,Y1DB,CONSTRUCTION OF LABORATORIES AND CLINICS,H,NOT BUNDLED,,,236220,COMMERCIAL AND INSTITUTIONAL BUILDING CONSTRUCTION,E,BIO-BASED,A,U.S. OWNED BUSINESS,,,,,E,NOT REQUIRED,USA,UNITED STATES,C,NOT A MANUFACTURED END PRODUCT,F,INDIVIDUAL SUBCONTRACT PLAN,A,FULL AND OPEN COMPETITION,TS,TWO STEP,NONE,NO SET ASIDE USED.,NONE,NO PREFERENCE USED,,,,,,,4,D,COMMERCIAL PRODUCTS/SERVICES PROCEDURES NOT USED,f,N,NO,N,NO,Y,YES,N,NO,0.00,Y,YES,X,NOT APPLICABLE,X,NOT APPLICABLE,Y,YES,X,NOT APPLICABLE,,,,,,,,,,N,NO,X,NOT APPLICABLE EXEMPT FROM CAS,N,N,,,D,NOT CONSOLIDATED,N,NO - SERVICE WHERE PBA IS NOT USED.,Y,YES,,,N,NO,X,NOT APPLICABLE,f,f,f,f,f,f,f,f,f,f,f,f,f,f,f,f,f,f,f,OTHER THAN SMALL BUSINESS,O,f,f,f,f,f,f,f,f,f,f,f,f,f,f,f,f,f,CORPORATE NOT TAX EXEMPT,t,f,f,f,f,f,f,f,f,f,f,f,f,f,f,f,f,t,f,f,f,f,f,f,f,f,f,f,t,f,f,f,f,f,f,f,f,f,f,f,f,f,f,f,f,f,f,f,f,f,,,,,,,,,,,https://www.usaspending.gov/award/CONT_AWD_AG3K25C170001_12H2_-NONE-_-NONE-/,2025-12-05
CONT_AWD_CV02_9700_W9127816D0033_9700,CV02,9700,DEPT OF DEFENSE,W9127816D0033,,,,,,38827594.64,,38827594.64,38827594.64,2016-09-29,2016,2025-02-26,2025,2016-09-29,2025-03-12,2025-03-12 00:00:00,,,097,Department of Defense,2100,Department of the Army,W912HN,W074 ENDIST SAVANNAH,097,Department of Defense,2100,Department of the Army,W912HN,W074 ENDIST SAVANNAH,,,,,X,NOT APPLICABLE,,,NMJMACJ2KNT6,,LEEBCOR SERVICES LLC,"LEEBCOR SERVICES, LLC",,52EJ9,NMJMACJ2KNT6,,LEEBCOR SERVICES LLC,LEEBCOR SERVICES LLC,USA,UNITED STATES,"430 MCLAWS CIRCLE, SUITE 201",,WILLIAMSBURG,51095,JAMES CITY,51,VA,VIRGINIA,231850000,VA-01,VA-01,7572205577,7575650416,USA,UNITED STATES,FORT BENNING,13215,MUSCOGEE,13,GA,GEORGIA,319059598,GA-02,GA-02,AWARD,C,DELIVERY ORDER,,,,,,,J,FIRM FIXED PRICE,IGF::OT::IGF BLDG 3105 TBUP,,1,OT,OTHER FUNCTIONS,Z2FC,REPAIR OR ALTERATION OF TROOP HOUSING FACILITIES,D,NOT A BUNDLED REQUIREMENT,C2,CONSTRUCTION,236220,COMMERCIAL AND INSTITUTIONAL BUILDING CONSTRUCTION,C,NO CLAUSES INCLUDED AND NO SUSTAINABILITY INCLUDED,A,U.S. OWNED BUSINESS,000,NONE,Z,NOT IT PRODUCTS OR SERVICES,A,MEETS REQUIREMENTS,USA,UNITED STATES,C,NOT A MANUFACTURED END PRODUCT,,,D,FULL AND OPEN COMPETITION AFTER EXCLUSION OF SOURCES,MAFO,SUBJECT TO MULTIPLE AWARD FAIR OPPORTUNITY,SBP,SMALL BUSINESS SET ASIDE - PARTIAL,NONE,NO PREFERENCE USED,,,CSA,COMPETITIVE SET ASIDE,,,2,D,COMMERCIAL PRODUCTS/SERVICES PROCEDURES NOT USED,f,N,NO,N,NO,Y,YES,N,NO,,N,NO,N,NO,N,NO,Y,YES,X,NOT APPLICABLE,,,B,IDC,M,MULTIPLE AWARD,,,,N,NO,,,N,N,N,NO,N,NO,N,NO - SERVICE WHERE PBA IS NOT USED.,N,NO,A,FAR 52.232-16 PROGRESS PAYMENTS,N,NO,X,NOT APPLICABLE,f,f,f,f,f,t,t,f,f,f,f,f,f,f,f,f,f,f,f,SMALL BUSINESS,S,f,f,f,f,f,f,f,f,f,f,f,f,f,f,f,f,f,CORPORATE NOT TAX EXEMPT,t,f,f,f,f,f,f,f,f,f,f,f,f,f,f,f,f,t,f,f,f,f,f,f,f,f,t,f,t,f,f,f,f,f,f,f,f,f,f,f,f,f,f,f,f,f,f,f,f,f,JOHN E KARAFA,90000.00,WILLIAM  SORRENTINO,325000.00,WILLIAM  KAY,219600.00,ROBERT  BIVENS,215000.00,JENNIFER  ELLIS,100000.00,https://www.usaspending.gov/award/CONT_AWD_CV02_9700_W9127816D0033_9700/,2025-02-26
CONT_AWD_DACA6301C0009_9700_-NONE-_-NONE-,DACA6301C0009,,,,N: Emergency P.L. 116-136;Q: Not Designated Nonemergency/Emergency/Disaster/Wildfire Suppression,0,85122.04,,,84890339.08,706000.00,34702244.14,34702244.14,2001-09-27,2001,2025-09-30,2025,2001-09-27,2051-09-26,2051-09-26 00:00:00,,,097,Department of Defense,2100,Department of the Army,W911SF,W6QM MICC-FT BENNING,097,Department of Defense,2100,Department of the Army,W909H3,W6CR USAG FT BENNING,021-2014/2014-2020-000;021-2015/2015-2020-000;021-2016/2016-2020-000;021-2017/2017-2020-000;021-2018/2018-2020-000;021-2019/2019-2020-000;021-2020/2020-2020-000;021-2021/2021-2020-000;021-2022/2022-2020-000;021-2023/2023-2020-000;021-2024/2024-2020-000;021-2025/2025-2020-000,021-2020,"23.3: Communications, utilities, and miscellaneous charges;25.4: Operation and maintenance of facilities",0004: ADMINISTRATION AND SERVICE-WIDE ACTIVITIES;0004: ADMINISTRATION & SERVICEWIDE ACTIVITIES;0801: REIMBURSABLE;OPTN: FIELD IS OPTIONAL PRIOR TO FY21,X,NOT APPLICABLE,,,J2PGN1YQH4P5,,LIBERTY UTILITIES (PEACH STATE NATURAL GAS) CORP.,LIBERTY UTILITIES (PEACH STATE NATURAL GAS) CORP.,,6U2K5,J2PGN1YQH4P5,,LIBERTY UTILITIES (PEACH STATE NATURAL GAS) CORP.,LIBERTY UTILITIES CO.,USA,UNITED STATES,12725 W INDIAN SCHOOL RD,,AVONDALE,04013,MARICOPA,04,AZ,ARIZONA,853929520,AZ-02,AZ-07,9054654456,9054654514,USA,UNITED STATES,FORT BENNING,13053,CHATTAHOOCHEE,13,GA,GEORGIA,319051339,GA-02,GA-02,AWARD,D,DEFINITIVE CONTRACT,,,,,,,J,FIRM FIXED PRICE,"200112!001282!2100!CA63  !USA ENGINEER DISTRICT,FORT WORTH!DACA6301C0009  !A!N!*!N!                   !20010927!20020930!042723650!042723650!108203241!N!ATMOS ENERGY CORPORATION      !2300 VICTORY DRIVE        !COLUMBUS            !GA!31901!30760!215!13!FORT BENNING        !MUSCOGEE              !GEORGIA   !+000000500000!N!N!000000000000!S111!GAS SERVICES                                      !S1 !SERVICES                      !1000!NOT DISCERNABLE OR CLASSIFIED !221210!*!*!3! ! ! !*!*!*!B!*!*!A! !A !N!J!2!001!B!  !Z!N!Z!  !  !N!C!N! ! ! !C!C!A!A!000!A!A!N! ! ! ! !    !      !0001!",,1,,,S111,UTILITIES- GAS,D,NOT A BUNDLED REQUIREMENT,S1,SERVICES,221210,NATURAL GAS DISTRIBUTION,C,NO CLAUSES INCLUDED AND NO SUSTAINABILITY INCLUDED,A,U.S. OWNED BUSINESS,000,NONE,,,E,NOT REQUIRED,USA,UNITED STATES,C,NOT A MANUFACTURED END PRODUCT,A,PLAN NOT INCLUDED - NO SUBCONTRACTING POSSIBILITIES,A,FULL AND OPEN COMPETITION,,,NONE,NO SET ASIDE USED.,,,,,,,,,1,D,COMMERCIAL PRODUCTS/SERVICES PROCEDURES NOT USED,f,N,NO,N,NO,Y,YES,,,0.00,N,NO,X,NOT APPLICABLE,N,NO,X,NOT APPLICABLE,X,NOT APPLICABLE,,,,,,,,,,N,NO,X,NOT APPLICABLE EXEMPT FROM CAS,N,N,N,NO,N,NO,N,NO - SERVICE WHERE PBA IS NOT USED.,N,NO,Z,NOT APPLICABLE,N,NO,X,NOT APPLICABLE,f,f,f,f,f,f,f,f,f,f,f,f,f,f,f,f,f,f,f,SMALL BUSINESS,S,f,f,f,f,f,f,f,f,f,f,f,f,f,f,f,f,f,CORPORATE NOT TAX EXEMPT,t,f,f,f,f,f,f,f,f,f,f,f,f,f,f,f,f,t,f,f,f,f,f,f,f,f,f,f,t,f,f,f,f,f,f,f,f,f,f,f,f,f,f,f,f,f,f,f,f,f,,,,,,,,,,,https://www.usaspending.gov/award/CONT_AWD_DACA6301C0009_9700_-NONE-_-NONE-/,2025-09-30
CONT_AWD_DJJODT8C0005_1501_-NONE-_-NONE-,DJJODT8C0005,,,,Q: Not Designated Nonemergency/Emergency/Disaster/Wildfire Suppression,,,,,540793502.11,58347671.98,559933698.21,789915388.00,2008-01-09,2008,2025-12-19,2026,2008-01-09,2028-02-19,2028-02-19 00:00:00,,,015,Department of Justice,1544,U.S. Marshals Service,15M400,"U.S. DEPT OF JUSTICE, USMS",015,Department of Justice,1544,U.S. Marshals Service,15M019,"U.S DEPT OF JUSTICE, USM, N/GA",015-X-1020-000,015-1020,25.2: Other services from non-Federal sources;25.4: Operation and maintenance of facilities;25.8: Subsistence and support of persons,0001: FEDERAL PRISONER DETENTION;0001: USMS FEDERAL PRISONER DETENTION - DETENTION SERVICES,X,NOT APPLICABLE,,,JMLKZZ1NL2Z6,,"THE GEO GROUP, INC.",THE GEO GROUP INCORPORATED,GEO,3JMR1,JMLKZZ1NL2Z6,,"THE GEO GROUP, INC.",THE GEO GROUP INC,USA,UNITED STATES,621 NW 53RD ST STE 700,,BOCA RATON,12099,PALM BEACH,12,FL,FLORIDA,334878242,FL-23,FL-23,,,USA,UNITED STATES,AVONDALE ESTATES,13089,DEKALB,13,GA,GEORGIA,300020004,GA-05,GA-05,AWARD,D,DEFINITIVE CONTRACT,,,,,,,J,FIRM FIXED PRICE,DETENTION SERVICES,,1,,,R499,SUPPORT- PROFESSIONAL: OTHER,D,NOT A BUNDLED REQUIREMENT,,,922190,"OTHER JUSTICE, PUBLIC ORDER, AND SAFETY ACTIVITIES",C,NO CLAUSES INCLUDED AND NO SUSTAINABILITY INCLUDED,,,,,,,E,NOT REQUIRED,USA,UNITED STATES,,,C,PLAN REQUIRED - INCENTIVE NOT INCLUDED,A,FULL AND OPEN COMPETITION,NP,NEGOTIATED PROPOSAL/QUOTE,NONE,NO SET ASIDE USED.,NONE,NO PREFERENCE USED,,,,,,,1,D,COMMERCIAL PRODUCTS/SERVICES PROCEDURES NOT USED,f,N,NO,N,NO,X,NOT APPLICABLE,,,0.00,N,NO,X,NOT APPLICABLE,Y,YES,X,NOT APPLICABLE,X,NOT APPLICABLE,,,,,,,,,,,,X,NOT APPLICABLE EXEMPT FROM CAS,N,N,,,N,NO,Y,YES - SERVICE WHERE PBA IS USED.,N,NO,,,N,NO,X,NOT APPLICABLE,f,f,f,f,f,f,f,f,f,f,f,f,f,f,f,f,f,f,f,OTHER THAN SMALL BUSINESS,O,f,f,f,f,f,f,f,f,f,f,f,f,f,f,f,f,f,,f,f,f,f,f,f,f,f,f,f,f,f,f,f,f,f,f,f,f,f,f,f,f,f,f,f,f,f,f,f,f,f,f,f,f,f,f,f,f,f,f,f,f,f,f,f,f,f,f,f,,,,,,,,,,,https://www.usaspending.gov/award/CONT_AWD_DJJODT8C0005_1501_-NONE-_-NONE-/,2025-12-22
CONT_AWD_FA805124F0071_9700_FA805120D0003_9700,FA805124F0071,9700,DEPT OF DEFENSE,FA805120D0003,Q: Not Designated Nonemergency/Emergency/Disaster/Wildfire Suppression,,,,,202152509.64,0.00,202152509.64,202152509.64,2024-09-29,2024,2025-09-23,2025,2024-09-30,2026-09-30,2026-09-30 00:00:00,,2024-09-27,097,Department of Defense,5700,Department of the Air Force,FA8051,FA8051  772 ESS PKD,097,Department of Defense,5700,Department of the Air Force,F2MUAA,AFCEC CTN,057-2025/2025-3400-000;057-2025/2025-3740-000;097-2025/2025-0130-000,057-3400;057-3740;097-0130,26.0: Supplies and materials;32.0: Land and structures,0000: N/A;0001: OPERATING FORCES;0001: OPERATION AND MAINTENANCE;0004: ADMINISTRATION AND SERVICE-WIDE ACTIVITIES,X,NOT APPLICABLE,,,ST9GNLFDLXV5,,"ECC INTERNATIONAL, LLC","ECC INTERNATIONAL, LLC",,4Y4J6,ST9GNLFDLXV5,,"ECC INTERNATIONAL, LLC",ECC INTERNATIONAL  LLC,USA,UNITED STATES,4433 CORPORATION LN STE 200,,VIRGINIA BEACH,51810,VIRGINIA BEACH (CITY),51,VA,VIRGINIA,234623352,VA-03,VA-02,7574965622,7574125623,USA,UNITED STATES,MOODY AFB,13185,LOWNDES,13,GA,GEORGIA,316991725,GA-08,GA-08,AWARD,C,DELIVERY ORDER,,,,,,,U,COST PLUS FIXED FEE,AFCAP HURRICANE HELENE RECOVERY,,1,OT,OTHER FUNCTIONS,S216,HOUSEKEEPING- FACILITIES OPERATIONS SUPPORT,H,NOT BUNDLED,,,561210,FACILITIES SUPPORT SERVICES,C,NO CLAUSES INCLUDED AND NO SUSTAINABILITY INCLUDED,A,U.S. OWNED BUSINESS,000,NONE,Z,NOT IT PRODUCTS OR SERVICES,E,NOT REQUIRED,USA,UNITED STATES,C,NOT A MANUFACTURED END PRODUCT,F,INDIVIDUAL SUBCONTRACT PLAN,A,FULL AND OPEN COMPETITION,MAFO,SUBJECT TO MULTIPLE AWARD FAIR OPPORTUNITY,,,NONE,NO PREFERENCE USED,,,URG,URGENCY,,,1,D,COMMERCIAL PRODUCTS/SERVICES PROCEDURES NOT USED,f,N,NO,N,NO,Y,YES,N,NO,,N,NO,Y,YES,Y,YES,Y,YES,X,NOT APPLICABLE,,,B,IDC,M,MULTIPLE AWARD,,,,N,NO,Y,YES - CAS CLAUSE INCLUDED,N,N,,,D,NOT CONSOLIDATED,Y,YES - SERVICE WHERE PBA IS USED.,Y,YES,Z,NOT APPLICABLE,N,NO,X,NOT APPLICABLE,f,f,f,f,f,f,f,f,f,f,f,f,f,f,f,f,f,f,f,OTHER THAN SMALL BUSINESS,O,f,f,f,f,f,f,f,f,f,f,f,f,f,f,f,f,f,CORPORATE NOT TAX EXEMPT,t,f,f,f,f,f,f,f,f,f,f,f,f,f,f,f,f,t,f,f,f,f,f,f,f,f,t,f,t,f,f,f,f,f,f,f,f,f,f,f,f,f,f,f,f,f,f,f,f,f,,,,,,,,,,,https://www.usaspending.gov/award/CONT_AWD_FA805124F0071_9700_FA805120D0003_9700/,2025-09-23
CONT_AWD_FA807517F1391_9700_FA807514D0018_9700,FA807517F1391,9700,DEPT OF DEFENSE,FA807514D0018,E: Emergency P.L. 116-20;N: Emergency P.L. 116-136;Q: Not Designated Nonemergency/Emergency/Disaster/Wildfire Suppression,,19840.00,,,46150388.99,2128324.24,48499779.00,48499779.00,2017-04-06,2017,2025-09-22,2025,2017-04-06,2022-04-09,2022-04-09 00:00:00,,,097,Department of Defense,5700,Department of the Air Force,FA8075,FA8075  774 ESS,097,Department of Defense,5700,Department of the Air Force,F9K8AT,162 FW AATC CORMIER,057-2017/2018-3600-000;057-2018/2018-3840-000;057-2018/2019-3600-000;057-2019/2019-3400-000;057-2019/2019-3740-000;057-2019/2019-3840-000;057-2020/2020-3840-000;097-2016/2017-0400-000;097-2016/2018-0350-000;097-2017/2018-0400-000;097-2018/2019-0400-000;097-2018/2020-0350-000;097-2019/2021-0350-000,057-3400;057-3600;057-3740;057-3840;097-0350;097-0400,25.2: Other services from non-Federal sources;25.5: Research and development contracts;25.7: Operation and maintenance of equipment;31.0: Equipment,0001: BASIC RESEARCH;0001: OPERATING FORCES;0001: RESERVE EQUIPMENT;0002: NATIONAL GUARD EQUIPMENT;0801: REIMBURSABLE;OPTN: FIELD IS OPTIONAL PRIOR TO FY21,X,NOT APPLICABLE,,,L3G5SBQ2PLK5,,GEORGIA TECH APPLIED RESEARCH CORP,GEORGIA TECH APPLIED RESEARCH CORPORATION,,1FEZ4,L3G5SBQ2PLK5,,GEORGIA TECH APPLIED RESEARCH CORP,GEORGIA TECH RESEARCH CORPORATION,USA,UNITED STATES,505 10TH ST,,ATLANTA,13121,FULTON,13,GA,GEORGIA,303185775,GA-05,GA-05,4048946945,4043852081,USA,UNITED STATES,ATLANTA,13121,FULTON,13,GA,GEORGIA,303185775,GA-05,GA-05,AWARD,C,DELIVERY ORDER,,,,,,,U,COST PLUS FIXED FEE,"IGF::OT::IGF    SYSTEM ENGINEERING FOR AVIONICS AND ELECTRONIC WARFARE SUSTAINMENT AND MODERNIZATION, AIR NATIONAL GUARD AIR FORCE RESERVE COMMAND TEST CENTER",FA807513R0001,1,OT,OTHER FUNCTIONS,AZ12,R&D- OTHER RESEARCH AND DEVELOPMENT (APPLIED RESEARCH/EXPLORATORY DEVELOPMENT),H,NOT BUNDLED,S1,SERVICES,541712,"RESEARCH AND DEVELOPMENT IN THE PHYSICAL, ENGINEERING, AND LIFE SCIENCES (EXCEPT BIOTECHNOLOGY)",C,NO CLAUSES INCLUDED AND NO SUSTAINABILITY INCLUDED,A,U.S. OWNED BUSINESS,000,NONE,Z,NOT IT PRODUCTS OR SERVICES,E,NOT REQUIRED,USA,UNITED STATES,C,NOT A MANUFACTURED END PRODUCT,C,PLAN REQUIRED - INCENTIVE NOT INCLUDED,A,FULL AND OPEN COMPETITION,MAFO,SUBJECT TO MULTIPLE AWARD FAIR OPPORTUNITY,,,NONE,NO PREFERENCE USED,,,FAIR,FAIR OPPORTUNITY GIVEN,,,1,D,COMMERCIAL PRODUCTS/SERVICES PROCEDURES NOT USED,f,N,NO,N,NO,X,NOT APPLICABLE,N,NO,,N,NO,Y,YES,N,NO,N,NO,X,NOT APPLICABLE,,,B,IDC,M,MULTIPLE AWARD,,,,N,NO,,,N,N,U,UNKNOWN,N,NO,Y,YES - SERVICE WHERE PBA IS USED.,N,NO,Z,NOT APPLICABLE,N,NO,X,NOT APPLICABLE,f,f,f,f,f,f,f,f,f,f,f,f,f,f,f,f,f,f,f,OTHER THAN SMALL BUSINESS,O,f,f,f,f,f,f,f,f,f,f,f,f,f,f,f,f,f,CORPORATE TAX EXEMPT,f,t,f,f,f,f,f,f,f,t,f,f,f,f,f,f,f,t,f,f,f,f,f,f,f,f,f,f,f,t,f,f,f,t,f,f,f,f,f,f,f,f,f,f,f,f,f,f,f,f,,,,,,,,,,,https://www.usaspending.gov/award/CONT_AWD_FA807517F1391_9700_FA807514D0018_9700/,2025-09-22
CONT_AWD_FA807518F1517_9700_FA807514D0025_9700,FA807518F1517,9700,DEPT OF DEFENSE,FA807514D0025,E: Emergency P.L. 116-20;N: Emergency P.L. 116-136;Q: Not Designated Nonemergency/Emergency/Disaster/Wildfire Suppression,164843.05,898919.16,,,31414164.78,994050.87,34163960.00,34163960.00,2018-01-26,2018,2025-09-22,2025,2018-01-26,2022-06-21,2022-06-21 00:00:00,,,097,Department of Defense,5700,Department of the Air Force,FA8075,FA8075  774 ESS,097,Department of Defense,5700,Department of the Air Force,F4FDBM,F4FDBM AFLCMC EN_EZ,017-2017/2018-1319-000;017-2018/2018-1106-000;017-2018/2019-1319-000;017-2018/2020-1506-000;017-2019/2019-1106-000;017-2019/2019-1804-000;017-2019/2020-1319-000;017-2019/2021-1506-000;017-2020/2020-1106-000;017-2020/2020-1804-000;017-2020/2021-1319-000;017-2020/2022-1506-000;017-2020/2022-1810-000;017-2021/2021-1804-000;021-2017/2019-2031-000;021-2018/2019-2040-000;021-2018/2020-2031-000;021-2019/2020-2040-000;021-2019/2021-2031-000;021-2019/2021-2032-000;021-2020/2020-2020-000;021-2020/2021-2040-000;021-2020/2022-2031-000;021-2021/2022-2040-000;057-2016/2018-3080-000;057-2017/2018-3600-000;057-2018/2018-3400-000;057-2018/2018-3840-000;057-2018/2019-3600-000;057-2018/2020-3010-000;057-2018/2020-3080-000;057-2019/2019-3400-000;057-2019/2020-3600-000;057-2020/2020-3400-000;057-2020/2021-3600-000;057-2021/2022-3600-000;097-2017/2018-0400-000;097-2018/2019-0400-000;097-2019/2019-0100-000;097-2019/2020-0400-000;097-2020/2021-0400-000;097-2021/2022-0400-000,017-1106;017-1319;017-1506;017-1804;017-1810;021-2020;021-2031;021-2032;021-2040;057-3010;057-3080;057-3400;057-3600;057-3840;097-0100;097-0400,"23.3: Communications, utilities, and miscellaneous charges;25.1: Advisory and assistance services;25.2: Other services from non-Federal sources;25.3: Other goods and services from Federal sources;25.5: Research and development contracts;25.7: Operation and maintenance of equipment;31.0: Equipment",0001: AIRCRAFT;0001: BASIC RESEARCH;0001: COMBAT AIRCRAFT;0001: OPERATING FORCES;0001: SUPPORT VEHICLES AND EQUIPMENT;0002: APPLIED RESEARCH;0002: SUPPORT VEHICLES AND EQUIPMENT;0004: ADMIN & SRVWD ACTIVITIES;0004: SUPPORT EQUIPMENT AND FACILITIES;0004: SUPPORT EQUIPMENT & FACILITIES;0005: MODIFICATION OF AIRCRAFT;0007: OPERATIONAL SYSTEM DEVELOPMENT;0007: OPERATIONAL SYSTEMS DEVELOPMENT;0008: SOFTWARE AND DIGITAL TECHNOLOGY PILOT PROGRAMS;0009: N/A;0020: UNDISTRIBUTED;0801: REIMBURSABLE;OPTN: FIELD IS OPTIONAL PRIOR TO FY21,X,NOT APPLICABLE,,,L693MQDFLKD1,,"KBR WYLE SERVICES, LLC","KBR WYLE SERVICES, LLC",,9N030,TGPKTMN8YL31,,"BROWN & ROOT INDUSTRIAL SERVICES HOLDINGS, LLC",KBR WYLE SERVICES  LLC,USA,UNITED STATES,22309 EXPLORATION DR,,LEXINGTON PARK,24037,ST. MARY'S,24,MD,MARYLAND,206532013,MD-05,MD-05,4109647767,,USA,UNITED STATES,WARNER ROBINS,13153,HOUSTON,13,GA,GEORGIA,310982241,GA-02,GA-02,AWARD,C,DELIVERY ORDER,,,,,,,U,COST PLUS FIXED FEE,AERONAUTICAL SYSTEMS PRODUCTS SUPPORT FOR  AIR FORCE LIFE CYCLE MANAGEMENT CENTER ENGINEERING COMMUNICATION AND NETWORK BRANCH (AFLCMC/EZAC),FA807513R0001,1,OT,OTHER FUNCTIONS,AZ12,R&D- OTHER RESEARCH AND DEVELOPMENT (APPLIED RESEARCH/EXPLORATORY DEVELOPMENT),H,NOT BUNDLED,S1,SERVICES,541712,"RESEARCH AND DEVELOPMENT IN THE PHYSICAL, ENGINEERING, AND LIFE SCIENCES (EXCEPT BIOTECHNOLOGY)",C,NO CLAUSES INCLUDED AND NO SUSTAINABILITY INCLUDED,A,U.S. OWNED BUSINESS,000,NONE,Z,NOT IT PRODUCTS OR SERVICES,E,NOT REQUIRED,USA,UNITED STATES,C,NOT A MANUFACTURED END PRODUCT,C,PLAN REQUIRED - INCENTIVE NOT INCLUDED,A,FULL AND OPEN COMPETITION,MAFO,SUBJECT TO MULTIPLE AWARD FAIR OPPORTUNITY,,,NONE,NO PREFERENCE USED,,,FAIR,FAIR OPPORTUNITY GIVEN,,,1,D,COMMERCIAL PRODUCTS/SERVICES PROCEDURES NOT USED,f,N,NO,N,NO,X,NOT APPLICABLE,N,NO,,N,NO,Y,YES,N,NO,N,NO,X,NOT APPLICABLE,,,B,IDC,M,MULTIPLE AWARD,,,,N,NO,,,N,N,U,UNKNOWN,D,NOT CONSOLIDATED,Y,YES - SERVICE WHERE PBA IS USED.,N,NO,Z,NOT APPLICABLE,N,NO,X,NOT APPLICABLE,f,f,f,f,f,f,f,f,f,f,f,f,f,f,f,f,f,f,f,OTHER THAN SMALL BUSINESS,O,f,f,f,f,f,f,f,f,f,f,f,f,f,f,f,f,f,CORPORATE NOT TAX EXEMPT,t,f,f,f,f,f,f,f,f,f,f,f,f,f,f,f,f,t,f,f,f,f,f,f,f,f,f,f,t,f,f,f,f,f,f,f,f,f,f,f,f,f,f,f,f,f,f,f,f,f,MARK  SOPP,3619179.00,WILLIAM  BRIGHT,3107183.00,SONIA  GALINDO,2725022.00,TODD  MAY,1118568.00,MARK  KAVANUGH,927840.00,https://www.usaspending.gov/award/CONT_AWD_FA807518F1517_9700_FA807514D0025_9700/,2025-09-22
CONT_AWD_FA807521F0034_9700_FA807518D0015_9700,FA807521F0034,9700,DEPT OF DEFENSE,FA807518D0015,Q: Not Designated Nonemergency/Emergency/Disaster/Wildfire Suppression,,,,,81868761.76,0.00,91831967.00,91831967.00,2021-03-01,2021,2025-08-07,2025,2021-03-02,2026-03-02,2026-03-02 00:00:00,,2020-08-13,097,Department of Defense,5700,Department of the Air Force,FA8075,FA8075  774 ESS,097,Department of Defense,5700,Department of the Air Force,F3QCAB,F3QCAB AFLCMC HBC,097-X-4930-005,097-4930,25.2: Other services from non-Federal sources,0801: REIMBURSABLE,X,NOT APPLICABLE,,,L693MQDFLKD1,,"KBR WYLE SERVICES, LLC","KBR WYLE SERVICES, LLC",,9N030,TGPKTMN8YL31,,"BROWN & ROOT INDUSTRIAL SERVICES HOLDINGS, LLC",KBR WYLE SERVICES  LLC,USA,UNITED STATES,22309 EXPLORATION DR,,LEXINGTON PARK,24037,ST. MARY'S,24,MD,MARYLAND,206532013,MD-05,MD-05,4109647767,,USA,UNITED STATES,WARNER ROBINS,13153,HOUSTON,13,GA,GEORGIA,310981027,GA-02,GA-02,AWARD,C,DELIVERY ORDER,,,,,,,U,COST PLUS FIXED FEE,AVIONIC PRODUCT AND LIFE CYCLE ANALYSIS,,1,OT,OTHER FUNCTIONS,AC32,NATIONAL DEFENSE R&D SERVICES; DEFENSE-RELATED ACTIVITIES; APPLIED RESEARCH,H,NOT BUNDLED,S1,SERVICES,541715,"RESEARCH AND DEVELOPMENT IN THE PHYSICAL, ENGINEERING, AND LIFE SCIENCES (EXCEPT NANOTECHNOLOGY AND BIOTECHNOLOGY)",C,NO CLAUSES INCLUDED AND NO SUSTAINABILITY INCLUDED,A,U.S. OWNED BUSINESS,000,NONE,Z,NOT IT PRODUCTS OR SERVICES,E,NOT REQUIRED,USA,UNITED STATES,C,NOT A MANUFACTURED END PRODUCT,F,INDIVIDUAL SUBCONTRACT PLAN,A,FULL AND OPEN COMPETITION,MAFO,SUBJECT TO MULTIPLE AWARD FAIR OPPORTUNITY,,,NONE,NO PREFERENCE USED,,,FAIR,FAIR OPPORTUNITY GIVEN,,,5,D,COMMERCIAL PRODUCTS/SERVICES PROCEDURES NOT USED,f,N,NO,N,NO,X,NOT APPLICABLE,N,NO,,N,NO,Y,YES,N,NO,N,NO,X,NOT APPLICABLE,,,B,IDC,M,MULTIPLE AWARD,,,,N,NO,,,Y,Y,U,UNKNOWN,D,NOT CONSOLIDATED,Y,YES - SERVICE WHERE PBA IS USED.,N,NO,Z,NOT APPLICABLE,N,NO,X,NOT APPLICABLE,f,f,f,f,f,f,f,f,f,f,f,f,f,f,f,f,f,f,f,OTHER THAN SMALL BUSINESS,O,f,f,f,f,f,f,f,f,f,f,f,f,f,f,f,f,f,CORPORATE NOT TAX EXEMPT,t,f,f,f,f,f,f,f,f,f,f,f,f,f,f,f,f,t,f,f,f,f,f,f,f,f,f,f,t,f,f,f,f,f,f,f,f,f,f,f,f,f,f,f,f,f,f,f,f,f,MARK  SOPP,3619179.00,WILLIAM  BRIGHT,3107183.00,SONIA  GALINDO,2725022.00,TODD  MAY,1118568.00,MARK  KAVANUGH,927840.00,https://www.usaspending.gov/award/CONT_AWD_FA807521F0034_9700_FA807518D0015_9700/,2025-12-10
CONT_AWD_FA807521F0037_9700_FA807518D0008_9700,FA807521F0037,9700,DEPT OF DEFENSE,FA807518D0008,Q: Not Designated Nonemergency/Emergency/Disaster/Wildfire Suppression,,,,,67458687.31,1867241.28,90825152.00,90825152.00,2021-07-08,2021,2025-09-15,2025,2021-07-09,2026-07-08,2026-07-08 00:00:00,,2021-01-19,097,Department of Defense,5700,Department of the Air Force,FA8075,FA8075  774 ESS,097,Department of Defense,1700,Department of the Navy,N61331,NAVAL SURFACE WARFARE CENTER,017-2023/2023-1804-000;017-2024/2024-1804-000;017-2025/2025-1804-000;057-2021/2023-3080-000;057-2022/2024-3080-000;057-2023/2023-3400-000;097-2021/2022-0400-000;097-2022/2023-0400-000,017-1804;057-3080;057-3400;097-0400,25.1: Advisory and assistance services;25.5: Research and development contracts;25.7: Operation and maintenance of equipment,0001: BASIC RESEARCH;0004: ADMINISTRATION AND SERVICE-WIDE ACTIVITIES;0004: OTHER BASE MAINTENANCE AND SUPPORT EQUIPMENT;0020: UNDISTRIBUTED;0801: REIMBURSABLE,X,NOT APPLICABLE,,,L3G5SBQ2PLK5,,GEORGIA TECH APPLIED RESEARCH CORP,GEORGIA TECH APPLIED RESEARCH CORPORATION,,1FEZ4,L3G5SBQ2PLK5,,GEORGIA TECH APPLIED RESEARCH CORP,GEORGIA TECH RESEARCH CORPORATION,USA,UNITED STATES,505 10TH ST,,ATLANTA,13121,FULTON,13,GA,GEORGIA,303185775,GA-05,GA-05,4048946934,4043852081,USA,UNITED STATES,ATLANTA,13121,FULTON,13,GA,GEORGIA,303180407,GA-06,GA-06,AWARD,C,DELIVERY ORDER,,,,,,,U,COST PLUS FIXED FEE,"COMMAND, CONTROL, COMMUNICATIONS, COMPUTERS, INTELLIGENCE, SURVEILLANCE, AND RECONNAISSANCE SYSTEMS ENGINEERING, DEVELOPMENT, AND INTEGRATION FOR NAVAL SURFACE WARFARE CENTER, PANAMA CITY DIVISION",,1,OT,OTHER FUNCTIONS,AC32,NATIONAL DEFENSE R&D SERVICES; DEFENSE-RELATED ACTIVITIES; APPLIED RESEARCH,H,NOT BUNDLED,S1,SERVICES,541715,"RESEARCH AND DEVELOPMENT IN THE PHYSICAL, ENGINEERING, AND LIFE SCIENCES (EXCEPT NANOTECHNOLOGY AND BIOTECHNOLOGY)",C,NO CLAUSES INCLUDED AND NO SUSTAINABILITY INCLUDED,A,U.S. OWNED BUSINESS,000,NONE,Z,NOT IT PRODUCTS OR SERVICES,A,MEETS REQUIREMENTS,USA,UNITED STATES,C,NOT A MANUFACTURED END PRODUCT,F,INDIVIDUAL SUBCONTRACT PLAN,A,FULL AND OPEN COMPETITION,MAFO,SUBJECT TO MULTIPLE AWARD FAIR OPPORTUNITY,,,NONE,NO PREFERENCE USED,,,FAIR,FAIR OPPORTUNITY GIVEN,,,1,D,COMMERCIAL PRODUCTS/SERVICES PROCEDURES NOT USED,f,N,NO,N,NO,X,NOT APPLICABLE,N,NO,,N,NO,Y,YES,N,NO,N,NO,X,NOT APPLICABLE,,,B,IDC,M,MULTIPLE AWARD,,,,N,NO,,,N,N,U,UNKNOWN,D,NOT CONSOLIDATED,Y,YES - SERVICE WHERE PBA IS USED.,N,NO,Z,NOT APPLICABLE,N,NO,X,NOT APPLICABLE,f,f,f,f,f,f,f,f,f,f,f,f,f,f,f,f,f,f,f,OTHER THAN SMALL BUSINESS,O,f,f,f,f,f,f,f,f,f,f,f,f,f,f,f,f,f,CORPORATE TAX EXEMPT,f,t,f,f,f,f,f,f,f,t,f,f,f,f,f,f,f,t,f,f,f,f,f,f,f,f,f,f,f,t,f,f,f,t,f,f,f,f,f,f,f,f,f,f,f,f,f,f,f,f,,,,,,,,,,,https://www.usaspending.gov/award/CONT_AWD_FA807521F0037_9700_FA807518D0008_9700/,2025-09-15
CONT_AWD_FA807521F0053_9700_FA807518D0002_9700,FA807521F0053,9700,DEPT OF DEFENSE,FA807518D0002,Q: Not Designated Nonemergency/Emergency/Disaster/Wildfire Suppression,,,,,64263628.00,82927.39,64263628.00,64263628.00,2021-05-20,2021,2025-09-16,2025,2021-05-20,2026-05-24,2026-05-24 00:00:00,,2020-10-15,097,Department of Defense,5700,Department of the Air Force,FA8075,FA8075  774 ESS,097,Department of Defense,5700,Department of the Air Force,F3QCCS,F3QCCS AFLCMC WLS,097-2020/2021-0400-000;097-2021/2022-0400-000;097-2022/2023-0400-000,097-0400,25.5: Research and development contracts,0001: BASIC RESEARCH;0801: REIMBURSABLE,X,NOT APPLICABLE,,,GS7HBMNZEMK3,,HII MISSION TECHNOLOGIES CORP,ALION SCIENCE AND TECHNOLOGY CORPORATION,,3BM47,F9SDJAZFTLG6,,"HUNTINGTON INGALLS INDUSTRIES, INC",HII MISSION TECHNOLOGIES CORP,USA,UNITED STATES,4021 EXECUTIVE DR,,BEAVERCREEK,39057,GREENE,39,OH,OHIO,454301062,OH-06,OH-10,7035432979,,USA,UNITED STATES,WARNER ROBINS,13153,HOUSTON,13,GA,GEORGIA,310981670,GA-02,GA-02,AWARD,C,DELIVERY ORDER,,,,,,,U,COST PLUS FIXED FEE,"C-5M SUPER GALAXY RELIABILITY, INTEGRITY, MAINTAINABILITY, AND ENGINEERING FOR THE AIR FORCE LIFE CYCLE MANAGEMENT CENTER",,1,OT,OTHER FUNCTIONS,AC32,NATIONAL DEFENSE R&D SERVICES; DEFENSE-RELATED ACTIVITIES; APPLIED RESEARCH,H,NOT BUNDLED,S1,SERVICES,541715,"RESEARCH AND DEVELOPMENT IN THE PHYSICAL, ENGINEERING, AND LIFE SCIENCES (EXCEPT NANOTECHNOLOGY AND BIOTECHNOLOGY)",C,NO CLAUSES INCLUDED AND NO SUSTAINABILITY INCLUDED,A,U.S. OWNED BUSINESS,000,NONE,Z,NOT IT PRODUCTS OR SERVICES,A,MEETS REQUIREMENTS,USA,UNITED STATES,C,NOT A MANUFACTURED END PRODUCT,F,INDIVIDUAL SUBCONTRACT PLAN,A,FULL AND OPEN COMPETITION,MAFO,SUBJECT TO MULTIPLE AWARD FAIR OPPORTUNITY,,,NONE,NO PREFERENCE USED,,,FAIR,FAIR OPPORTUNITY GIVEN,,,2,D,COMMERCIAL PRODUCTS/SERVICES PROCEDURES NOT USED,f,N,NO,N,NO,X,NOT APPLICABLE,N,NO,,N,NO,Y,YES,N,NO,N,NO,X,NOT APPLICABLE,,,B,IDC,M,MULTIPLE AWARD,,,,N,NO,,,N,N,N,NO,D,NOT CONSOLIDATED,Y,YES - SERVICE WHERE PBA IS USED.,N,NO,Z,NOT APPLICABLE,N,NO,X,NOT APPLICABLE,f,f,f,f,f,f,f,f,f,f,f,f,f,f,f,f,f,f,f,OTHER THAN SMALL BUSINESS,O,f,f,f,f,f,f,f,f,f,f,f,f,f,f,f,f,f,CORPORATE NOT TAX EXEMPT,t,f,f,f,f,f,f,f,f,f,f,f,f,f,f,f,f,t,f,f,f,f,f,f,f,f,f,f,t,f,f,f,f,f,f,f,f,f,f,f,f,f,f,f,f,f,f,f,f,f,STEVEN  SCHORER,2055631.00,KEVIN  COOK,2194542.00,TODD  STRIRTZINGER,770475.00,ALAN  DIETRICH,769653.00,TODD  BORKEY,770572.00,https://www.usaspending.gov/award/CONT_AWD_FA807521F0053_9700_FA807518D0002_9700/,2025-09-16
CONT_AWD_FA807521F0060_9700_FA807518D0002_9700,FA807521F0060,9700,DEPT OF DEFENSE,FA807518D0002,Q: Not Designated Nonemergency/Emergency/Disaster/Wildfire Suppression,,,,,68457283.92,2533597.26,72655557.00,72655557.00,2021-06-03,2021,2025-08-15,2025,2021-06-07,2026-06-10,2026-06-10 00:00:00,,2020-12-17,097,Department of Defense,5700,Department of the Air Force,FA8075,FA8075  774 ESS,097,Department of Defense,2100,Department of the Army,W81UHH,W6DQ 01 PEO AVN,021-2020/2022-2031-000;021-2021/2023-2031-000;021-2022/2023-2040-000;021-2022/2024-2031-000;021-2023/2024-2040-000;021-2023/2025-2031-000;021-2024/2025-2040-000;021-2024/2026-2031-000;021-X-2031-000;097-2021/2022-0100-000;097-2022/2023-0100-000;097-2023/2024-0100-000;097-X-0360-000,021-2031;021-2040;097-0100;097-0360,25.1: Advisory and assistance services;25.2: Other services from non-Federal sources;25.3: Other goods and services from Federal sources;25.5: Research and development contracts,0001: N/A;0004: ADMINISTRATION AND SERVICE-WIDE ACTIVITIES;0004: SUPPORT EQUIPMENT AND FACILITIES;0007: OPERATIONAL SYSTEM DEVELOPMENT;0008: SOFTWARE AND DIGITAL TECHNOLOGY PILOT PROGRAMS;0020: UNDISTRIBUTED;0030: N/A,X,NOT APPLICABLE,,,GS7HBMNZEMK3,,HII MISSION TECHNOLOGIES CORP,ALION SCIENCE AND TECHNOLOGY CORPORATION,,3BM47,F9SDJAZFTLG6,,"HUNTINGTON INGALLS INDUSTRIES, INC",HII MISSION TECHNOLOGIES CORP,USA,UNITED STATES,4021 EXECUTIVE DR,,BEAVERCREEK,39057,GREENE,39,OH,OHIO,454301062,OH-06,OH-10,7035432979,,USA,UNITED STATES,WARNER ROBINS,13153,HOUSTON,13,GA,GEORGIA,310981670,GA-02,GA-02,AWARD,C,DELIVERY ORDER,,,,,,,U,COST PLUS FIXED FEE,"ENDURANCE UAS (EUAS), TACTICAL UAS (TUAS), SOLDIER UAS (SUAS), AND COMMAND CONTROL AND EFFECTS (C2E) FOR ARMY PROGRAM EXECUTIVE OFFICE (PEO) AVIATION (AVN), UNMANNED AIRCRAFT SYSTEMS PROJECT OFFICE (UASPO)",,1,OT,OTHER FUNCTIONS,AC32,NATIONAL DEFENSE R&D SERVICES; DEFENSE-RELATED ACTIVITIES; APPLIED RESEARCH,H,NOT BUNDLED,S1,SERVICES,541715,"RESEARCH AND DEVELOPMENT IN THE PHYSICAL, ENGINEERING, AND LIFE SCIENCES (EXCEPT NANOTECHNOLOGY AND BIOTECHNOLOGY)",C,NO CLAUSES INCLUDED AND NO SUSTAINABILITY INCLUDED,A,U.S. OWNED BUSINESS,000,NONE,Z,NOT IT PRODUCTS OR SERVICES,A,MEETS REQUIREMENTS,USA,UNITED STATES,C,NOT A MANUFACTURED END PRODUCT,F,INDIVIDUAL SUBCONTRACT PLAN,A,FULL AND OPEN COMPETITION,MAFO,SUBJECT TO MULTIPLE AWARD FAIR OPPORTUNITY,,,NONE,NO PREFERENCE USED,,,FAIR,FAIR OPPORTUNITY GIVEN,,,2,D,COMMERCIAL PRODUCTS/SERVICES PROCEDURES NOT USED,f,N,NO,N,NO,X,NOT APPLICABLE,N,NO,,N,NO,Y,YES,N,NO,N,NO,X,NOT APPLICABLE,,,B,IDC,M,MULTIPLE AWARD,,,,N,NO,,,N,N,N,NO,D,NOT CONSOLIDATED,Y,YES - SERVICE WHERE PBA IS USED.,N,NO,Z,NOT APPLICABLE,N,NO,X,NOT APPLICABLE,f,f,f,f,f,f,f,f,f,f,f,f,f,f,f,f,f,f,f,OTHER THAN SMALL BUSINESS,O,f,f,f,f,f,f,f,f,f,f,f,f,f,f,f,f,f,CORPORATE NOT TAX EXEMPT,t,f,f,f,f,f,f,f,f,f,f,f,f,f,f,f,f,t,f,f,f,f,f,f,f,f,f,f,t,f,f,f,f,f,f,f,f,f,f,f,f,f,f,f,f,f,f,f,f,f,STEVEN  SCHORER,2055631.00,KEVIN  COOK,2194542.00,TODD  STRIRTZINGER,770475.00,ALAN  DIETRICH,769653.00,TODD  BORKEY,770572.00,https://www.usaspending.gov/award/CONT_AWD_FA807521F0060_9700_FA807518D0002_9700/,2025-08-15
CONT_AWD_FA807521F0066_9700_FA807518D0015_9700,FA807521F0066,9700,DEPT OF DEFENSE,FA807518D0015,Q: Not Designated Nonemergency/Emergency/Disaster/Wildfire Suppression,,,,,50984814.26,297494.42,53514945.00,53514945.00,2021-06-16,2021,2025-09-24,2025,2021-06-16,2026-06-20,2026-06-20 00:00:00,,2021-02-08,097,Department of Defense,5700,Department of the Air Force,FA8075,FA8075  774 ESS,097,Department of Defense,5700,Department of the Air Force,F4FDBF,F4FDBF AFLCMC DS,057-2021/2022-3600-000;057-2023/2023-3400-000;097-2023/2024-0400-000;097-2024/2025-0400-000,057-3400;057-3600;097-0400,25.2: Other services from non-Federal sources;25.5: Research and development contracts;25.7: Operation and maintenance of equipment,0001: BASIC RESEARCH;0020: UNDISTRIBUTED;0099: N/A;009S: MISCELLANEOUS,X,NOT APPLICABLE,,,L693MQDFLKD1,,"KBR WYLE SERVICES, LLC","KBR WYLE SERVICES, LLC",,9N030,TGPKTMN8YL31,,"BROWN & ROOT INDUSTRIAL SERVICES HOLDINGS, LLC",KBR WYLE SERVICES  LLC,USA,UNITED STATES,22309 EXPLORATION DR,,LEXINGTON PARK,24037,ST. MARY'S,24,MD,MARYLAND,206532013,MD-05,MD-05,4109647767,,USA,UNITED STATES,WARNER ROBINS,13153,HOUSTON,13,GA,GEORGIA,310981670,GA-02,GA-02,AWARD,C,DELIVERY ORDER,,,,,,,U,COST PLUS FIXED FEE,"C-5M RELIABILITY, MAINTAINABILITY, QUALITY, SUPPORTABILITY, AND INTEROPERABILITY AND SUSTAINMENT ANALYSIS",,1,OT,OTHER FUNCTIONS,AC32,NATIONAL DEFENSE R&D SERVICES; DEFENSE-RELATED ACTIVITIES; APPLIED RESEARCH,H,NOT BUNDLED,S1,SERVICES,541715,"RESEARCH AND DEVELOPMENT IN THE PHYSICAL, ENGINEERING, AND LIFE SCIENCES (EXCEPT NANOTECHNOLOGY AND BIOTECHNOLOGY)",C,NO CLAUSES INCLUDED AND NO SUSTAINABILITY INCLUDED,A,U.S. OWNED BUSINESS,000,NONE,Z,NOT IT PRODUCTS OR SERVICES,E,NOT REQUIRED,USA,UNITED STATES,C,NOT A MANUFACTURED END PRODUCT,F,INDIVIDUAL SUBCONTRACT PLAN,A,FULL AND OPEN COMPETITION,MAFO,SUBJECT TO MULTIPLE AWARD FAIR OPPORTUNITY,,,NONE,NO PREFERENCE USED,,,FAIR,FAIR OPPORTUNITY GIVEN,,,3,D,COMMERCIAL PRODUCTS/SERVICES PROCEDURES NOT USED,f,N,NO,N,NO,X,NOT APPLICABLE,N,NO,,N,NO,Y,YES,N,NO,N,NO,X,NOT APPLICABLE,,,B,IDC,M,MULTIPLE AWARD,,,,N,NO,,,N,N,U,UNKNOWN,D,NOT CONSOLIDATED,Y,YES - SERVICE WHERE PBA IS USED.,N,NO,Z,NOT APPLICABLE,N,NO,X,NOT APPLICABLE,f,f,f,f,f,f,f,f,f,f,f,f,f,f,f,f,f,f,f,OTHER THAN SMALL BUSINESS,O,f,f,f,f,f,f,f,f,f,f,f,f,f,f,f,f,f,CORPORATE NOT TAX EXEMPT,t,f,f,f,f,f,f,f,f,f,f,f,f,f,f,f,f,t,f,f,f,f,f,f,f,f,f,f,t,f,f,f,f,f,f,f,f,f,f,f,f,f,f,f,f,f,f,f,f,f,MARK  SOPP,3619179.00,WILLIAM  BRIGHT,3107183.00,SONIA  GALINDO,2725022.00,TODD  MAY,1118568.00,MARK  KAVANUGH,927840.00,https://www.usaspending.gov/award/CONT_AWD_FA807521F0066_9700_FA807518D0015_9700/,2025-12-10
CONT_AWD_FA807521F0083_9700_FA807518D0015_9700,FA807521F0083,9700,DEPT OF DEFENSE,FA807518D0015,Q: Not Designated Nonemergency/Emergency/Disaster/Wildfire Suppression,,,,,27541224.97,273552.77,41461073.00,41461073.00,2021-08-25,2021,2025-09-29,2025,2021-10-01,2026-09-29,2026-09-29 00:00:00,,2021-02-24,097,Department of Defense,5700,Department of the Air Force,FA8075,FA8075  774 ESS,097,Department of Defense,5700,Department of the Air Force,F2BDAR,F2BDAR AFLCMC HBN INTRN C2 SNSRS DV,017-2022/2023-1319-000;017-2023/2024-1319-000;021-2020/2022-2031-000;021-2021/2022-2040-000;021-2021/2023-2031-000;021-2022/2022-2020-000;021-2022/2023-2040-000;021-2022/2024-2031-000;021-2022/2024-2032-000;021-2023/2023-2020-000;021-2023/2024-2040-000;021-2023/2025-2031-000;021-2023/2025-2032-000;021-2023/2025-2035-000;021-2024/2024-2020-000;021-2024/2025-2040-000;021-2025/2026-2040-000;057-2022/2023-3600-000;057-2023/2023-3400-000;097-2021/2022-0400-000;097-2021/2023-0300-000;097-2022/2023-0400-000;097-2023/2023-0100-000;097-2023/2024-0400-000,017-1319;021-2020;021-2031;021-2032;021-2035;021-2040;057-3400;057-3600;097-0100;097-0300;097-0400,21.0: Travel and transportation of persons;25.1: Advisory and assistance services;25.2: Other services from non-Federal sources;25.3: Other goods and services from Federal sources;25.5: Research and development contracts;25.7: Operation and maintenance of equipment;31.0: Equipment,0001: BASIC RESEARCH;0003: MODIFICATION OF MISSILES;0004: ADMINISTRATION AND SERVICE-WIDE ACTIVITIES;0004: SPARE AND REPAIR PARTS;0004: SUPPORT EQUIPMENT AND FACILITIES;0005: SUPPORT EQUIPMENT AND FACILITIES;0007: OPERATIONAL SYSTEM DEVELOPMENT;0008: SOFTWARE AND DIGITAL TECHNOLOGY PILOT PROGRAMS;0020: UNDISTRIBUTED;0030: N/A;009S: UNDISTRIBUTED;0801: REIMBURSABLE,A,FOREIGN FUNDS FMS,,,L693MQDFLKD1,,"KBR WYLE SERVICES, LLC","KBR WYLE SERVICES, LLC",,9N030,TGPKTMN8YL31,,"BROWN & ROOT INDUSTRIAL SERVICES HOLDINGS, LLC",KBR WYLE SERVICES  LLC,USA,UNITED STATES,22309 EXPLORATION DR,,LEXINGTON PARK,24037,ST. MARY'S,24,MD,MARYLAND,206532013,MD-05,MD-05,4109647767,,USA,UNITED STATES,WARNER ROBINS,13153,HOUSTON,13,GA,GEORGIA,310982241,GA-02,GA-02,AWARD,C,DELIVERY ORDER,,,,,,,U,COST PLUS FIXED FEE,AIR FORCE LIFE CYCLE MANAGEMENT CENTER ENGINEERING COMMUNICATION AND NETWORK BRANCH,,1,OT,OTHER FUNCTIONS,AC32,NATIONAL DEFENSE R&D SERVICES; DEFENSE-RELATED ACTIVITIES; APPLIED RESEARCH,H,NOT BUNDLED,S1,SERVICES,541715,"RESEARCH AND DEVELOPMENT IN THE PHYSICAL, ENGINEERING, AND LIFE SCIENCES (EXCEPT NANOTECHNOLOGY AND BIOTECHNOLOGY)",C,NO CLAUSES INCLUDED AND NO SUSTAINABILITY INCLUDED,A,U.S. OWNED BUSINESS,000,NONE,Z,NOT IT PRODUCTS OR SERVICES,E,NOT REQUIRED,USA,UNITED STATES,C,NOT A MANUFACTURED END PRODUCT,F,INDIVIDUAL SUBCONTRACT PLAN,A,FULL AND OPEN COMPETITION,MAFO,SUBJECT TO MULTIPLE AWARD FAIR OPPORTUNITY,,,NONE,NO PREFERENCE USED,,,FAIR,FAIR OPPORTUNITY GIVEN,,,2,D,COMMERCIAL PRODUCTS/SERVICES PROCEDURES NOT USED,f,N,NO,N,NO,X,NOT APPLICABLE,N,NO,,N,NO,Y,YES,N,NO,N,NO,X,NOT APPLICABLE,,,B,IDC,M,MULTIPLE AWARD,,,,N,NO,,,N,N,U,UNKNOWN,D,NOT CONSOLIDATED,Y,YES - SERVICE WHERE PBA IS USED.,N,NO,Z,NOT APPLICABLE,N,NO,X,NOT APPLICABLE,f,f,f,f,f,f,f,f,f,f,f,f,f,f,f,f,f,f,f,OTHER THAN SMALL BUSINESS,O,f,f,f,f,f,f,f,f,f,f,f,f,f,f,f,f,f,CORPORATE NOT TAX EXEMPT,t,f,f,f,f,f,f,f,f,f,f,f,f,f,f,f,f,t,f,f,f,f,f,f,f,f,f,f,t,f,f,f,f,f,f,f,f,f,f,f,f,f,f,f,f,f,f,f,f,f,MARK  SOPP,3619179.00,WILLIAM  BRIGHT,3107183.00,SONIA  GALINDO,2725022.00,TODD  MAY,1118568.00,MARK  KAVANUGH,927840.00,https://www.usaspending.gov/award/CONT_AWD_FA807521F0083_9700_FA807518D0015_9700/,2025-12-10
CONT_AWD_FA807522F0015_9700_FA807518D0008_9700,FA807522F0015,9700,DEPT OF DEFENSE,FA807518D0008,Q: Not Designated Nonemergency/Emergency/Disaster/Wildfire Suppression,,,,,78793225.20,2828482.81,118698133.00,118698133.00,2022-04-15,2022,2025-07-23,2025,2022-04-15,2027-04-17,2027-04-17 00:00:00,,2021-07-19,097,Department of Defense,5700,Department of the Air Force,FA8075,FA8075  774 ESS,097,Department of Defense,2100,Department of the Army,W81UHH,W6DQ 01 PEO AVN,017-2024/2024-1804-000;021-2021/2023-2031-000;021-2022/2023-2040-000;021-2022/2024-2031-000;021-2023/2024-2040-000;021-2024/2025-2040-000;021-2025/2026-2040-000;097-2022/2023-0400-000;097-2023/2023-0100-000;097-2023/2024-0400-000;097-2024/2025-0400-000;097-2025/2026-0400-000,017-1804;021-2031;021-2040;097-0100;097-0400,25.2: Other services from non-Federal sources;25.3: Other goods and services from Federal sources;25.5: Research and development contracts,0004: ADMINISTRATION AND SERVICE-WIDE ACTIVITIES;0004: SUPPORT EQUIPMENT AND FACILITIES;0007: OPERATIONAL SYSTEM DEVELOPMENT;0008: SOFTWARE AND DIGITAL TECHNOLOGY PILOT PROGRAMS;0020: UNDISTRIBUTED;0030: N/A;0099: N/A;009S: MISCELLANEOUS,X,NOT APPLICABLE,,,L3G5SBQ2PLK5,,GEORGIA TECH APPLIED RESEARCH CORP,GEORGIA TECH APPLIED RESEARCH CORPORATION,,1FEZ4,L3G5SBQ2PLK5,,GEORGIA TECH APPLIED RESEARCH CORP,GEORGIA TECH RESEARCH CORPORATION,USA,UNITED STATES,505 10TH ST,,ATLANTA,13121,FULTON,13,GA,GEORGIA,303185775,GA-05,GA-05,4048946934,4043852081,USA,UNITED STATES,ATLANTA,13121,FULTON,13,GA,GEORGIA,303180407,GA-06,GA-06,AWARD,C,DELIVERY ORDER,,,,,,,U,COST PLUS FIXED FEE,"ENGINEERING AND ANALYSIS FOR THE STRATEGIC CAPABILITY OFFICE, OFFICE OF THE SECRETARY OF DEFENSE",,1,OT,OTHER FUNCTIONS,AC32,NATIONAL DEFENSE R&D SERVICES; DEFENSE-RELATED ACTIVITIES; APPLIED RESEARCH,H,NOT BUNDLED,S1,SERVICES,541715,"RESEARCH AND DEVELOPMENT IN THE PHYSICAL, ENGINEERING, AND LIFE SCIENCES (EXCEPT NANOTECHNOLOGY AND BIOTECHNOLOGY)",C,NO CLAUSES INCLUDED AND NO SUSTAINABILITY INCLUDED,A,U.S. OWNED BUSINESS,000,NONE,Z,NOT IT PRODUCTS OR SERVICES,E,NOT REQUIRED,USA,UNITED STATES,C,NOT A MANUFACTURED END PRODUCT,F,INDIVIDUAL SUBCONTRACT PLAN,A,FULL AND OPEN COMPETITION,MAFO,SUBJECT TO MULTIPLE AWARD FAIR OPPORTUNITY,,,NONE,NO PREFERENCE USED,,,FAIR,FAIR OPPORTUNITY GIVEN,,,1,D,COMMERCIAL PRODUCTS/SERVICES PROCEDURES NOT USED,f,N,NO,N,NO,X,NOT APPLICABLE,N,NO,,N,NO,Y,YES,N,NO,N,NO,X,NOT APPLICABLE,,,B,IDC,M,MULTIPLE AWARD,,,,N,NO,,,N,N,U,UNKNOWN,D,NOT CONSOLIDATED,Y,YES - SERVICE WHERE PBA IS USED.,N,NO,Z,NOT APPLICABLE,N,NO,X,NOT APPLICABLE,f,f,f,f,f,f,f,f,f,f,f,f,f,f,f,f,f,f,f,OTHER THAN SMALL BUSINESS,O,f,f,f,f,f,f,f,f,f,f,f,f,f,f,f,f,f,CORPORATE TAX EXEMPT,f,t,f,f,f,f,f,f,f,t,f,f,f,f,f,f,f,t,f,f,f,f,f,f,f,f,f,f,f,t,f,f,f,t,f,f,f,f,f,f,f,f,f,f,f,f,f,f,f,f,,,,,,,,,,,https://www.usaspending.gov/award/CONT_AWD_FA807522F0015_9700_FA807518D0008_9700/,2025-07-23
CONT_AWD_FA807523F0003_9700_FA807518D0008_9700,FA807523F0003,9700,DEPT OF DEFENSE,FA807518D0008,Q: Not Designated Nonemergency/Emergency/Disaster/Wildfire Suppression,,,,,20824375.47,1334088.91,50550056.00,50550056.00,2023-01-09,2023,2025-09-17,2025,2023-01-09,2028-01-22,2028-01-22 00:00:00,,2022-06-13,097,Department of Defense,5700,Department of the Air Force,FA8075,FA8075  774 ESS,097,Department of Defense,1700,Department of the Navy,N00039,NAVAL INFORMATION WARFARE SYSTEMS,017-2023/2023-1106-000;017-2024/2024-1106-000;017-2025/2025-1106-000;097-2023/2024-0400-000;097-2023/2025-0350-000;097-2024/2025-0400-000;097-2025/2025-0100-000;097-2025/2026-0400-000,017-1106;097-0100;097-0350;097-0400,25.1: Advisory and assistance services;25.2: Other services from non-Federal sources;25.3: Other goods and services from Federal sources;25.5: Research and development contracts;25.7: Operation and maintenance of equipment,0002: NATIONAL GUARD EQUIPMENT;0004: ADMIN & SRVWD ACTIVITIES;0020: UNDISTRIBUTED;0099: N/A;009S: MISCELLANEOUS;0801: REIMBURSABLE,X,NOT APPLICABLE,,,L3G5SBQ2PLK5,,GEORGIA TECH APPLIED RESEARCH CORP,GEORGIA TECH APPLIED RESEARCH CORPORATION,,1FEZ4,L3G5SBQ2PLK5,,GEORGIA TECH APPLIED RESEARCH CORP,GEORGIA TECH RESEARCH CORPORATION,USA,UNITED STATES,505 10TH ST,,ATLANTA,13121,FULTON,13,GA,GEORGIA,303185775,GA-05,GA-05,4048946934,4043852081,USA,UNITED STATES,ATLANTA,13121,FULTON,13,GA,GEORGIA,303185775,GA-05,GA-05,AWARD,C,DELIVERY ORDER,,,,,,,U,COST PLUS FIXED FEE,"LOGISTICS, INNOVATION, SUPPLY CHAIN, AND SYSTEMS ENGINEERING FOR THE UNITED STATES MARINE CORPS, MARINE CORPS LOGISTICS COMMAND",,1,OT,OTHER FUNCTIONS,AC32,NATIONAL DEFENSE R&D SERVICES; DEFENSE-RELATED ACTIVITIES; APPLIED RESEARCH,H,NOT BUNDLED,,,541715,"RESEARCH AND DEVELOPMENT IN THE PHYSICAL, ENGINEERING, AND LIFE SCIENCES (EXCEPT NANOTECHNOLOGY AND BIOTECHNOLOGY)",C,NO CLAUSES INCLUDED AND NO SUSTAINABILITY INCLUDED,A,U.S. OWNED BUSINESS,000,NONE,Z,NOT IT PRODUCTS OR SERVICES,E,NOT REQUIRED,USA,UNITED STATES,C,NOT A MANUFACTURED END PRODUCT,F,INDIVIDUAL SUBCONTRACT PLAN,A,FULL AND OPEN COMPETITION,MAFO,SUBJECT TO MULTIPLE AWARD FAIR OPPORTUNITY,,,NONE,NO PREFERENCE USED,,,FAIR,FAIR OPPORTUNITY GIVEN,,,1,D,COMMERCIAL PRODUCTS/SERVICES PROCEDURES NOT USED,f,N,NO,N,NO,X,NOT APPLICABLE,N,NO,,N,NO,Y,YES,N,NO,N,NO,X,NOT APPLICABLE,,,B,IDC,M,MULTIPLE AWARD,,,,N,NO,,,N,N,U,UNKNOWN,D,NOT CONSOLIDATED,Y,YES - SERVICE WHERE PBA IS USED.,N,NO,Z,NOT APPLICABLE,N,NO,X,NOT APPLICABLE,f,f,f,f,f,f,f,f,f,f,f,f,f,f,f,f,f,f,f,OTHER THAN SMALL BUSINESS,O,f,f,f,f,f,f,f,f,f,f,f,f,f,f,f,f,f,CORPORATE TAX EXEMPT,f,t,f,f,f,f,f,f,f,t,f,f,f,f,f,f,f,t,f,f,f,f,f,f,f,f,f,f,f,t,f,f,f,t,f,f,f,f,f,f,f,f,f,f,f,f,f,f,f,f,,,,,,,,,,,https://www.usaspending.gov/award/CONT_AWD_FA807523F0003_9700_FA807518D0008_9700/,2025-09-18
CONT_AWD_FA807523F0004_9700_FA807518D0008_9700,FA807523F0004,9700,DEPT OF DEFENSE,FA807518D0008,Q: Not Designated Nonemergency/Emergency/Disaster/Wildfire Suppression,,,,,56808711.64,2842666.32,93933068.00,93933068.00,2023-01-12,2023,2025-09-23,2025,2023-01-12,2028-01-16,2028-01-16 00:00:00,,2022-08-22,097,Department of Defense,5700,Department of the Air Force,FA8075,FA8075  774 ESS,097,Department of Defense,97AD,Immediate Office of the Secretary of Defense,HQ0287,OUSD(AT & L),097-2022/2023-0400-000;097-2023/2023-0100-000;097-2023/2024-0400-000;097-2024/2024-0100-000;097-2024/2025-0400-000;097-2024/2025-0460-000;097-2025/2025-0100-000;097-2025/2026-0400-000,097-0100;097-0400;097-0460,25.1: Advisory and assistance services;25.2: Other services from non-Federal sources;25.3: Other goods and services from Federal sources;25.5: Research and development contracts,0006: MANAGEMENT SUPPORT;0020: UNDISTRIBUTED;0099: N/A;009S: MISCELLANEOUS;0801: REIMBURSABLE,X,NOT APPLICABLE,,,L3G5SBQ2PLK5,,GEORGIA TECH APPLIED RESEARCH CORP,GEORGIA TECH APPLIED RESEARCH CORPORATION,,1FEZ4,L3G5SBQ2PLK5,,GEORGIA TECH APPLIED RESEARCH CORP,GEORGIA TECH RESEARCH CORPORATION,USA,UNITED STATES,505 10TH ST,,ATLANTA,13121,FULTON,13,GA,GEORGIA,303185775,GA-05,GA-05,4048946934,4043852081,USA,UNITED STATES,ATLANTA,13121,FULTON,13,GA,GEORGIA,303185775,GA-05,GA-05,AWARD,C,DELIVERY ORDER,,,,,,,U,COST PLUS FIXED FEE,ACCELERATING SOLUTIONS FOR ELECTRONIC WARFARE FOR THE OFFICE OF THE UNDER SECRETARY OF DEFENSE FOR RESEARCH AND ENGINEERING ELECTROMAGNETIC WARFARE AND COUNTERMEASURES,,1,OT,OTHER FUNCTIONS,AC32,NATIONAL DEFENSE R&D SERVICES; DEFENSE-RELATED ACTIVITIES; APPLIED RESEARCH,H,NOT BUNDLED,,,541715,"RESEARCH AND DEVELOPMENT IN THE PHYSICAL, ENGINEERING, AND LIFE SCIENCES (EXCEPT NANOTECHNOLOGY AND BIOTECHNOLOGY)",C,NO CLAUSES INCLUDED AND NO SUSTAINABILITY INCLUDED,A,U.S. OWNED BUSINESS,000,NONE,Z,NOT IT PRODUCTS OR SERVICES,E,NOT REQUIRED,USA,UNITED STATES,C,NOT A MANUFACTURED END PRODUCT,F,INDIVIDUAL SUBCONTRACT PLAN,A,FULL AND OPEN COMPETITION,MAFO,SUBJECT TO MULTIPLE AWARD FAIR OPPORTUNITY,,,NONE,NO PREFERENCE USED,,,FAIR,FAIR OPPORTUNITY GIVEN,,,1,D,COMMERCIAL PRODUCTS/SERVICES PROCEDURES NOT USED,f,N,NO,N,NO,X,NOT APPLICABLE,N,NO,,N,NO,Y,YES,N,NO,N,NO,X,NOT APPLICABLE,,,B,IDC,M,MULTIPLE AWARD,,,,N,NO,,,N,N,U,UNKNOWN,D,NOT CONSOLIDATED,Y,YES - SERVICE WHERE PBA IS USED.,N,NO,Z,NOT APPLICABLE,N,NO,X,NOT APPLICABLE,f,f,f,f,f,f,f,f,f,f,f,f,f,f,f,f,f,f,f,OTHER THAN SMALL BUSINESS,O,f,f,f,f,f,f,f,f,f,f,f,f,f,f,f,f,f,CORPORATE TAX EXEMPT,f,t,f,f,f,f,f,f,f,t,f,f,f,f,f,f,f,t,f,f,f,f,f,f,f,f,f,f,f,t,f,f,f,t,f,f,f,f,f,f,f,f,f,f,f,f,f,f,f,f,,,,,,,,,,,https://www.usaspending.gov/award/CONT_AWD_FA807523F0004_9700_FA807518D0008_9700/,2025-09-23
CONT_AWD_FA807524F0021_9700_FA807518D0008_9700,FA807524F0021,9700,DEPT OF DEFENSE,FA807518D0008,Q: Not Designated Nonemergency/Emergency/Disaster/Wildfire Suppression,,,,,23278710.27,0.00,90226497.00,90226497.00,2024-04-12,2024,2025-09-24,2025,2024-04-15,2029-04-14,2029-04-14 00:00:00,,2023-09-03,097,Department of Defense,5700,Department of the Air Force,FA8075,FA8075  774 ESS,097,Department of Defense,1700,Department of the Navy,N00019,NAVAL AIR SYSTEMS COMMAND,017-2024/2024-1804-000;017-2025/2025-1106-000;097-2024/2025-0400-000,017-1106;017-1804;097-0400,25.1: Advisory and assistance services;25.5: Research and development contracts,0001: OPERATING FORCES;0004: ADMINISTRATION AND SERVICE-WIDE ACTIVITIES;0099: N/A,X,NOT APPLICABLE,,,L3G5SBQ2PLK5,,GEORGIA TECH APPLIED RESEARCH CORP,GEORGIA TECH APPLIED RESEARCH CORPORATION,,1FEZ4,L3G5SBQ2PLK5,,GEORGIA TECH APPLIED RESEARCH CORP,GEORGIA TECH RESEARCH CORPORATION,USA,UNITED STATES,505 10TH ST,,ATLANTA,13121,FULTON,13,GA,GEORGIA,303185775,GA-05,GA-05,4048946934,4043852081,USA,UNITED STATES,ATLANTA,13121,FULTON,13,GA,GEORGIA,303184999,GA-06,GA-06,AWARD,C,DELIVERY ORDER,,,,,,,U,COST PLUS FIXED FEE,"ANALYSIS, RESEARCH, AND ENGINEERING ANALYSIS OF AVIATION ELECTRONIC WARFARE FOR NAVAL AVIATION ENTERPRISE, PROGRAM MANAGEMENT ACTIVITY 272, ADVANCED TACTICAL AIRCRAFT PROTECTION SYSTEMS",,1,OT,OTHER FUNCTIONS,AC32,NATIONAL DEFENSE R&D SERVICES; DEFENSE-RELATED ACTIVITIES; APPLIED RESEARCH,H,NOT BUNDLED,,,541715,"RESEARCH AND DEVELOPMENT IN THE PHYSICAL, ENGINEERING, AND LIFE SCIENCES (EXCEPT NANOTECHNOLOGY AND BIOTECHNOLOGY)",C,NO CLAUSES INCLUDED AND NO SUSTAINABILITY INCLUDED,A,U.S. OWNED BUSINESS,000,NONE,Z,NOT IT PRODUCTS OR SERVICES,E,NOT REQUIRED,USA,UNITED STATES,C,NOT A MANUFACTURED END PRODUCT,F,INDIVIDUAL SUBCONTRACT PLAN,A,FULL AND OPEN COMPETITION,MAFO,SUBJECT TO MULTIPLE AWARD FAIR OPPORTUNITY,,,NONE,NO PREFERENCE USED,,,FAIR,FAIR OPPORTUNITY GIVEN,,,1,D,COMMERCIAL PRODUCTS/SERVICES PROCEDURES NOT USED,f,N,NO,N,NO,X,NOT APPLICABLE,N,NO,,N,NO,Y,YES,N,NO,N,NO,X,NOT APPLICABLE,,,B,IDC,M,MULTIPLE AWARD,,,,N,NO,Y,YES - CAS CLAUSE INCLUDED,N,N,,,D,NOT CONSOLIDATED,Y,YES - SERVICE WHERE PBA IS USED.,N,NO,Z,NOT APPLICABLE,N,NO,X,NOT APPLICABLE,f,f,f,f,f,f,f,f,f,f,f,f,f,f,f,f,f,f,f,OTHER THAN SMALL BUSINESS,O,f,f,f,f,f,f,f,f,f,f,f,f,f,f,f,f,f,CORPORATE TAX EXEMPT,f,t,f,f,f,f,f,f,f,t,f,f,f,f,f,f,f,t,f,f,f,f,f,f,f,f,f,f,f,t,f,f,f,t,f,f,f,f,f,f,f,f,f,f,f,f,f,f,f,f,,,,,,,,,,,https://www.usaspending.gov/award/CONT_AWD_FA807524F0021_9700_FA807518D0008_9700/,2026-01-22
CONT_AWD_FA810625F0004_9700_FA810623D0001_9700,FA810625F0004,9700,DEPT OF DEFENSE,FA810623D0001,,,,,,39995705.26,,40712000.50,40712000.50,2024-11-05,2025,2025-09-19,2025,2024-11-05,2026-03-31,2028-09-21 00:00:00,,2024-10-23,097,Department of Defense,5700,Department of the Air Force,FA8106,FA8106 AFLCMC WNDK,097,Department of Defense,5700,Department of the Air Force,F3YAJT,F3YAJT AFLCMC WLZJ,,,,,X,NOT APPLICABLE,,,FAK7LNGRNAN5,,SCIENTIFIC RESEARCH CORPORATION,SCIENTIFIC RESEARCH CORPORATION,,0D5A6,FAK7LNGRNAN5,,SCIENTIFIC RESEARCH CORPORATION,SCIENTIFIC RESEARCH CORP,USA,UNITED STATES,2300 WINDY RIDGE PKWY SE,STE 400SE,ATLANTA,13067,COBB,13,GA,GEORGIA,303395665,GA-11,GA-11,7709899466,7709899424,USA,UNITED STATES,ATLANTA,13067,COBB,13,GA,GEORGIA,303395655,GA-11,GA-11,AWARD,C,DELIVERY ORDER,,,,,,,J,FIRM FIXED PRICE,CRASH SURVIVABLE RECORDER (CSR) PRODUCTION   INSTALLATION,,1,,,1680,MISCELLANEOUS AIRCRAFT ACCESSORIES AND COMPONENTS,H,NOT BUNDLED,,,336411,AIRCRAFT MANUFACTURING,C,NO CLAUSES INCLUDED AND NO SUSTAINABILITY INCLUDED,A,U.S. OWNED BUSINESS,000,NONE,Z,NOT IT PRODUCTS OR SERVICES,E,NOT REQUIRED,USA,UNITED STATES,D,MFG IN U.S.,F,INDIVIDUAL SUBCONTRACT PLAN,C,NOT COMPETED,SSS,ONLY ONE SOURCE,,,NONE,NO PREFERENCE USED,,,,,FOC,FOLLOW-ON CONTRACT (FAR 6.302-1(A)(2)(II/III)),,D,COMMERCIAL PRODUCTS/SERVICES PROCEDURES NOT USED,f,N,NO,,,X,NOT APPLICABLE,N,NO,,N,NO,Y,YES,X,NOT APPLICABLE,X,NOT APPLICABLE,X,NOT APPLICABLE,,,B,IDC,S,SINGLE AWARD,,,,N,NO,X,NOT APPLICABLE EXEMPT FROM CAS,N,N,,,D,NOT CONSOLIDATED,X,NOT APPLICABLE,N,NO,Z,NOT APPLICABLE,N,NO,X,NOT APPLICABLE,f,f,f,f,f,f,f,f,f,f,f,f,f,f,f,f,f,f,f,OTHER THAN SMALL BUSINESS,O,f,f,f,f,f,f,f,f,f,f,f,f,f,f,f,f,f,CORPORATE NOT TAX EXEMPT,t,f,f,f,f,f,f,f,f,f,f,f,t,f,f,f,f,t,f,f,f,f,f,f,f,t,f,f,t,f,f,f,f,f,f,f,f,f,f,f,f,f,f,f,f,f,f,f,f,f,MICHAEL L WATT,1048584.00,STEVEN K WATT,740954.00,TIMOTHY L WASHINGTON,762014.00,JAMES D WARD,705376.00,THOMAS L PAPST,529104.00,https://www.usaspending.gov/award/CONT_AWD_FA810625F0004_9700_FA810623D0001_9700/,2025-09-19
CONT_AWD_FA813419F2500_9700_FA813419D0001_9700,FA813419F2500,9700,DEPT OF DEFENSE,FA813419D0001,,,,,,34321907.20,,34321907.20,34321907.20,2019-09-17,2019,2024-11-19,2025,2019-09-17,2024-08-31,2024-08-31 00:00:00,,2019-02-25,097,Department of Defense,9763,Defense Contract Management Agency,S4513A,DCMA AIMO GREENVILLE,097,Department of Defense,5700,Department of the Air Force,FA8134,FA8134  AFLCMC WVV,,,,,A,FOREIGN FUNDS FMS,,,NGABP44KQF33,,GULFSTREAM AEROSPACE CORPORATION,GULFSTREAM AEROSPACE CORPORATION (GEORGIA),,59734,FAZSFFE6CST9,,WICO LIMITED,GULFSTREAM AEROSPACE CORPORATION,USA,UNITED STATES,500 GULFSTREAM RD,,SAVANNAH,13051,CHATHAM,13,GA,GEORGIA,314089643,GA-01,GA-01,9129654078,,USA,UNITED STATES,SAVANNAH,13051,CHATHAM,13,GA,GEORGIA,314089643,GA-01,GA-01,AWARD,C,DELIVERY ORDER,,,,,,,J,FIRM FIXED PRICE,GULFSTREAM G280 AIRCRAFT AND CONTRACTOR LOGISTICS SUPPORT,FA813419R0002,1,,,1510,"AIRCRAFT, FIXED WING",H,NOT BUNDLED,A1A,AIRFRAMES AND SPARES,336411,AIRCRAFT MANUFACTURING,C,NO CLAUSES INCLUDED AND NO SUSTAINABILITY INCLUDED,A,U.S. OWNED BUSINESS,000,NONE,Z,NOT IT PRODUCTS OR SERVICES,E,NOT REQUIRED,USA,UNITED STATES,D,MFG IN U.S.,G,COMMERCIAL SUBCONTRACT PLAN,C,NOT COMPETED,SSS,ONLY ONE SOURCE,,,NONE,NO PREFERENCE USED,,,,,ONE,ONLY ONE SOURCE-OTHER (FAR 6.302-1 OTHER),,A,COMMERCIAL PRODUCTS/SERVICES,f,N,NO,N,NO,Y,YES,N,NO,,N,NO,N,NO,X,NOT APPLICABLE,X,NOT APPLICABLE,X,NOT APPLICABLE,,,B,IDC,S,SINGLE AWARD,,,,N,NO,X,NOT APPLICABLE EXEMPT FROM CAS,N,N,N,NO,D,NOT CONSOLIDATED,X,NOT APPLICABLE,N,NO,E,COMMERCIAL FINANCING,N,NO,X,NOT APPLICABLE,f,f,f,f,f,f,f,f,f,f,f,f,f,f,f,f,f,f,f,OTHER THAN SMALL BUSINESS,O,f,f,f,f,f,f,f,f,f,f,f,f,f,f,f,f,f,CORPORATE NOT TAX EXEMPT,t,f,f,f,f,f,f,f,f,f,f,f,t,f,f,f,f,t,f,f,f,f,f,f,f,f,f,f,t,f,f,f,f,f,f,f,f,f,f,f,f,f,f,f,f,f,f,f,f,f,,,,,,,,,,,https://www.usaspending.gov/award/CONT_AWD_FA813419F2500_9700_FA813419D0001_9700/,2025-04-26
CONT_AWD_FA813422F3003_9700_FA810618D0002_9700,FA813422F3003,9700,DEPT OF DEFENSE,FA810618D0002,,,,,,40533177.24,,40533177.24,40533177.24,2021-11-13,2022,2025-05-01,2025,2022-02-01,2025-03-27,2025-03-27 00:00:00,,2021-11-13,097,Department of Defense,9763,Defense Contract Management Agency,S4513A,DCMA AIMO GREENVILLE,097,Department of Defense,5700,Department of the Air Force,F3YCBG,F3YCBG OC ALC LK,,,,,X,NOT APPLICABLE,,,NGABP44KQF33,,GULFSTREAM AEROSPACE CORPORATION,GULFSTREAM AEROSPACE CORPORATION (GEORGIA),,59734,FAZSFFE6CST9,,WICO LIMITED,GULFSTREAM AEROSPACE CORPORATION,USA,UNITED STATES,500 GULFSTREAM RD,,SAVANNAH,13051,CHATHAM,13,GA,GEORGIA,314089643,GA-01,GA-01,9122511307,,USA,UNITED STATES,SAVANNAH,13051,CHATHAM,13,GA,GEORGIA,314089643,GA-01,GA-01,AWARD,C,DELIVERY ORDER,,,,,,,J,FIRM FIXED PRICE,C20/C37 CLS,,1,OT,OTHER FUNCTIONS,J015,MAINT/REPAIR/REBUILD OF EQUIPMENT- AIRCRAFT AND AIRFRAME STRUCTURAL COMPONENTS,H,NOT BUNDLED,A1A,AIRFRAMES AND SPARES,336413,OTHER AIRCRAFT PARTS AND AUXILIARY EQUIPMENT MANUFACTURING,C,NO CLAUSES INCLUDED AND NO SUSTAINABILITY INCLUDED,A,U.S. OWNED BUSINESS,000,NONE,Z,NOT IT PRODUCTS OR SERVICES,E,NOT REQUIRED,USA,UNITED STATES,C,NOT A MANUFACTURED END PRODUCT,F,INDIVIDUAL SUBCONTRACT PLAN,A,FULL AND OPEN COMPETITION,NP,NEGOTIATED PROPOSAL/QUOTE,,,NONE,NO PREFERENCE USED,,,,,,,,A,COMMERCIAL PRODUCTS/SERVICES,f,N,NO,N,NO,Y,YES,N,NO,,N,NO,X,NOT APPLICABLE,Y,YES,X,NOT APPLICABLE,X,NOT APPLICABLE,,,B,IDC,S,SINGLE AWARD,,,,N,NO,,,N,N,N,NO,D,NOT CONSOLIDATED,Y,YES - SERVICE WHERE PBA IS USED.,N,NO,Z,NOT APPLICABLE,N,NO,X,NOT APPLICABLE,f,f,f,f,f,f,f,f,f,f,f,f,f,f,f,f,f,f,f,OTHER THAN SMALL BUSINESS,O,f,f,f,f,f,f,f,f,f,f,f,f,f,f,f,f,f,CORPORATE NOT TAX EXEMPT,t,f,f,f,f,f,f,f,f,f,f,f,t,f,f,f,f,t,f,f,f,f,f,f,f,f,f,f,t,f,f,f,f,f,f,f,f,f,f,f,f,f,f,f,f,f,f,f,f,f,,,,,,,,,,,https://www.usaspending.gov/award/CONT_AWD_FA813422F3003_9700_FA810618D0002_9700/,2025-05-01
CONT_AWD_FA813423F3004_9700_FA810618D0002_9700,FA813423F3004,9700,DEPT OF DEFENSE,FA810618D0002,,,,,,41505360.18,,41505360.18,41505360.18,2023-01-31,2023,2025-10-29,2026,2023-02-01,2025-09-30,2025-09-30 00:00:00,,2022-12-31,097,Department of Defense,9763,Defense Contract Management Agency,S4513A,DCMA AIMO GREENVILLE,097,Department of Defense,5700,Department of the Air Force,F3YCBG,F3YCBG OC ALC LK,,,,,X,NOT APPLICABLE,,,NGABP44KQF33,,GULFSTREAM AEROSPACE CORPORATION,GULFSTREAM AEROSPACE CORPORATION (GEORGIA),,59734,FAZSFFE6CST9,,WICO LIMITED,GULFSTREAM AEROSPACE CORPORATION,USA,UNITED STATES,500 GULFSTREAM RD,,SAVANNAH,13051,CHATHAM,13,GA,GEORGIA,314089643,GA-01,GA-01,9122511307,,USA,UNITED STATES,SAVANNAH,13051,CHATHAM,13,GA,GEORGIA,314089643,GA-01,GA-01,AWARD,C,DELIVERY ORDER,,,,,,,J,FIRM FIXED PRICE,CONTRACT LOGISTICS SUPPORT CLS FOR C-37 FLEET,,1,OT,OTHER FUNCTIONS,J015,MAINT/REPAIR/REBUILD OF EQUIPMENT- AIRCRAFT AND AIRFRAME STRUCTURAL COMPONENTS,H,NOT BUNDLED,,,336413,OTHER AIRCRAFT PARTS AND AUXILIARY EQUIPMENT MANUFACTURING,C,NO CLAUSES INCLUDED AND NO SUSTAINABILITY INCLUDED,A,U.S. OWNED BUSINESS,000,NONE,Z,NOT IT PRODUCTS OR SERVICES,E,NOT REQUIRED,USA,UNITED STATES,C,NOT A MANUFACTURED END PRODUCT,F,INDIVIDUAL SUBCONTRACT PLAN,A,FULL AND OPEN COMPETITION,NP,NEGOTIATED PROPOSAL/QUOTE,,,NONE,NO PREFERENCE USED,,,,,,,,A,COMMERCIAL PRODUCTS/SERVICES,f,N,NO,N,NO,Y,YES,N,NO,,N,NO,X,NOT APPLICABLE,Y,YES,X,NOT APPLICABLE,X,NOT APPLICABLE,,,B,IDC,S,SINGLE AWARD,,,,N,NO,X,NOT APPLICABLE EXEMPT FROM CAS,N,N,,,D,NOT CONSOLIDATED,Y,YES - SERVICE WHERE PBA IS USED.,N,NO,Z,NOT APPLICABLE,N,NO,X,NOT APPLICABLE,f,f,f,f,f,f,f,f,f,f,f,f,f,f,f,f,f,f,f,OTHER THAN SMALL BUSINESS,O,f,f,f,f,f,f,f,f,f,f,f,f,f,f,f,f,f,CORPORATE NOT TAX EXEMPT,t,f,f,f,f,f,f,f,f,f,f,f,t,f,f,f,f,t,f,f,f,f,f,f,f,f,f,f,t,f,f,f,f,f,f,f,f,f,f,f,f,f,f,f,f,f,f,f,f,f,,,,,,,,,,,https://www.usaspending.gov/award/CONT_AWD_FA813423F3004_9700_FA810618D0002_9700/,2025-10-29
CONT_AWD_FA813424F3005_9700_FA810618D0002_9700,FA813424F3005,9700,DEPT OF DEFENSE,FA810618D0002,,,,,,43108121.53,,43108121.53,43108121.53,2024-01-23,2024,2025-10-21,2026,2024-02-01,2025-11-30,2025-11-30 00:00:00,,2024-01-17,097,Department of Defense,9763,Defense Contract Management Agency,S4513A,DCMA AIMO GREENVILLE,097,Department of Defense,5700,Department of the Air Force,FA8134,FA8134  AFLCMC WVV,,,,,X,NOT APPLICABLE,,,NGABP44KQF33,,GULFSTREAM AEROSPACE CORPORATION,GULFSTREAM AEROSPACE CORPORATION (GEORGIA),,59734,FAZSFFE6CST9,,WICO LIMITED,GULFSTREAM AEROSPACE CORPORATION,USA,UNITED STATES,500 GULFSTREAM RD,,SAVANNAH,13051,CHATHAM,13,GA,GEORGIA,314089643,GA-01,GA-01,9122511307,,USA,UNITED STATES,SAVANNAH,13051,CHATHAM,13,GA,GEORGIA,314089643,GA-01,GA-01,AWARD,C,DELIVERY ORDER,,,,,,,J,FIRM FIXED PRICE,C20/C37 CONTRACTOR LOGISTIC SUPPORT,,1,OT,OTHER FUNCTIONS,J015,MAINT/REPAIR/REBUILD OF EQUIPMENT- AIRCRAFT AND AIRFRAME STRUCTURAL COMPONENTS,H,NOT BUNDLED,,,336413,OTHER AIRCRAFT PARTS AND AUXILIARY EQUIPMENT MANUFACTURING,C,NO CLAUSES INCLUDED AND NO SUSTAINABILITY INCLUDED,A,U.S. OWNED BUSINESS,000,NONE,Z,NOT IT PRODUCTS OR SERVICES,E,NOT REQUIRED,USA,UNITED STATES,C,NOT A MANUFACTURED END PRODUCT,F,INDIVIDUAL SUBCONTRACT PLAN,A,FULL AND OPEN COMPETITION,NP,NEGOTIATED PROPOSAL/QUOTE,,,NONE,NO PREFERENCE USED,,,,,,,,A,COMMERCIAL PRODUCTS/SERVICES,f,N,NO,N,NO,Y,YES,N,NO,,N,NO,X,NOT APPLICABLE,Y,YES,X,NOT APPLICABLE,X,NOT APPLICABLE,,,B,IDC,S,SINGLE AWARD,,,,N,NO,X,NOT APPLICABLE EXEMPT FROM CAS,N,N,,,D,NOT CONSOLIDATED,Y,YES - SERVICE WHERE PBA IS USED.,N,NO,Z,NOT APPLICABLE,N,NO,X,NOT APPLICABLE,f,f,f,f,f,f,f,f,f,f,f,f,f,f,f,f,f,f,f,OTHER THAN SMALL BUSINESS,O,f,f,f,f,f,f,f,f,f,f,f,f,f,f,f,f,f,CORPORATE NOT TAX EXEMPT,t,f,f,f,f,f,f,f,f,f,f,f,t,f,f,f,f,t,f,f,f,f,f,f,f,f,f,f,t,f,f,f,f,f,f,f,f,f,f,f,f,f,f,f,f,f,f,f,f,f,,,,,,,,,,,https://www.usaspending.gov/award/CONT_AWD_FA813424F3005_9700_FA810618D0002_9700/,2025-10-21
CONT_AWD_FA813425F3003_9700_FA813425DB001_9700,FA813425F3003,9700,DEPT OF DEFENSE,FA813425DB001,,,,,,49968292.52,,51014225.62,51014225.62,2025-01-21,2025,2025-11-05,2026,2025-02-01,2026-01-31,2026-01-31 00:00:00,,2025-01-21,097,Department of Defense,9763,Defense Contract Management Agency,S4513A,DCMA AIMO GREENVILLE,097,Department of Defense,5700,Department of the Air Force,F3YCBG,F3YCBG OC ALC LK,,,,,X,NOT APPLICABLE,,,NGABP44KQF33,,GULFSTREAM AEROSPACE CORPORATION,GULFSTREAM AEROSPACE CORPORATION,,59734,FAZSFFE6CST9,,WICO LIMITED,GULFSTREAM AEROSPACE CORPORATION,USA,UNITED STATES,500 GULFSTREAM RD,,SAVANNAH,13051,CHATHAM,13,GA,GEORGIA,314089643,GA-01,GA-01,9122516145,,USA,UNITED STATES,SAVANNAH,13051,CHATHAM,13,GA,GEORGIA,314089643,GA-01,GA-01,AWARD,C,DELIVERY ORDER,,,,,,,J,FIRM FIXED PRICE,C-20/C-37 CONTRACTOR LOGISTICS SUPPORT (CLS),,1,OT,OTHER FUNCTIONS,J015,MAINT/REPAIR/REBUILD OF EQUIPMENT- AIRCRAFT AND AIRFRAME STRUCTURAL COMPONENTS,H,NOT BUNDLED,,,488190,OTHER SUPPORT ACTIVITIES FOR AIR TRANSPORTATION,C,NO CLAUSES INCLUDED AND NO SUSTAINABILITY INCLUDED,A,U.S. OWNED BUSINESS,000,NONE,Z,NOT IT PRODUCTS OR SERVICES,E,NOT REQUIRED,USA,UNITED STATES,C,NOT A MANUFACTURED END PRODUCT,G,COMMERCIAL SUBCONTRACT PLAN,A,FULL AND OPEN COMPETITION,NP,NEGOTIATED PROPOSAL/QUOTE,,,NONE,NO PREFERENCE USED,,,,,,,,A,COMMERCIAL PRODUCTS/SERVICES,f,N,NO,,,Y,YES,N,NO,,N,NO,N,NO,Y,YES,N,NO,X,NOT APPLICABLE,,,B,IDC,S,SINGLE AWARD,,,,N,NO,X,NOT APPLICABLE EXEMPT FROM CAS,N,N,,,D,NOT CONSOLIDATED,N,NO - SERVICE WHERE PBA IS NOT USED.,N,NO,Z,NOT APPLICABLE,N,NO,X,NOT APPLICABLE,f,f,f,f,f,f,f,f,f,f,f,f,f,f,f,f,f,f,f,OTHER THAN SMALL BUSINESS,O,f,f,f,f,f,f,f,f,f,f,f,f,f,f,f,f,f,CORPORATE NOT TAX EXEMPT,t,f,f,f,f,f,f,f,f,f,f,f,t,f,f,f,f,t,f,f,f,f,f,f,f,f,f,f,t,f,f,f,f,f,f,f,f,f,f,f,f,f,f,f,f,f,f,f,f,f,,,,,,,,,,,https://www.usaspending.gov/award/CONT_AWD_FA813425F3003_9700_FA813425DB001_9700/,2025-11-05
CONT_AWD_FA821022F0003_9700_FA821022D0001_9700,FA821022F0003,9700,DEPT OF DEFENSE,FA821022D0001,,,,,,77589621.73,,77589621.73,77589621.73,2021-12-14,2022,2025-09-11,2025,2021-12-17,2027-05-27,2027-05-27 00:00:00,,2021-12-14,097,Department of Defense,5700,Department of the Air Force,FA8210,FA8210  AFLCMC WNRK HILL,097,Department of Defense,5700,Department of the Air Force,F2DCAC,F2DCAC AFLCMC HBZ,,,,,X,NOT APPLICABLE,,,L3G5SBQ2PLK5,,GEORGIA TECH APPLIED RESEARCH CORP,GEORGIA TECH APPLIED RESEARCH CORPORATION,,1FEZ4,L3G5SBQ2PLK5,,GEORGIA TECH APPLIED RESEARCH CORP,GEORGIA TECH RESEARCH CORPORATION,USA,UNITED STATES,926 DALNEY ST NW,,ATLANTA,13121,FULTON,13,GA,GEORGIA,30318,GA-05,GA-90,4048946934,4043852081,USA,UNITED STATES,ATLANTA,13121,FULTON,13,GA,GEORGIA,303180407,GA-06,GA-06,AWARD,C,DELIVERY ORDER,,,,,,,V,COST PLUS INCENTIVE FEE,ADVANCED RADAR THREAT SYSTEMS - VARIANT 1 (ARTS-V1) - IN SUPPORT OF AEROSPACE DOMINANCE ENABLER DIVISION - RANGE THREAT SYSTEMS BRANCH (AFLCMC/HBZC),,1,,,5840,"RADAR EQUIPMENT, EXCEPT AIRBORNE",H,NOT BUNDLED,A7,ELECTRONICS AND COMMUNICATION EQUIPMENT,334511,"SEARCH, DETECTION, NAVIGATION, GUIDANCE, AERONAUTICAL, AND NAUTICAL SYSTEM AND INSTRUMENT MANUFACTURING",C,NO CLAUSES INCLUDED AND NO SUSTAINABILITY INCLUDED,A,U.S. OWNED BUSINESS,000,NONE,Z,NOT IT PRODUCTS OR SERVICES,E,NOT REQUIRED,USA,UNITED STATES,D,MFG IN U.S.,F,INDIVIDUAL SUBCONTRACT PLAN,C,NOT COMPETED,SSS,ONLY ONE SOURCE,,,NONE,NO PREFERENCE USED,,,,,ONE,ONLY ONE SOURCE-OTHER (FAR 6.302-1 OTHER),,D,COMMERCIAL PRODUCTS/SERVICES PROCEDURES NOT USED,f,N,NO,N,NO,X,NOT APPLICABLE,N,NO,,N,NO,Y,YES,X,NOT APPLICABLE,X,NOT APPLICABLE,X,NOT APPLICABLE,,,B,IDC,S,SINGLE AWARD,,,,Y,YES,X,NOT APPLICABLE EXEMPT FROM CAS,Y,Y,N,NO,D,NOT CONSOLIDATED,X,NOT APPLICABLE,N,NO,Z,NOT APPLICABLE,N,NO,X,NOT APPLICABLE,f,f,f,f,f,f,f,f,f,f,f,f,f,f,f,f,f,f,f,OTHER THAN SMALL BUSINESS,O,f,f,f,f,f,f,f,f,f,f,f,f,f,f,f,f,f,CORPORATE TAX EXEMPT,f,t,f,f,f,f,f,f,f,t,f,f,f,f,f,f,f,t,f,f,f,f,f,f,f,f,f,f,f,t,f,f,f,t,f,f,f,f,f,f,f,f,f,f,f,f,f,f,f,f,,,,,,,,,,,https://www.usaspending.gov/award/CONT_AWD_FA821022F0003_9700_FA821022D0001_9700/,2025-09-11
CONT_AWD_FA850113FA025_9700_GS00P06BSD0472_4740,FA850113FA025,4740,PUBLIC BUILDINGS SERVICE,GS00P06BSD0472,,,,,,30312015.85,,50826475.65,50826475.65,2013-09-20,2013,2025-06-18,2025,2013-09-19,2039-06-29,2039-06-29 00:00:00,,,097,Department of Defense,5700,Department of the Air Force,FA8501,FA8501  OPL CONTRACTING AFSC/PZIO,097,Department of Defense,5700,Department of the Air Force,F3QCBK,F3QCBK WR ALC MXSG,,,,,X,NOT APPLICABLE,,,JKC9LGLDQDV4,,GEORGIA POWER COMPANY,GEORGIA POWER COMPANY,,1KY73,SXU3LDF7K6Z5,,SOUTHERN CO SERVICES INC,THE SOUTHERN COMPANY,USA,UNITED STATES,241 RALPH MCGILL BLVD NE,,ATLANTA,13121,FULTON,13,GA,GEORGIA,303083374,GA-05,GA-05,,,USA,UNITED STATES,WARNER ROBINS,13153,HOUSTON,13,GA,GEORGIA,310981672,GA-02,GA-02,AWARD,C,DELIVERY ORDER,,,,,,,J,FIRM FIXED PRICE,IGF::OT::IGF  ANALYSIS (COMPRESSED AIR),,1,OT,OTHER FUNCTIONS,S119,UTILITIES- OTHER,D,NOT A BUNDLED REQUIREMENT,C9E,ALL OTHERS NOT IDENTIFIABLE TO ANY OTHER PROCUREMENT PROGRAM,221122,ELECTRIC POWER DISTRIBUTION,C,NO CLAUSES INCLUDED AND NO SUSTAINABILITY INCLUDED,,,000,NONE,Z,NOT IT PRODUCTS OR SERVICES,E,NOT REQUIRED,USA,UNITED STATES,C,NOT A MANUFACTURED END PRODUCT,,,B,NOT AVAILABLE FOR COMPETITION,SSS,ONLY ONE SOURCE,,,NONE,NO PREFERENCE USED,,,,,UT,UTILITIES (FAR 6.302-1(B)(3)),,D,COMMERCIAL PRODUCTS/SERVICES PROCEDURES NOT USED,f,N,NO,N,NO,X,NOT APPLICABLE,N,NO,,N,NO,X,NOT APPLICABLE,N,NO,X,NOT APPLICABLE,X,NOT APPLICABLE,,,B,IDC,S,SINGLE AWARD,,,,N,NO,,,N,N,N,NO,N,NO,Y,YES - SERVICE WHERE PBA IS USED.,N,NO,Z,NOT APPLICABLE,N,NO,X,NOT APPLICABLE,f,f,f,f,f,f,f,f,f,f,f,f,f,f,f,f,f,f,f,OTHER THAN SMALL BUSINESS,O,f,f,f,f,f,f,f,f,f,f,f,f,f,f,f,f,f,,f,f,f,f,f,f,f,f,f,f,f,f,f,f,f,f,f,f,f,f,f,f,f,f,f,f,f,f,f,f,f,f,f,f,f,f,f,f,f,f,f,f,f,f,f,f,f,f,f,f,,,,,,,,,,,https://www.usaspending.gov/award/CONT_AWD_FA850113FA025_9700_GS00P06BSD0472_4740/,2025-06-18
CONT_AWD_FA850123F0182_9700_FA850123D0015_9700,FA850123F0182,9700,DEPT OF DEFENSE,FA850123D0015,,,,,,20715302.00,,20715302.00,20715302.00,2023-09-28,2023,2025-09-09,2025,2023-10-02,2026-02-28,2026-02-28 00:00:00,,2023-05-01,097,Department of Defense,5700,Department of the Air Force,FA8501,FA8501  OPL CONTRACTING AFSC/PZIO,097,Department of Defense,5700,Department of the Air Force,F3QCCL,F3QCCL WR ALC OBCA  SERVICES,,,,,X,NOT APPLICABLE,,,EDXYXLT88E65,,YORK-BRAWLEY II JV LLC,YORK-BRAWLEY II JV LLC,,9EK82,EDXYXLT88E65,,YORK-BRAWLEY II JV LLC,YORK-BRAWLEY II JV LLC,USA,UNITED STATES,205 COINJOCK RUN,,YORKTOWN,51199,YORK,51,VA,VIRGINIA,236932741,VA-01,VA-01,7578463614,,USA,UNITED STATES,WARNER ROBINS,13153,HOUSTON,13,GA,GEORGIA,310982694,GA-02,GA-02,AWARD,C,DELIVERY ORDER,,,,,,,J,FIRM FIXED PRICE,"CEMACC III PROJECT 140172, BLDG 645 RENOVATION",,1,OT,OTHER FUNCTIONS,Y1AZ,CONSTRUCTION OF OTHER ADMINISTRATIVE FACILITIES AND SERVICE BUILDINGS,H,NOT BUNDLED,,,236220,COMMERCIAL AND INSTITUTIONAL BUILDING CONSTRUCTION,C,NO CLAUSES INCLUDED AND NO SUSTAINABILITY INCLUDED,A,U.S. OWNED BUSINESS,000,NONE,Z,NOT IT PRODUCTS OR SERVICES,E,NOT REQUIRED,USA,UNITED STATES,C,NOT A MANUFACTURED END PRODUCT,B,PLAN NOT REQUIRED,D,FULL AND OPEN COMPETITION AFTER EXCLUSION OF SOURCES,MAFO,SUBJECT TO MULTIPLE AWARD FAIR OPPORTUNITY,,,NONE,NO PREFERENCE USED,,,FAIR,FAIR OPPORTUNITY GIVEN,,,2,D,COMMERCIAL PRODUCTS/SERVICES PROCEDURES NOT USED,f,N,NO,,,Y,YES,N,NO,,N,NO,Y,YES,Y,YES,Y,YES,X,NOT APPLICABLE,,,B,IDC,M,MULTIPLE AWARD,,,,N,NO,X,NOT APPLICABLE EXEMPT FROM CAS,Y,Y,,,D,NOT CONSOLIDATED,N,NO - SERVICE WHERE PBA IS NOT USED.,N,NO,Z,NOT APPLICABLE,N,NO,X,NOT APPLICABLE,f,f,f,f,f,t,t,f,f,f,f,f,f,f,f,f,f,f,f,SMALL BUSINESS,S,f,f,f,f,f,f,f,f,f,f,f,f,f,f,f,f,f,CORPORATE NOT TAX EXEMPT,t,f,f,f,f,f,f,f,f,f,f,f,f,f,f,f,f,t,f,f,f,f,f,f,f,f,t,f,t,f,f,f,f,f,f,f,f,f,f,f,f,f,f,f,f,f,f,f,f,f,,,,,,,,,,,https://www.usaspending.gov/award/CONT_AWD_FA850123F0182_9700_FA850123D0015_9700/,2025-09-09
CONT_AWD_FA850419F0032_9700_FA850416D0001_9700,FA850419F0032,9700,DEPT OF DEFENSE,FA850416D0001,E: Emergency P.L. 116-20;N: Emergency P.L. 116-136;Q: Not Designated Nonemergency/Emergency/Disaster/Wildfire Suppression,313974.37,-313974.37,,,75613958.02,17092997.35,75613958.02,75613958.02,2019-07-31,2019,2024-10-01,2025,2019-08-01,2024-07-31,2024-07-31 00:00:00,,2019-07-31,097,Department of Defense,9763,Defense Contract Management Agency,S1111A,DCMA FIXED WING MARIETTA,097,Department of Defense,5700,Department of the Air Force,FA8504,FA8504  AFLCMC WLNKA,057-2019/2019-3400-000;057-2019/2019-3740-000;057-2019/2019-3840-000;057-2019/2021-3010-000;057-2020/2020-3400-000,057-3010;057-3400;057-3740;057-3840,25.7: Operation and maintenance of equipment;31.0: Equipment,0001: OPERATING FORCES;OPTN: FIELD IS OPTIONAL PRIOR TO FY21,X,NOT APPLICABLE,,,SJDEB3MKJEW5,,LOCKHEED MARTIN CORP,LOCKHEED MARTIN CORPORATION,,98897,ZFN2JJXBLZT3,,LOCKHEED MARTIN CORP,LOCKHEED MARTIN CORP,USA,UNITED STATES,86 SOUTH COBB DR,,MARIETTA,13067,COBB,13,GA,GEORGIA,300630001,GA-11,GA-11,4106820755,,USA,UNITED STATES,MARIETTA,13067,COBB,13,GA,GEORGIA,300630001,GA-11,GA-11,AWARD,C,DELIVERY ORDER,,,,,,,V,COST PLUS INCENTIVE FEE,C-130J LONG TERM SUSTAINMENT,,1,OT,OTHER FUNCTIONS,J015,MAINT/REPAIR/REBUILD OF EQUIPMENT- AIRCRAFT AND AIRFRAME STRUCTURAL COMPONENTS,H,NOT BUNDLED,A1A,AIRFRAMES AND SPARES,541330,ENGINEERING SERVICES,C,NO CLAUSES INCLUDED AND NO SUSTAINABILITY INCLUDED,A,U.S. OWNED BUSINESS,220,C-130J,Z,NOT IT PRODUCTS OR SERVICES,E,NOT REQUIRED,USA,UNITED STATES,C,NOT A MANUFACTURED END PRODUCT,H,DOD COMPREHENSIVE SUBCONTRACT PLAN,C,NOT COMPETED,SSS,ONLY ONE SOURCE,,,NONE,NO PREFERENCE USED,,,,,UNQ,UNIQUE SOURCE (FAR 6.302-1(B)(1)),,D,COMMERCIAL PRODUCTS/SERVICES PROCEDURES NOT USED,f,N,NO,N,NO,Y,YES,N,NO,,N,NO,X,NOT APPLICABLE,Y,YES,X,NOT APPLICABLE,X,NOT APPLICABLE,,,B,IDC,S,SINGLE AWARD,,,,Y,YES,,,Y,Y,N,NO,D,NOT CONSOLIDATED,Y,YES - SERVICE WHERE PBA IS USED.,N,NO,Z,NOT APPLICABLE,N,NO,X,NOT APPLICABLE,f,f,f,f,f,f,f,f,f,f,f,f,f,f,f,f,f,f,f,OTHER THAN SMALL BUSINESS,O,f,f,f,f,f,f,f,f,f,f,f,f,f,f,f,f,f,CORPORATE NOT TAX EXEMPT,t,f,f,f,f,f,f,f,f,f,f,f,t,f,f,f,f,t,f,f,f,f,f,f,f,f,f,f,t,f,f,f,f,f,f,f,f,f,f,f,f,f,f,f,f,f,f,f,f,f,,,,,,,,,,,https://www.usaspending.gov/award/CONT_AWD_FA850419F0032_9700_FA850416D0001_9700/,2024-10-01
CONT_AWD_FA850420C0002_9700_-NONE-_-NONE-,FA850420C0002,,,,Q: Not Designated Nonemergency/Emergency/Disaster/Wildfire Suppression,,,,,59958114.00,241940.00,59958114.00,59958114.00,2020-03-05,2020,2025-04-24,2025,2020-03-05,2025-11-26,2025-11-26 00:00:00,,2019-04-24,097,Department of Defense,5700,Department of the Air Force,FA8504,FA8504  AFLCMC WLNKA,097,Department of Defense,5700,Department of the Air Force,F3QCCC,F3QCCC AFLCMC WLN,057-2020/2022-3010-000;057-2021/2023-3010-000,057-3010,31.0: Equipment,0001: COMBAT AIRCRAFT;OPTN: FIELD IS OPTIONAL PRIOR TO FY21,X,NOT APPLICABLE,,,SJDEB3MKJEW5,,LOCKHEED MARTIN CORP,LOCKHEED MARTIN CORPORATION,,98897,ZFN2JJXBLZT3,,LOCKHEED MARTIN CORP,LOCKHEED MARTIN CORP,USA,UNITED STATES,86 SOUTH COBB DR,,MARIETTA,13067,COBB,13,GA,GEORGIA,300630001,GA-11,GA-11,4106820755,,USA,UNITED STATES,MARIETTA,13067,COBB,13,GA,GEORGIA,300630001,GA-11,GA-11,AWARD,D,DEFINITIVE CONTRACT,,,,,,,J,FIRM FIXED PRICE,C-130J CENTER WING REPLACEMENT PROGRAM,FA850419R0004,1,,,1560,AIRFRAME STRUCTURAL COMPONENTS,H,NOT BUNDLED,A1A,AIRFRAMES AND SPARES,336411,AIRCRAFT MANUFACTURING,C,NO CLAUSES INCLUDED AND NO SUSTAINABILITY INCLUDED,A,U.S. OWNED BUSINESS,220,C-130J,Z,NOT IT PRODUCTS OR SERVICES,E,NOT REQUIRED,USA,UNITED STATES,D,MFG IN U.S.,H,DOD COMPREHENSIVE SUBCONTRACT PLAN,C,NOT COMPETED,SSS,ONLY ONE SOURCE,NONE,NO SET ASIDE USED.,NONE,NO PREFERENCE USED,,,,,ONE,ONLY ONE SOURCE-OTHER (FAR 6.302-1 OTHER),1,D,COMMERCIAL PRODUCTS/SERVICES PROCEDURES NOT USED,f,N,NO,N,NO,X,NOT APPLICABLE,N,NO,0.00,N,NO,Y,YES,X,NOT APPLICABLE,X,NOT APPLICABLE,X,NOT APPLICABLE,,,,,,,,,,Y,YES,Y,YES - CAS CLAUSE INCLUDED,N,N,N,NO,D,NOT CONSOLIDATED,X,NOT APPLICABLE,N,NO,Z,NOT APPLICABLE,N,NO,X,NOT APPLICABLE,f,f,f,f,f,f,f,f,f,f,f,f,f,f,f,f,f,f,f,OTHER THAN SMALL BUSINESS,O,f,f,f,f,f,f,f,f,f,f,f,f,f,f,f,f,f,CORPORATE NOT TAX EXEMPT,t,f,f,f,f,f,f,f,f,f,f,f,t,f,f,f,f,t,f,f,f,f,f,f,f,f,f,f,t,f,f,f,f,f,f,f,f,f,f,f,f,f,f,f,f,f,f,f,f,f,,,,,,,,,,,https://www.usaspending.gov/award/CONT_AWD_FA850420C0002_9700_-NONE-_-NONE-/,2025-04-24
CONT_AWD_FA850420F0028_9700_FA850416D0001_9700,FA850420F0028,9700,DEPT OF DEFENSE,FA850416D0001,N: Emergency P.L. 116-136;Q: Not Designated Nonemergency/Emergency/Disaster/Wildfire Suppression,1495100.87,9422971.48,,,84076015.20,2046107.71,84076015.20,84076015.20,2020-07-29,2020,2025-05-30,2025,2020-08-01,2022-01-31,2022-01-31 00:00:00,,2020-07-29,097,Department of Defense,5700,Department of the Air Force,FA8504,FA8504  AFLCMC WLNKA,097,Department of Defense,5700,Department of the Air Force,F3QCCC,F3QCCC AFLCMC WLN,057-2018/2020-3010-000;057-2020/2020-3400-000;057-2020/2020-3740-000;057-2020/2020-3840-000;057-2021/2021-3400-000;057-2021/2021-3740-000;057-2021/2021-3840-000,057-3010;057-3400;057-3740;057-3840,25.7: Operation and maintenance of equipment;31.0: Equipment,0000: UNKNOWN/OTHER;0001: COMBAT AIRCRAFT;0001: OPERATING FORCES;OPTN: FIELD IS OPTIONAL PRIOR TO FY21,X,NOT APPLICABLE,,,SJDEB3MKJEW5,,LOCKHEED MARTIN CORP,LOCKHEED MARTIN CORPORATION,,98897,ZFN2JJXBLZT3,,LOCKHEED MARTIN CORP,LOCKHEED MARTIN CORP,USA,UNITED STATES,86 SOUTH COBB DR,,MARIETTA,13067,COBB,13,GA,GEORGIA,300630001,GA-11,GA-11,4106820755,,USA,UNITED STATES,MARIETTA,13067,COBB,13,GA,GEORGIA,300630001,GA-11,GA-11,AWARD,C,DELIVERY ORDER,,,,,,,J,FIRM FIXED PRICE,C-130J LONG TERM SUSTAINMENT,,1,OT,OTHER FUNCTIONS,J015,MAINT/REPAIR/REBUILD OF EQUIPMENT- AIRCRAFT AND AIRFRAME STRUCTURAL COMPONENTS,H,NOT BUNDLED,A1A,AIRFRAMES AND SPARES,541330,ENGINEERING SERVICES,C,NO CLAUSES INCLUDED AND NO SUSTAINABILITY INCLUDED,A,U.S. OWNED BUSINESS,220,C-130J,Z,NOT IT PRODUCTS OR SERVICES,E,NOT REQUIRED,USA,UNITED STATES,C,NOT A MANUFACTURED END PRODUCT,H,DOD COMPREHENSIVE SUBCONTRACT PLAN,C,NOT COMPETED,SSS,ONLY ONE SOURCE,,,NONE,NO PREFERENCE USED,,,,,UNQ,UNIQUE SOURCE (FAR 6.302-1(B)(1)),,D,COMMERCIAL PRODUCTS/SERVICES PROCEDURES NOT USED,f,N,NO,N,NO,Y,YES,N,NO,0.00,N,NO,X,NOT APPLICABLE,Y,YES,X,NOT APPLICABLE,X,NOT APPLICABLE,,,B,IDC,S,SINGLE AWARD,,,,Y,YES,,,Y,Y,N,NO,D,NOT CONSOLIDATED,Y,YES - SERVICE WHERE PBA IS USED.,N,NO,Z,NOT APPLICABLE,N,NO,X,NOT APPLICABLE,f,f,f,f,f,f,f,f,f,f,f,f,f,f,f,f,f,f,f,OTHER THAN SMALL BUSINESS,O,f,f,f,f,f,f,f,f,f,f,f,f,f,f,f,f,f,CORPORATE NOT TAX EXEMPT,t,f,f,f,f,f,f,f,f,f,f,f,t,f,f,f,f,t,f,f,f,f,f,f,f,f,f,f,t,f,f,f,f,f,f,f,f,f,f,f,f,f,f,f,f,f,f,f,f,f,,,,,,,,,,,https://www.usaspending.gov/award/CONT_AWD_FA850420F0028_9700_FA850416D0001_9700/,2025-05-30
CONT_AWD_FA850421F0036_9700_FA850416D0001_9700,FA850421F0036,9700,DEPT OF DEFENSE,FA850416D0001,,,,,,46495494.78,,51343228.85,51343228.85,2021-07-15,2021,2025-09-24,2025,2021-08-01,2024-02-29,2024-02-29 00:00:00,,2021-07-15,097,Department of Defense,9763,Defense Contract Management Agency,S1111A,DCMA FIXED WING MARIETTA,097,Department of Defense,5700,Department of the Air Force,FA8504,FA8504  AFLCMC WLNKA,,,,,X,NOT APPLICABLE,,,SJDEB3MKJEW5,,LOCKHEED MARTIN CORP,LOCKHEED MARTIN CORPORATION,,98897,ZFN2JJXBLZT3,,LOCKHEED MARTIN CORP,LOCKHEED MARTIN CORP,USA,UNITED STATES,86 SOUTH COBB DR,,MARIETTA,13067,COBB,13,GA,GEORGIA,300630001,GA-11,GA-11,4106820755,,USA,UNITED STATES,MARIETTA,13067,COBB,13,GA,GEORGIA,300630001,GA-11,GA-11,AWARD,C,DELIVERY ORDER,,,,,,,V,COST PLUS INCENTIVE FEE,C-130J WEAPON SYSTEM LONG TERM SUSTAINMENT,,1,OT,OTHER FUNCTIONS,J015,MAINT/REPAIR/REBUILD OF EQUIPMENT- AIRCRAFT AND AIRFRAME STRUCTURAL COMPONENTS,H,NOT BUNDLED,A1A,AIRFRAMES AND SPARES,541330,ENGINEERING SERVICES,C,NO CLAUSES INCLUDED AND NO SUSTAINABILITY INCLUDED,A,U.S. OWNED BUSINESS,220,C-130J,Z,NOT IT PRODUCTS OR SERVICES,E,NOT REQUIRED,USA,UNITED STATES,C,NOT A MANUFACTURED END PRODUCT,H,DOD COMPREHENSIVE SUBCONTRACT PLAN,C,NOT COMPETED,SSS,ONLY ONE SOURCE,,,NONE,NO PREFERENCE USED,,,,,UNQ,UNIQUE SOURCE (FAR 6.302-1(B)(1)),,D,COMMERCIAL PRODUCTS/SERVICES PROCEDURES NOT USED,f,N,NO,N,NO,Y,YES,N,NO,,N,NO,X,NOT APPLICABLE,Y,YES,X,NOT APPLICABLE,X,NOT APPLICABLE,,,B,IDC,S,SINGLE AWARD,,,,Y,YES,,,N,N,U,UNKNOWN,D,NOT CONSOLIDATED,N,NO - SERVICE WHERE PBA IS NOT USED.,N,NO,Z,NOT APPLICABLE,N,NO,X,NOT APPLICABLE,f,f,f,f,f,f,f,f,f,f,f,f,f,f,f,f,f,f,f,OTHER THAN SMALL BUSINESS,O,f,f,f,f,f,f,f,f,f,f,f,f,f,f,f,f,f,CORPORATE NOT TAX EXEMPT,t,f,f,f,f,f,f,f,f,f,f,f,t,f,f,f,f,t,f,f,f,f,f,f,f,f,f,f,t,f,f,f,f,f,f,f,f,f,f,f,f,f,f,f,f,f,f,f,f,f,,,,,,,,,,,https://www.usaspending.gov/award/CONT_AWD_FA850421F0036_9700_FA850416D0001_9700/,2025-10-30
CONT_AWD_FA850422F0014_9700_FA850422D0001_9700,FA850422F0014,9700,DEPT OF DEFENSE,FA850422D0001,,,,,,114555270.76,,116477963.92,116477963.92,2022-01-31,2022,2025-09-25,2025,2022-02-01,2026-12-31,2026-12-31 00:00:00,,2022-01-31,097,Department of Defense,5700,Department of the Air Force,FA8504,FA8504  AFLCMC WLNKA,097,Department of Defense,5700,Department of the Air Force,F3QCCC,F3QCCC AFLCMC WLN,,,,,X,NOT APPLICABLE,,,SJDEB3MKJEW5,,LOCKHEED MARTIN CORP,LOCKHEED MARTIN CORPORATION,,98897,ZFN2JJXBLZT3,,LOCKHEED MARTIN CORP,LOCKHEED MARTIN CORP,USA,UNITED STATES,86 SOUTH COBB DR,,MARIETTA,13067,COBB,13,GA,GEORGIA,300630001,GA-11,GA-11,4106820755,,USA,UNITED STATES,MARIETTA,13067,COBB,13,GA,GEORGIA,300630001,GA-11,GA-11,AWARD,C,DELIVERY ORDER,,,,,,,J,FIRM FIXED PRICE,C-130 LONG TERM SUSTAINMENT OF C-130 AIRCRAFT FLEET,,1,OT,OTHER FUNCTIONS,J015,MAINT/REPAIR/REBUILD OF EQUIPMENT- AIRCRAFT AND AIRFRAME STRUCTURAL COMPONENTS,H,NOT BUNDLED,A1A,AIRFRAMES AND SPARES,541330,ENGINEERING SERVICES,C,NO CLAUSES INCLUDED AND NO SUSTAINABILITY INCLUDED,A,U.S. OWNED BUSINESS,000,NONE,Z,NOT IT PRODUCTS OR SERVICES,E,NOT REQUIRED,USA,UNITED STATES,C,NOT A MANUFACTURED END PRODUCT,H,DOD COMPREHENSIVE SUBCONTRACT PLAN,C,NOT COMPETED,SSS,ONLY ONE SOURCE,,,NONE,NO PREFERENCE USED,,,,,ONE,ONLY ONE SOURCE-OTHER (FAR 6.302-1 OTHER),,D,COMMERCIAL PRODUCTS/SERVICES PROCEDURES NOT USED,f,N,NO,N,NO,Y,YES,N,NO,,N,NO,Y,YES,Y,YES,X,NOT APPLICABLE,X,NOT APPLICABLE,,,B,IDC,S,SINGLE AWARD,,,,Y,YES,,,N,N,N,NO,D,NOT CONSOLIDATED,Y,YES - SERVICE WHERE PBA IS USED.,N,NO,Z,NOT APPLICABLE,N,NO,X,NOT APPLICABLE,f,f,f,f,f,f,f,f,f,f,f,f,f,f,f,f,f,f,f,OTHER THAN SMALL BUSINESS,O,f,f,f,f,f,f,f,f,f,f,f,f,f,f,f,f,f,CORPORATE NOT TAX EXEMPT,t,f,f,f,f,f,f,f,f,f,f,f,t,f,f,f,f,t,f,f,f,f,f,f,f,f,f,f,t,f,f,f,f,f,f,f,f,f,f,f,f,f,f,f,f,f,f,f,f,f,,,,,,,,,,,https://www.usaspending.gov/award/CONT_AWD_FA850422F0014_9700_FA850422D0001_9700/,2025-09-25
CONT_AWD_FA850424F0006_9700_FA850422D0001_9700,FA850424F0006,9700,DEPT OF DEFENSE,FA850422D0001,,,,,,134499111.00,,135987529.03,135987529.03,2024-01-31,2024,2025-09-30,2025,2024-02-01,2026-10-31,2026-10-31 00:00:00,,2024-01-31,097,Department of Defense,5700,Department of the Air Force,FA8504,FA8504  AFLCMC WLNKA,097,Department of Defense,5700,Department of the Air Force,F3QCCC,F3QCCC AFLCMC WLN,,,,,X,NOT APPLICABLE,,,SJDEB3MKJEW5,,LOCKHEED MARTIN CORP,LOCKHEED MARTIN CORPORATION,,98897,ZFN2JJXBLZT3,,LOCKHEED MARTIN CORP,LOCKHEED MARTIN CORP,USA,UNITED STATES,86 SOUTH COBB DR,,MARIETTA,13067,COBB,13,GA,GEORGIA,300630001,GA-11,GA-11,4106820755,,USA,UNITED STATES,MARIETTA,13067,COBB,13,GA,GEORGIA,300630001,GA-11,GA-11,AWARD,C,DELIVERY ORDER,,,,,,,V,COST PLUS INCENTIVE FEE,LONG TERM SUSTAINMENT,FA850421R0002,1,OT,OTHER FUNCTIONS,J015,MAINT/REPAIR/REBUILD OF EQUIPMENT- AIRCRAFT AND AIRFRAME STRUCTURAL COMPONENTS,H,NOT BUNDLED,,,541330,ENGINEERING SERVICES,C,NO CLAUSES INCLUDED AND NO SUSTAINABILITY INCLUDED,A,U.S. OWNED BUSINESS,000,NONE,Z,NOT IT PRODUCTS OR SERVICES,E,NOT REQUIRED,USA,UNITED STATES,C,NOT A MANUFACTURED END PRODUCT,H,DOD COMPREHENSIVE SUBCONTRACT PLAN,C,NOT COMPETED,SSS,ONLY ONE SOURCE,,,NONE,NO PREFERENCE USED,,,,,ONE,ONLY ONE SOURCE-OTHER (FAR 6.302-1 OTHER),,D,COMMERCIAL PRODUCTS/SERVICES PROCEDURES NOT USED,f,N,NO,N,NO,Y,YES,N,NO,,N,NO,Y,YES,Y,YES,X,NOT APPLICABLE,X,NOT APPLICABLE,,,B,IDC,S,SINGLE AWARD,,,,Y,YES,Y,YES - CAS CLAUSE INCLUDED,N,N,,,D,NOT CONSOLIDATED,Y,YES - SERVICE WHERE PBA IS USED.,N,NO,Z,NOT APPLICABLE,N,NO,X,NOT APPLICABLE,f,f,f,f,f,f,f,f,f,f,f,f,f,f,f,f,f,f,f,OTHER THAN SMALL BUSINESS,O,f,f,f,f,f,f,f,f,f,f,f,f,f,f,f,f,f,CORPORATE NOT TAX EXEMPT,t,f,f,f,f,f,f,f,f,f,f,f,t,f,f,f,f,t,f,f,f,f,f,f,f,f,f,f,t,f,f,f,f,f,f,f,f,f,f,f,f,f,f,f,f,f,f,f,f,f,,,,,,,,,,,https://www.usaspending.gov/award/CONT_AWD_FA850424F0006_9700_FA850422D0001_9700/,2025-09-30
CONT_AWD_FA850425FB001_9700_FA850422D0001_9700,FA850425FB001,9700,DEPT OF DEFENSE,FA850422D0001,,,,,,147906180.36,,147906180.36,147906180.36,2025-01-30,2025,2025-09-25,2025,2025-02-01,2026-01-31,2026-01-31 00:00:00,,2024-12-01,097,Department of Defense,5700,Department of the Air Force,FA8504,FA8504  AFLCMC WLNKA,097,Department of Defense,5700,Department of the Air Force,F3QCCC,F3QCCC AFLCMC WLN,,,,,X,NOT APPLICABLE,,,SJDEB3MKJEW5,,LOCKHEED MARTIN CORP,LOCKHEED MARTIN CORPORATION,,98897,ZFN2JJXBLZT3,,LOCKHEED MARTIN CORP,LOCKHEED MARTIN CORP,USA,UNITED STATES,86 SOUTH COBB DR,,MARIETTA,13067,COBB,13,GA,GEORGIA,300630001,GA-11,GA-11,4106820755,,USA,UNITED STATES,MARIETTA,13067,COBB,13,GA,GEORGIA,300630001,GA-11,GA-11,AWARD,C,DELIVERY ORDER,,,,,,,V,COST PLUS INCENTIVE FEE,C-130J LONG TERM SUSTAINMENT III CONTRACTOR LOGISTICS SUPPORT,,1,OT,OTHER FUNCTIONS,R425,SUPPORT- PROFESSIONAL: ENGINEERING/TECHNICAL,H,NOT BUNDLED,,,541330,ENGINEERING SERVICES,C,NO CLAUSES INCLUDED AND NO SUSTAINABILITY INCLUDED,A,U.S. OWNED BUSINESS,000,NONE,Z,NOT IT PRODUCTS OR SERVICES,E,NOT REQUIRED,USA,UNITED STATES,C,NOT A MANUFACTURED END PRODUCT,H,DOD COMPREHENSIVE SUBCONTRACT PLAN,C,NOT COMPETED,SSS,ONLY ONE SOURCE,,,NONE,NO PREFERENCE USED,,,,,ONE,ONLY ONE SOURCE-OTHER (FAR 6.302-1 OTHER),,D,COMMERCIAL PRODUCTS/SERVICES PROCEDURES NOT USED,f,N,NO,N,NO,Y,YES,N,NO,,N,NO,Y,YES,Y,YES,X,NOT APPLICABLE,X,NOT APPLICABLE,,,B,IDC,S,SINGLE AWARD,,,,Y,YES,Y,YES - CAS CLAUSE INCLUDED,Y,Y,,,D,NOT CONSOLIDATED,Y,YES - SERVICE WHERE PBA IS USED.,N,NO,Z,NOT APPLICABLE,N,NO,X,NOT APPLICABLE,f,f,f,f,f,f,f,f,f,f,f,f,f,f,f,f,f,f,f,OTHER THAN SMALL BUSINESS,O,f,f,f,f,f,f,f,f,f,f,f,f,f,f,f,f,f,CORPORATE NOT TAX EXEMPT,t,f,f,f,f,f,f,f,f,f,f,f,t,f,f,f,f,t,f,f,f,f,f,f,f,f,f,f,t,f,f,f,f,f,f,f,f,f,f,f,f,f,f,f,f,f,f,f,f,f,,,,,,,,,,,https://www.usaspending.gov/award/CONT_AWD_FA850425FB001_9700_FA850422D0001_9700/,2026-01-29
CONT_AWD_FA850910C0027_9700_-NONE-_-NONE-,FA850910C0027,,,,,,,,,30809014.25,,337424.75,337424.75,2010-09-23,2010,2025-10-10,2026,2010-09-23,2014-08-31,2014-08-31 00:00:00,,,097,Department of Defense,9763,Defense Contract Management Agency,S0109A,DCMA AIMO EGLIN,097,Department of Defense,5700,Department of the Air Force,FA8509,FA8509  AFLCMC WIUKA,,,,,X,NOT APPLICABLE,,,JDZKLJH7LCE5,,VERTEX AIRCRAFT INTEGRATION AND SUSTAINMENT LLC,TCS AEROSPACE LLC,,0F5W6,LA9SGQG1VH83,,"REV GROUP, INC.",VERTEX AIRCRAFT INTEGRATION AND SUSTAINMENT LLC,USA,UNITED STATES,5486 FAIRCHILD RD,,CRESTVIEW,12091,OKALOOSA,12,FL,FLORIDA,325398155,FL-01,FL-01,2547324344,,USA,UNITED STATES,WARNER ROBINS,13153,HOUSTON,13,GA,GEORGIA,310883606,GA-08,GA-08,AWARD,D,DEFINITIVE CONTRACT,,,,,,,S,COST NO FEE,AIRCRAFT MANUFACTURING,,1,,,C219,ARCHITECT AND ENGINEERING- GENERAL: OTHER,D,NOT A BUNDLED REQUIREMENT,A1A,AIRFRAMES AND SPARES,336411,AIRCRAFT MANUFACTURING,C,NO CLAUSES INCLUDED AND NO SUSTAINABILITY INCLUDED,A,U.S. OWNED BUSINESS,000,NONE,Z,NOT IT PRODUCTS OR SERVICES,E,NOT REQUIRED,USA,UNITED STATES,C,NOT A MANUFACTURED END PRODUCT,C,PLAN REQUIRED - INCENTIVE NOT INCLUDED,C,NOT COMPETED,SSS,ONLY ONE SOURCE,NONE,NO SET ASIDE USED.,NONE,NO PREFERENCE USED,,,,,NS,NATIONAL SECURITY (FAR 6.302-6),1,D,COMMERCIAL PRODUCTS/SERVICES PROCEDURES NOT USED,f,N,NO,N,NO,X,NOT APPLICABLE,N,NO,0.00,N,NO,X,NOT APPLICABLE,Y,YES,N,NO,X,NOT APPLICABLE,,,,,,,,,,N,NO,X,NOT APPLICABLE EXEMPT FROM CAS,Y,Y,N,NO,N,NO,Y,YES - SERVICE WHERE PBA IS USED.,N,NO,Z,NOT APPLICABLE,N,NO,X,NOT APPLICABLE,f,f,f,f,f,f,f,f,f,f,f,f,f,f,f,f,f,f,f,OTHER THAN SMALL BUSINESS,O,f,f,f,f,f,f,f,f,f,f,f,f,f,f,f,f,f,CORPORATE NOT TAX EXEMPT,t,f,f,f,f,f,f,f,f,f,f,f,f,f,f,f,f,t,f,f,f,f,f,f,f,f,t,f,t,f,f,f,f,f,f,f,f,f,f,f,f,f,f,f,f,f,f,f,f,f,,,,,,,,,,,https://www.usaspending.gov/award/CONT_AWD_FA850910C0027_9700_-NONE-_-NONE-/,2025-10-14
CONT_AWD_FA850924F0003_9700_FA850920D0001_9700,FA850924F0003,9700,DEPT OF DEFENSE,FA850920D0001,,,,,,20545361.01,,20545361.01,21841571.09,2023-11-17,2024,2025-08-12,2025,2023-11-17,2026-11-26,2027-11-26 00:00:00,,2023-11-17,097,Department of Defense,5700,Department of the Air Force,FA8509,FA8509  AFLCMC WIUKA,097,Department of Defense,5700,Department of the Air Force,F3QCBB,F3QCBB AFLCMC WIU,,,,,X,NOT APPLICABLE,,,WAN5AY9JHMQ8,,"DMAERO, LLC","DMAERO, LLC",,6UBJ4,WAN5AY9JHMQ8,,"DMAERO, LLC",DMAERO  LLC,USA,UNITED STATES,106 JESSE HALL CT,,BYRON,13225,PEACH,13,GA,GEORGIA,310083844,GA-02,GA-02,4789561025,8668753979,USA,UNITED STATES,BYRON,13153,HOUSTON,13,GA,GEORGIA,310083844,GA-02,GA-02,AWARD,C,DELIVERY ORDER,,,,,,,J,FIRM FIXED PRICE,INDEFINITE DELIVERY INDEFINITE QUANTITY CONTRACT FOR THE SPECIAL OPERATION FORCES PERSONNEL RECOVERY FIXED WING AND ROTARY DIVISION AIRCRAFT MODIFICATIONS,FA850919R0002,1,OT,OTHER FUNCTIONS,K016,MODIFICATION OF EQUIPMENT- AIRCRAFT COMPONENTS AND ACCESSORIES,H,NOT BUNDLED,,,336411,AIRCRAFT MANUFACTURING,C,NO CLAUSES INCLUDED AND NO SUSTAINABILITY INCLUDED,A,U.S. OWNED BUSINESS,000,NONE,Z,NOT IT PRODUCTS OR SERVICES,E,NOT REQUIRED,USA,UNITED STATES,C,NOT A MANUFACTURED END PRODUCT,B,PLAN NOT REQUIRED,D,FULL AND OPEN COMPETITION AFTER EXCLUSION OF SOURCES,MAFO,SUBJECT TO MULTIPLE AWARD FAIR OPPORTUNITY,,,NONE,NO PREFERENCE USED,,,FOO,FOLLOW-ON ACTION FOLLOWING COMPETITIVE INITIAL ACTION,,,4,D,COMMERCIAL PRODUCTS/SERVICES PROCEDURES NOT USED,f,N,NO,N,NO,Y,YES,N,NO,,N,NO,Y,YES,Y,YES,X,NOT APPLICABLE,X,NOT APPLICABLE,,,B,IDC,M,MULTIPLE AWARD,,,,N,NO,X,NOT APPLICABLE EXEMPT FROM CAS,N,N,,,D,NOT CONSOLIDATED,N,NO - SERVICE WHERE PBA IS NOT USED.,N,NO,Z,NOT APPLICABLE,N,NO,X,NOT APPLICABLE,f,f,f,f,f,t,t,f,f,f,f,f,f,f,f,f,f,f,f,SMALL BUSINESS,S,f,f,f,f,f,f,f,f,f,f,f,f,f,f,f,f,f,PARTNERSHIP,f,f,t,f,f,f,f,f,f,f,f,f,f,f,f,f,f,t,f,f,f,f,f,f,f,t,f,f,t,f,f,f,f,f,f,f,f,f,f,f,f,f,f,f,f,t,f,f,f,f,,,,,,,,,,,https://www.usaspending.gov/award/CONT_AWD_FA850924F0003_9700_FA850920D0001_9700/,2025-08-12
CONT_AWD_FA852219F0015_9700_FA852218D0002_9700,FA852219F0015,9700,DEPT OF DEFENSE,FA852218D0002,,,,,,88218606.00,0.00,88186633.00,88186633.00,2018-12-13,2019,2025-09-18,2025,2018-12-15,2022-12-14,2022-12-14 00:00:00,,2018-12-13,097,Department of Defense,9763,Defense Contract Management Agency,S1002A,DCMA SOUTHEAST,097,Department of Defense,5700,Department of the Air Force,F3QL04,F3QL04 408 SCMS,057-2019/2019-3400-000,057-3400,25.7: Operation and maintenance of equipment,,X,NOT APPLICABLE,,,D9SJDK872X57,,NORTHROP GRUMMAN SYSTEMS CORP,NORTHROP GRUMMAN SYSTEMS CORPORATION,,1LTU5,NKVZLJL93QT6,,NORTHROP GRUMMAN CORPORATION,NORTHROP GRUMMAN SYSTEMS CORP,USA,UNITED STATES,101 INDUSTRIAL PARK BLVD,,WARNER ROBINS,13153,HOUSTON,13,GA,GEORGIA,310887409,GA-02,GA-02,7037134096,,USA,UNITED STATES,WARNER ROBINS,13153,HOUSTON,13,GA,GEORGIA,310887409,GA-02,GA-02,AWARD,C,DELIVERY ORDER,,,,,,,J,FIRM FIXED PRICE,IGF::OT::IGF LAIRCM AAQ-24 REPAIRS,,1,OT,OTHER FUNCTIONS,J058,"MAINT/REPAIR/REBUILD OF EQUIPMENT- COMMUNICATION, DETECTION, AND COHERENT RADIATION EQUIPMENT",H,NOT BUNDLED,A7,ELECTRONICS AND COMMUNICATION EQUIPMENT,811219,OTHER ELECTRONIC AND PRECISION EQUIPMENT REPAIR AND MAINTENANCE,C,NO CLAUSES INCLUDED AND NO SUSTAINABILITY INCLUDED,A,U.S. OWNED BUSINESS,000,NONE,Z,NOT IT PRODUCTS OR SERVICES,E,NOT REQUIRED,USA,UNITED STATES,C,NOT A MANUFACTURED END PRODUCT,F,INDIVIDUAL SUBCONTRACT PLAN,C,NOT COMPETED,SSS,ONLY ONE SOURCE,,,NONE,NO PREFERENCE USED,,,,,ONE,ONLY ONE SOURCE-OTHER (FAR 6.302-1 OTHER),,D,COMMERCIAL PRODUCTS/SERVICES PROCEDURES NOT USED,f,N,NO,N,NO,X,NOT APPLICABLE,N,NO,,N,NO,X,NOT APPLICABLE,Y,YES,X,NOT APPLICABLE,X,NOT APPLICABLE,,,B,IDC,S,SINGLE AWARD,,,,Y,YES,,,Y,Y,N,NO,D,NOT CONSOLIDATED,Y,YES - SERVICE WHERE PBA IS USED.,N,NO,Z,NOT APPLICABLE,N,NO,X,NOT APPLICABLE,f,f,f,f,f,f,f,f,f,f,f,f,f,f,f,f,f,f,f,OTHER THAN SMALL BUSINESS,O,f,f,f,f,f,f,f,f,f,f,f,f,f,f,f,f,f,CORPORATE NOT TAX EXEMPT,t,f,f,f,f,f,f,f,f,f,f,f,t,f,f,f,f,t,f,f,f,f,f,f,f,f,f,f,t,f,f,f,f,f,f,f,f,f,f,f,f,f,f,f,f,f,f,f,f,f,,,,,,,,,,,https://www.usaspending.gov/award/CONT_AWD_FA852219F0015_9700_FA852218D0002_9700/,2025-09-26
CONT_AWD_FA852220F0007_9700_FA852218D0002_9700,FA852220F0007,9700,DEPT OF DEFENSE,FA852218D0002,,,,,,39396910.79,,39396910.79,39396910.79,2019-12-18,2020,2025-07-29,2025,2019-12-18,2024-11-12,2024-11-12 00:00:00,,2019-12-18,097,Department of Defense,9763,Defense Contract Management Agency,S1002A,DCMA SOUTHEAST,097,Department of Defense,5700,Department of the Air Force,FA8212,FA8212  AFSC OLH PZABA,,,,,X,NOT APPLICABLE,,,D9SJDK872X57,,NORTHROP GRUMMAN SYSTEMS CORP,NORTHROP GRUMMAN SYSTEMS CORPORATION,,1LTU5,NKVZLJL93QT6,,NORTHROP GRUMMAN CORPORATION,NORTHROP GRUMMAN SYSTEMS CORP,USA,UNITED STATES,101 INDUSTRIAL PARK BLVD,,WARNER ROBINS,13153,HOUSTON,13,GA,GEORGIA,310887409,GA-02,GA-02,7037134096,,USA,UNITED STATES,WARNER ROBINS,13153,HOUSTON,13,GA,GEORGIA,310887409,GA-02,GA-02,AWARD,C,DELIVERY ORDER,,,,,,,J,FIRM FIXED PRICE,LAIRCM AAQ-24 REPAIRS,,1,"CL,CT","CLOSELY ASSOCIATED,CRITICAL FUNCTIONS",R408,SUPPORT- PROFESSIONAL: PROGRAM MANAGEMENT/SUPPORT,H,NOT BUNDLED,A7,ELECTRONICS AND COMMUNICATION EQUIPMENT,811219,OTHER ELECTRONIC AND PRECISION EQUIPMENT REPAIR AND MAINTENANCE,C,NO CLAUSES INCLUDED AND NO SUSTAINABILITY INCLUDED,A,U.S. OWNED BUSINESS,000,NONE,Z,NOT IT PRODUCTS OR SERVICES,E,NOT REQUIRED,USA,UNITED STATES,C,NOT A MANUFACTURED END PRODUCT,F,INDIVIDUAL SUBCONTRACT PLAN,C,NOT COMPETED,SSS,ONLY ONE SOURCE,,,NONE,NO PREFERENCE USED,,,,,ONE,ONLY ONE SOURCE-OTHER (FAR 6.302-1 OTHER),,D,COMMERCIAL PRODUCTS/SERVICES PROCEDURES NOT USED,f,N,NO,N,NO,X,NOT APPLICABLE,N,NO,,N,NO,X,NOT APPLICABLE,Y,YES,X,NOT APPLICABLE,X,NOT APPLICABLE,,,B,IDC,S,SINGLE AWARD,,,,Y,YES,,,Y,Y,N,NO,D,NOT CONSOLIDATED,Y,YES - SERVICE WHERE PBA IS USED.,N,NO,Z,NOT APPLICABLE,N,NO,X,NOT APPLICABLE,f,f,f,f,f,f,f,f,f,f,f,f,f,f,f,f,f,f,f,OTHER THAN SMALL BUSINESS,O,f,f,f,f,f,f,f,f,f,f,f,f,f,f,f,f,f,CORPORATE NOT TAX EXEMPT,t,f,f,f,f,f,f,f,f,f,f,f,t,f,f,f,f,t,f,f,f,f,f,f,f,f,f,f,t,f,f,f,f,f,f,f,f,f,f,f,f,f,f,f,f,f,f,f,f,f,,,,,,,,,,,https://www.usaspending.gov/award/CONT_AWD_FA852220F0007_9700_FA852218D0002_9700/,2025-07-29
CONT_AWD_FA852223F0003_9700_FA852218D0002_9700,FA852223F0003,9700,DEPT OF DEFENSE,FA852218D0002,,,,,,46388153.00,,46388153.00,46388153.00,2022-12-15,2023,2024-12-20,2025,2022-12-14,2023-12-13,2023-12-13 00:00:00,,2022-12-15,097,Department of Defense,5700,Department of the Air Force,FA8522,FA8522  AFSC PZABB,097,Department of Defense,5700,Department of the Air Force,F3QL04,F3QL04 408 SCMS,,,,,X,NOT APPLICABLE,,,D9SJDK872X57,,NORTHROP GRUMMAN SYSTEMS CORP,NORTHROP GRUMMAN SYSTEMS CORPORATION,,1LTU5,NKVZLJL93QT6,,NORTHROP GRUMMAN CORPORATION,NORTHROP GRUMMAN SYSTEMS CORP,USA,UNITED STATES,101 INDUSTRIAL PARK BLVD,,WARNER ROBINS,13153,HOUSTON,13,GA,GEORGIA,310887409,GA-02,GA-02,7037134096,,USA,UNITED STATES,WARNER ROBINS,13153,HOUSTON,13,GA,GEORGIA,310887409,GA-02,GA-02,AWARD,C,DELIVERY ORDER,,,,,,,J,FIRM FIXED PRICE,LAIRCM AAQ-24 REPAIRS,,1,OT,OTHER FUNCTIONS,DE01,"IT AND TELECOM - END USER: HELP DESK; TIER 1-2, WORKSPACE, PRINT, OUTPUT, PRODUCTIVITY TOOLS (LABOR)",H,NOT BUNDLED,,,811219,OTHER ELECTRONIC AND PRECISION EQUIPMENT REPAIR AND MAINTENANCE,C,NO CLAUSES INCLUDED AND NO SUSTAINABILITY INCLUDED,A,U.S. OWNED BUSINESS,000,NONE,D,NONCOMMERCIAL PRODUCT,E,NOT REQUIRED,USA,UNITED STATES,C,NOT A MANUFACTURED END PRODUCT,F,INDIVIDUAL SUBCONTRACT PLAN,C,NOT COMPETED,SSS,ONLY ONE SOURCE,,,NONE,NO PREFERENCE USED,,,,,ONE,ONLY ONE SOURCE-OTHER (FAR 6.302-1 OTHER),,D,COMMERCIAL PRODUCTS/SERVICES PROCEDURES NOT USED,f,N,NO,N,NO,X,NOT APPLICABLE,N,NO,,N,NO,X,NOT APPLICABLE,Y,YES,X,NOT APPLICABLE,X,NOT APPLICABLE,,,B,IDC,S,SINGLE AWARD,,,,Y,YES,Y,YES - CAS CLAUSE INCLUDED,N,N,N,NO,D,NOT CONSOLIDATED,Y,YES - SERVICE WHERE PBA IS USED.,N,NO,Z,NOT APPLICABLE,N,NO,X,NOT APPLICABLE,f,f,f,f,f,f,f,f,f,f,f,f,f,f,f,f,f,f,f,OTHER THAN SMALL BUSINESS,O,f,f,f,f,f,f,f,f,f,f,f,f,f,f,f,f,f,CORPORATE NOT TAX EXEMPT,t,f,f,f,f,f,f,f,f,f,f,f,t,f,f,f,f,t,f,f,f,f,f,f,f,f,f,f,t,f,f,f,f,f,f,f,f,f,f,f,f,f,f,f,f,f,f,f,f,f,,,,,,,,,,,https://www.usaspending.gov/award/CONT_AWD_FA852223F0003_9700_FA852218D0002_9700/,2024-12-20
CONT_AWD_FA852225F0009_9700_FA852224D0004_9700,FA852225F0009,9700,DEPT OF DEFENSE,FA852224D0004,,,,,,21977088.00,,21977088.00,21977088.00,2024-12-18,2025,2024-12-18,2025,2024-12-18,2025-08-31,2025-08-31 00:00:00,,2024-08-15,097,Department of Defense,5700,Department of the Air Force,FA8522,FA8522  AFSC PZABB,097,Department of Defense,5700,Department of the Air Force,F3QL04,F3QL04 408 SCMS,,,,,X,NOT APPLICABLE,,,D9SJDK872X57,,NORTHROP GRUMMAN SYSTEMS CORP,NORTHROP GRUMMAN SYSTEMS CORP,,1LTU5,NKVZLJL93QT6,,NORTHROP GRUMMAN CORPORATION,NORTHROP GRUMMAN SYSTEMS CORP,USA,UNITED STATES,101 INDUSTRIAL PARK BLVD,,WARNER ROBINS,13153,HOUSTON,13,GA,GEORGIA,310887409,GA-02,GA-02,5714491496,,USA,UNITED STATES,WARNER ROBINS,13153,HOUSTON,13,GA,GEORGIA,310887409,GA-02,GA-02,AWARD,C,DELIVERY ORDER,,,,,,,J,FIRM FIXED PRICE,LAIRCM AAQ-24 REPAIRS,FA852222R0004,1,OT,OTHER FUNCTIONS,J059,MAINT/REPAIR/REBUILD OF EQUIPMENT- ELECTRICAL AND ELECTRONIC EQUIPMENT COMPONENTS,H,NOT BUNDLED,,,811210,ELECTRONIC AND PRECISION EQUIPMENT REPAIR AND MAINTENANCE,C,NO CLAUSES INCLUDED AND NO SUSTAINABILITY INCLUDED,A,U.S. OWNED BUSINESS,000,NONE,Z,NOT IT PRODUCTS OR SERVICES,E,NOT REQUIRED,USA,UNITED STATES,C,NOT A MANUFACTURED END PRODUCT,F,INDIVIDUAL SUBCONTRACT PLAN,C,NOT COMPETED,SSS,ONLY ONE SOURCE,,,NONE,NO PREFERENCE USED,,,,,ONE,ONLY ONE SOURCE-OTHER (FAR 6.302-1 OTHER),,D,COMMERCIAL PRODUCTS/SERVICES PROCEDURES NOT USED,f,N,NO,,,X,NOT APPLICABLE,N,NO,,N,NO,X,NOT APPLICABLE,Y,YES,X,NOT APPLICABLE,X,NOT APPLICABLE,,,B,IDC,S,SINGLE AWARD,,,,Y,YES,X,NOT APPLICABLE EXEMPT FROM CAS,N,N,,,D,NOT CONSOLIDATED,N,NO - SERVICE WHERE PBA IS NOT USED.,N,NO,Z,NOT APPLICABLE,N,NO,X,NOT APPLICABLE,f,f,f,f,f,f,f,f,f,f,f,f,f,f,f,f,f,f,f,OTHER THAN SMALL BUSINESS,O,f,f,f,f,f,f,f,f,f,f,f,f,f,f,f,f,f,CORPORATE NOT TAX EXEMPT,t,f,f,f,f,f,f,f,f,f,f,f,t,f,f,f,f,t,f,f,f,f,f,f,f,f,f,f,t,f,f,f,f,f,f,f,f,f,f,f,f,f,f,f,f,f,f,f,f,f,,,,,,,,,,,https://www.usaspending.gov/award/CONT_AWD_FA852225F0009_9700_FA852224D0004_9700/,2024-12-18
CONT_AWD_FA852319F0035_9700_FA852319D0006_9700,FA852319F0035,9700,DEPT OF DEFENSE,FA852319D0006,E: Emergency P.L. 116-20;N: Emergency P.L. 116-136;Q: Not Designated Nonemergency/Emergency/Disaster/Wildfire Suppression,1182261.86,-1182261.86,,,32828214.16,1654260.95,32828214.16,38852114.16,2019-07-08,2019,2025-09-26,2025,2019-07-09,2025-07-16,2025-07-16 00:00:00,,2019-03-05,097,Department of Defense,5700,Department of the Air Force,FA8523,FA8523  AFLCMC ESKA,097,Department of Defense,5700,Department of the Air Force,F3QCDG,F3QCDG EW AVIONICS HBY,057-2018/2019-3600-000;057-2019/2019-3400-000;057-2020/2020-3400-000;057-2020/2021-3600-000;057-2021/2021-3400-000,057-3400;057-3600,25.5: Research and development contracts;25.7: Operation and maintenance of equipment;31.0: Equipment,0000: UNKNOWN/OTHER;0001: BASIC RESEARCH;0001: OPERATING FORCES;OPTN: FIELD IS OPTIONAL PRIOR TO FY21,X,NOT APPLICABLE,,,L3G5SBQ2PLK5,,GEORGIA TECH APPLIED RESEARCH CORP,GEORGIA TECH APPLIED RESEARCH CORPORATION,,1FEZ4,L3G5SBQ2PLK5,,GEORGIA TECH APPLIED RESEARCH CORP,GEORGIA TECH RESEARCH CORPORATION,USA,UNITED STATES,505 10TH ST,,ATLANTA,13121,FULTON,13,GA,GEORGIA,303185775,GA-05,GA-05,4048946934,4043852081,USA,UNITED STATES,ATLANTA,13121,FULTON,13,GA,GEORGIA,303185775,GA-05,GA-05,AWARD,C,DELIVERY ORDER,,,,,,,U,COST PLUS FIXED FEE,ALQ-213 BLOCK CYCLE SOFTWARE UPDATES,FA852319R0019,1,OT,OTHER FUNCTIONS,R424,SUPPORT- PROFESSIONAL: EXPERT WITNESS,H,NOT BUNDLED,A7,ELECTRONICS AND COMMUNICATION EQUIPMENT,541330,ENGINEERING SERVICES,C,NO CLAUSES INCLUDED AND NO SUSTAINABILITY INCLUDED,A,U.S. OWNED BUSINESS,000,NONE,Z,NOT IT PRODUCTS OR SERVICES,E,NOT REQUIRED,USA,UNITED STATES,C,NOT A MANUFACTURED END PRODUCT,F,INDIVIDUAL SUBCONTRACT PLAN,C,NOT COMPETED,SSS,ONLY ONE SOURCE,,,NONE,NO PREFERENCE USED,,,,,MES,"MOBILIZATION, ESSENTIAL R&D (FAR 6.302-3)",,D,COMMERCIAL PRODUCTS/SERVICES PROCEDURES NOT USED,f,N,NO,N,NO,X,NOT APPLICABLE,N,NO,0.00,N,NO,Y,YES,X,NOT APPLICABLE,X,NOT APPLICABLE,X,NOT APPLICABLE,,,B,IDC,S,SINGLE AWARD,,,,Y,YES,,,Y,Y,N,NO,D,NOT CONSOLIDATED,Y,YES - SERVICE WHERE PBA IS USED.,N,NO,Z,NOT APPLICABLE,N,NO,X,NOT APPLICABLE,f,f,f,f,f,f,f,f,f,f,f,f,f,f,f,f,f,f,f,OTHER THAN SMALL BUSINESS,O,f,f,f,f,f,f,f,f,f,f,f,f,f,f,f,f,f,CORPORATE TAX EXEMPT,f,t,f,f,f,f,f,f,f,t,f,f,f,f,f,f,f,t,f,f,f,f,f,f,f,f,f,f,f,t,f,f,f,t,f,f,f,f,f,f,f,f,f,f,f,f,f,f,f,f,,,,,,,,,,,https://www.usaspending.gov/award/CONT_AWD_FA852319F0035_9700_FA852319D0006_9700/,2025-09-29
CONT_AWD_FA852321C0001_9700_-NONE-_-NONE-,FA852321C0001,,,,,,,,,99748218.80,,99748218.80,99748218.80,2021-07-28,2021,2025-09-04,2025,2021-07-28,2026-03-30,2026-03-30 00:00:00,,2020-12-11,097,Department of Defense,5700,Department of the Air Force,FA8523,FA8523  AFLCMC ESKA,097,Department of Defense,5700,Department of the Air Force,F3QCDG,F3QCDG EW AVIONICS HBY,,,,,X,NOT APPLICABLE,,,L3G5SBQ2PLK5,,GEORGIA TECH APPLIED RESEARCH CORP,GEORGIA TECH APPLIED RESEARCH CORPORATION,,1FEZ4,L3G5SBQ2PLK5,,GEORGIA TECH APPLIED RESEARCH CORP,GEORGIA TECH RESEARCH CORPORATION,USA,UNITED STATES,926 DALNEY ST NW,,ATLANTA,13121,FULTON,13,GA,GEORGIA,30318,GA-05,GA-90,4048946934,4043852081,USA,UNITED STATES,ATLANTA,13121,FULTON,13,GA,GEORGIA,303180407,GA-06,GA-06,AWARD,D,DEFINITIVE CONTRACT,,,,,,,U,COST PLUS FIXED FEE,ALQ 161A DSU BAND 8 REACTIVATION,FA852321R0006,1,OT,OTHER FUNCTIONS,R425,SUPPORT- PROFESSIONAL: ENGINEERING/TECHNICAL,H,NOT BUNDLED,A7,ELECTRONICS AND COMMUNICATION EQUIPMENT,541330,ENGINEERING SERVICES,C,NO CLAUSES INCLUDED AND NO SUSTAINABILITY INCLUDED,A,U.S. OWNED BUSINESS,000,NONE,Z,NOT IT PRODUCTS OR SERVICES,E,NOT REQUIRED,USA,UNITED STATES,C,NOT A MANUFACTURED END PRODUCT,B,PLAN NOT REQUIRED,C,NOT COMPETED,SSS,ONLY ONE SOURCE,NONE,NO SET ASIDE USED.,NONE,NO PREFERENCE USED,,,,,ONE,ONLY ONE SOURCE-OTHER (FAR 6.302-1 OTHER),1,D,COMMERCIAL PRODUCTS/SERVICES PROCEDURES NOT USED,f,N,NO,N,NO,X,NOT APPLICABLE,N,NO,0.00,N,NO,N,NO,X,NOT APPLICABLE,X,NOT APPLICABLE,X,NOT APPLICABLE,,,,,,,,,,Y,YES,X,NOT APPLICABLE EXEMPT FROM CAS,Y,Y,N,NO,D,NOT CONSOLIDATED,N,NO - SERVICE WHERE PBA IS NOT USED.,N,NO,Z,NOT APPLICABLE,N,NO,X,NOT APPLICABLE,f,f,f,f,f,f,f,f,f,f,f,f,f,f,f,f,f,f,f,OTHER THAN SMALL BUSINESS,O,f,f,f,f,f,f,f,f,f,f,f,f,f,f,f,f,f,CORPORATE TAX EXEMPT,f,t,f,f,f,f,f,f,f,t,f,f,f,f,f,f,f,t,f,f,f,f,f,f,f,f,f,f,f,t,f,f,f,t,f,f,f,f,f,f,f,f,f,f,f,f,f,f,f,f,,,,,,,,,,,https://www.usaspending.gov/award/CONT_AWD_FA852321C0001_9700_-NONE-_-NONE-/,2025-09-04
CONT_AWD_FA852321F0018_9700_FA852319D0006_9700,FA852321F0018,9700,DEPT OF DEFENSE,FA852319D0006,,,,,,22725589.82,,22725589.82,22725589.82,2021-04-07,2021,2025-06-25,2025,2021-04-07,2025-03-18,2025-03-18 00:00:00,,2021-01-19,097,Department of Defense,5700,Department of the Air Force,FA8523,FA8523  AFLCMC ESKA,097,Department of Defense,5700,Department of the Air Force,F3QCDG,F3QCDG EW AVIONICS HBY,,,,,X,NOT APPLICABLE,,,L3G5SBQ2PLK5,,GEORGIA TECH APPLIED RESEARCH CORP,GEORGIA TECH APPLIED RESEARCH CORPORATION,,1FEZ4,L3G5SBQ2PLK5,,GEORGIA TECH APPLIED RESEARCH CORP,GEORGIA TECH RESEARCH CORPORATION,USA,UNITED STATES,505 10TH ST,,ATLANTA,13121,FULTON,13,GA,GEORGIA,303185775,GA-05,GA-05,4048946934,4043852081,USA,UNITED STATES,ATLANTA,13121,FULTON,13,GA,GEORGIA,303185775,GA-05,GA-05,AWARD,C,DELIVERY ORDER,,,,,,,U,COST PLUS FIXED FEE,ANGRY KITTEN COMBAT POD DMS INTEGRATION,FA852321R0020,1,OT,OTHER FUNCTIONS,R424,SUPPORT- PROFESSIONAL: EXPERT WITNESS,H,NOT BUNDLED,A7,ELECTRONICS AND COMMUNICATION EQUIPMENT,541330,ENGINEERING SERVICES,C,NO CLAUSES INCLUDED AND NO SUSTAINABILITY INCLUDED,A,U.S. OWNED BUSINESS,000,NONE,Z,NOT IT PRODUCTS OR SERVICES,E,NOT REQUIRED,USA,UNITED STATES,C,NOT A MANUFACTURED END PRODUCT,F,INDIVIDUAL SUBCONTRACT PLAN,C,NOT COMPETED,SSS,ONLY ONE SOURCE,,,NONE,NO PREFERENCE USED,,,,,MES,"MOBILIZATION, ESSENTIAL R&D (FAR 6.302-3)",,D,COMMERCIAL PRODUCTS/SERVICES PROCEDURES NOT USED,f,N,NO,N,NO,X,NOT APPLICABLE,N,NO,,N,NO,Y,YES,X,NOT APPLICABLE,X,NOT APPLICABLE,X,NOT APPLICABLE,,,B,IDC,S,SINGLE AWARD,,,,Y,YES,,,N,N,N,NO,D,NOT CONSOLIDATED,N,NO - SERVICE WHERE PBA IS NOT USED.,N,NO,Z,NOT APPLICABLE,N,NO,X,NOT APPLICABLE,f,f,f,f,f,f,f,f,f,f,f,f,f,f,f,f,f,f,f,OTHER THAN SMALL BUSINESS,O,f,f,f,f,f,f,f,f,f,f,f,f,f,f,f,f,f,CORPORATE TAX EXEMPT,f,t,f,f,f,f,f,f,f,t,f,f,f,f,f,f,f,t,f,f,f,f,f,f,f,f,f,f,f,t,f,f,f,t,f,f,f,f,f,f,f,f,f,f,f,f,f,f,f,f,,,,,,,,,,,https://www.usaspending.gov/award/CONT_AWD_FA852321F0018_9700_FA852319D0006_9700/,2025-06-27
CONT_AWD_FA852322F0018_9700_GS00Q14OADU330_4732,FA852322F0018,4732,FEDERAL ACQUISITION SERVICE,GS00Q14OADU330,,,,,,20977269.59,,25168385.04,25168385.04,2022-04-27,2022,2025-07-18,2025,2022-04-29,2027-04-28,2027-04-28 00:00:00,,2022-01-12,097,Department of Defense,5700,Department of the Air Force,FA8523,FA8523  AFLCMC ESKA,097,Department of Defense,5700,Department of the Air Force,F3QCDG,F3QCDG EW AVIONICS HBY,,,,,X,NOT APPLICABLE,,,FAK7LNGRNAN5,,SCIENTIFIC RESEARCH CORPORATION,SCIENTIFIC RESEARCH CORPORATION,,0D5A6,FAK7LNGRNAN5,,SCIENTIFIC RESEARCH CORPORATION,SCIENTIFIC RESEARCH CORP,USA,UNITED STATES,2300 WINDY RIDGE PKWY,STE 400S,ATLANTA,13067,COBB,13,GA,GEORGIA,303395665,GA-11,GA-11,7709899466,7709899424,USA,UNITED STATES,ATLANTA,13067,COBB,13,GA,GEORGIA,303398431,GA-11,GA-11,AWARD,C,DELIVERY ORDER,,,,,,,U,COST PLUS FIXED FEE,AN/ALR-46/69 RADAR WARNING RECEIVER SUSTAINING ENGINEERING SERVICES,FA852322R0014,1,OT,OTHER FUNCTIONS,R425,SUPPORT- PROFESSIONAL: ENGINEERING/TECHNICAL,H,NOT BUNDLED,A7,ELECTRONICS AND COMMUNICATION EQUIPMENT,541330,ENGINEERING SERVICES,C,NO CLAUSES INCLUDED AND NO SUSTAINABILITY INCLUDED,A,U.S. OWNED BUSINESS,000,NONE,Z,NOT IT PRODUCTS OR SERVICES,E,NOT REQUIRED,USA,UNITED STATES,C,NOT A MANUFACTURED END PRODUCT,B,PLAN NOT REQUIRED,A,FULL AND OPEN COMPETITION,MAFO,SUBJECT TO MULTIPLE AWARD FAIR OPPORTUNITY,,,NONE,NO PREFERENCE USED,,,ONE,ONLY ONE SOURCE - OTHER,,,1,D,COMMERCIAL PRODUCTS/SERVICES PROCEDURES NOT USED,f,N,NO,N,NO,Y,YES,N,NO,,N,NO,X,NOT APPLICABLE,N,NO,X,NOT APPLICABLE,X,NOT APPLICABLE,,,B,IDC,M,MULTIPLE AWARD,,,,N,NO,,,N,N,N,NO,D,NOT CONSOLIDATED,Y,YES - SERVICE WHERE PBA IS USED.,N,NO,Z,NOT APPLICABLE,N,NO,X,NOT APPLICABLE,f,f,f,f,f,f,f,f,f,f,f,f,f,f,f,f,f,f,f,OTHER THAN SMALL BUSINESS,O,f,f,f,f,f,f,f,f,f,f,f,f,f,f,f,f,f,CORPORATE NOT TAX EXEMPT,t,f,f,f,f,f,f,f,f,f,f,f,t,f,f,f,f,t,f,f,f,f,f,f,f,t,f,f,t,f,f,f,f,f,f,f,f,f,f,f,f,f,f,f,f,f,f,f,f,f,MICHAEL L WATT,1048584.00,STEVEN K WATT,740954.00,TIMOTHY L WASHINGTON,762014.00,JAMES D WARD,705376.00,THOMAS L PAPST,529104.00,https://www.usaspending.gov/award/CONT_AWD_FA852322F0018_9700_GS00Q14OADU330_4732/,2025-10-27
CONT_AWD_FA852323F0012_9700_FA852319D0006_9700,FA852323F0012,9700,DEPT OF DEFENSE,FA852319D0006,,,,,,33901494.33,,33901494.33,35400003.33,2023-06-09,2023,2025-09-29,2025,2023-06-12,2026-09-28,2026-09-28 00:00:00,,2022-10-12,097,Department of Defense,5700,Department of the Air Force,FA8523,FA8523  AFLCMC ESKA,097,Department of Defense,5700,Department of the Air Force,F3QCDG,F3QCDG EW AVIONICS HBY,,,,,X,NOT APPLICABLE,,,L3G5SBQ2PLK5,,GEORGIA TECH APPLIED RESEARCH CORP,GEORGIA TECH APPLIED RESEARCH CORPORATION,,1FEZ4,L3G5SBQ2PLK5,,GEORGIA TECH APPLIED RESEARCH CORP,GEORGIA TECH RESEARCH CORPORATION,USA,UNITED STATES,505 10TH ST,,ATLANTA,13121,FULTON,13,GA,GEORGIA,303185775,GA-05,GA-05,4048946934,4043852081,USA,UNITED STATES,ATLANTA,13121,FULTON,13,GA,GEORGIA,303185775,GA-05,GA-05,AWARD,C,DELIVERY ORDER,,,,,,,U,COST PLUS FIXED FEE,ESSENTIAL ENGINEERING AND RESEARCH CAPABILITY - BAND 8,FA852323R0002,1,OT,OTHER FUNCTIONS,R424,SUPPORT- PROFESSIONAL: EXPERT WITNESS,H,NOT BUNDLED,,,541330,ENGINEERING SERVICES,C,NO CLAUSES INCLUDED AND NO SUSTAINABILITY INCLUDED,A,U.S. OWNED BUSINESS,000,NONE,Z,NOT IT PRODUCTS OR SERVICES,E,NOT REQUIRED,USA,UNITED STATES,C,NOT A MANUFACTURED END PRODUCT,F,INDIVIDUAL SUBCONTRACT PLAN,C,NOT COMPETED,SSS,ONLY ONE SOURCE,,,NONE,NO PREFERENCE USED,,,,,MES,"MOBILIZATION, ESSENTIAL R&D (FAR 6.302-3)",,D,COMMERCIAL PRODUCTS/SERVICES PROCEDURES NOT USED,f,N,NO,N,NO,X,NOT APPLICABLE,N,NO,,N,NO,Y,YES,X,NOT APPLICABLE,X,NOT APPLICABLE,X,NOT APPLICABLE,,,B,IDC,S,SINGLE AWARD,,,,Y,YES,Y,YES - CAS CLAUSE INCLUDED,N,N,,,D,NOT CONSOLIDATED,N,NO - SERVICE WHERE PBA IS NOT USED.,N,NO,Z,NOT APPLICABLE,N,NO,X,NOT APPLICABLE,f,f,f,f,f,f,f,f,f,f,f,f,f,f,f,f,f,f,f,OTHER THAN SMALL BUSINESS,O,f,f,f,f,f,f,f,f,f,f,f,f,f,f,f,f,f,CORPORATE TAX EXEMPT,f,t,f,f,f,f,f,f,f,t,f,f,f,f,f,f,f,t,f,f,f,f,f,f,f,f,f,f,f,t,f,f,f,t,f,f,f,f,f,f,f,f,f,f,f,f,f,f,f,f,,,,,,,,,,,https://www.usaspending.gov/award/CONT_AWD_FA852323F0012_9700_FA852319D0006_9700/,2025-09-29
CONT_AWD_FA852517C0005_9700_-NONE-_-NONE-,FA852517C0005,,,,Q: Not Designated Nonemergency/Emergency/Disaster/Wildfire Suppression,,,,,22731360.37,0.00,22731360.37,22731360.37,2017-09-28,2017,2024-10-17,2025,2017-10-02,2027-09-19,2027-09-19 00:00:00,,,097,Department of Defense,5700,Department of the Air Force,FA8525,FA8525  AFLCMC WLSKA,097,Department of Defense,5700,Department of the Air Force,F3QCAZ,F3QCAZ AFLCMC HBGF,057-2017/2019-3010-000;057-2018/2020-3010-000;057-2019/2021-3010-000;057-2020/2022-3010-000;057-2021/2023-3010-000,057-3010,31.0: Equipment,0001: COMBAT AIRCRAFT,X,NOT APPLICABLE,,,CS1DSK8U2WT9,,GLOBAL DEFENSE SOLUTIONS LP,"GLOBAL DEFENSE SOLUTIONS, L.P.",,6T7K0,CS1DSK8U2WT9,,GLOBAL DEFENSE SOLUTIONS LP,GLOBAL DEFENSE SOLUTIONS LP,USA,UNITED STATES,117 CONSTITUTION DRIVE,,WARNER ROBINS,13153,HOUSTON,13,GA,GEORGIA,310888932,GA-08,GA-08,8433641565,8432780790,USA,UNITED STATES,WARNER ROBINS,13153,HOUSTON,13,GA,GEORGIA,310888932,GA-08,GA-08,AWARD,D,DEFINITIVE CONTRACT,,,,,,,J,FIRM FIXED PRICE,IGF::OT::IGF C5 LAVATORY KIT BUILD,FA852517R0005,1,,,1680,MISCELLANEOUS AIRCRAFT ACCESSORIES AND COMPONENTS,H,NOT BUNDLED,A1A,AIRFRAMES AND SPARES,336413,OTHER AIRCRAFT PARTS AND AUXILIARY EQUIPMENT MANUFACTURING,C,NO CLAUSES INCLUDED AND NO SUSTAINABILITY INCLUDED,A,U.S. OWNED BUSINESS,327,C-5 RERP,Z,NOT IT PRODUCTS OR SERVICES,E,NOT REQUIRED,USA,UNITED STATES,D,MFG IN U.S.,B,PLAN NOT REQUIRED,D,FULL AND OPEN COMPETITION AFTER EXCLUSION OF SOURCES,NP,NEGOTIATED PROPOSAL/QUOTE,SBA,SMALL BUSINESS SET ASIDE - TOTAL,NONE,NO PREFERENCE USED,,,,,,,4,A,COMMERCIAL PRODUCTS/SERVICES,f,N,NO,N,NO,X,NOT APPLICABLE,N,NO,0.00,N,NO,N,NO,X,NOT APPLICABLE,X,NOT APPLICABLE,X,NOT APPLICABLE,,,,,,,,,,N,NO,X,NOT APPLICABLE EXEMPT FROM CAS,Y,Y,N,NO,D,NOT CONSOLIDATED,X,NOT APPLICABLE,N,NO,Z,NOT APPLICABLE,N,NO,X,NOT APPLICABLE,f,f,f,f,f,t,t,f,f,f,f,f,f,f,f,f,f,f,f,SMALL BUSINESS,S,f,f,f,f,f,f,f,f,f,f,f,f,f,f,f,f,f,PARTNERSHIP,f,f,t,f,f,f,f,f,f,f,f,f,f,f,f,f,f,t,f,f,f,f,f,f,f,f,f,f,t,f,f,f,f,f,f,f,f,f,f,f,f,f,f,f,f,f,f,f,f,f,,,,,,,,,,,https://www.usaspending.gov/award/CONT_AWD_FA852517C0005_9700_-NONE-_-NONE-/,2024-10-17
CONT_AWD_FA852520F0017_9700_FA852519D0001_9700,FA852520F0017,9700,DEPT OF DEFENSE,FA852519D0001,Q: Not Designated Nonemergency/Emergency/Disaster/Wildfire Suppression,,,,,24524277.88,0.00,24524277.88,24524277.88,2020-01-24,2020,2025-03-12,2025,2020-01-24,2025-03-12,2025-03-12 00:00:00,,2020-01-20,097,Department of Defense,9763,Defense Contract Management Agency,S1111A,DCMA FIXED WING MARIETTA,097,Department of Defense,5700,Department of the Air Force,F3QCCS,F3QCCS AFLCMC WLS,057-2020/2020-3740-000,057-3740,25.7: Operation and maintenance of equipment,0001: OPERATING FORCES,X,NOT APPLICABLE,,,SJDEB3MKJEW5,,LOCKHEED MARTIN CORP,LOCKHEED MARTIN CORPORATION,,98897,ZFN2JJXBLZT3,,LOCKHEED MARTIN CORP,LOCKHEED MARTIN CORP,USA,UNITED STATES,86 SOUTH COBB DR,,MARIETTA,13067,COBB,13,GA,GEORGIA,300630001,GA-11,GA-11,4106820755,,USA,UNITED STATES,MARIETTA,13067,COBB,13,GA,GEORGIA,300630001,GA-11,GA-11,AWARD,C,DELIVERY ORDER,,,,,,,U,COST PLUS FIXED FEE,SUSTAINING ENGINEERING AND TECHNICL SUPPORT SERVICES (SETSS),FA852519R0001,1,OT,OTHER FUNCTIONS,R425,SUPPORT- PROFESSIONAL: ENGINEERING/TECHNICAL,H,NOT BUNDLED,A1C,OTHER AIRCRAFT EQUIPMENT,541330,ENGINEERING SERVICES,C,NO CLAUSES INCLUDED AND NO SUSTAINABILITY INCLUDED,A,U.S. OWNED BUSINESS,000,NONE,Z,NOT IT PRODUCTS OR SERVICES,E,NOT REQUIRED,USA,UNITED STATES,C,NOT A MANUFACTURED END PRODUCT,H,DOD COMPREHENSIVE SUBCONTRACT PLAN,C,NOT COMPETED,SSS,ONLY ONE SOURCE,,,NONE,NO PREFERENCE USED,,,,,ONE,ONLY ONE SOURCE-OTHER (FAR 6.302-1 OTHER),,D,COMMERCIAL PRODUCTS/SERVICES PROCEDURES NOT USED,f,N,NO,N,NO,X,NOT APPLICABLE,N,NO,,N,NO,X,NOT APPLICABLE,N,NO,X,NOT APPLICABLE,X,NOT APPLICABLE,,,B,IDC,S,SINGLE AWARD,,,,Y,YES,,,N,N,N,NO,D,NOT CONSOLIDATED,Y,YES - SERVICE WHERE PBA IS USED.,N,NO,Z,NOT APPLICABLE,N,NO,X,NOT APPLICABLE,f,f,f,f,f,f,f,f,f,f,f,f,f,f,f,f,f,f,f,OTHER THAN SMALL BUSINESS,O,f,f,f,f,f,f,f,f,f,f,f,f,f,f,f,f,f,CORPORATE NOT TAX EXEMPT,t,f,f,f,f,f,f,f,f,f,f,f,t,f,f,f,f,t,f,f,f,f,f,f,f,f,f,f,t,f,f,f,f,f,f,f,f,f,f,f,f,f,f,f,f,f,f,f,f,f,,,,,,,,,,,https://www.usaspending.gov/award/CONT_AWD_FA852520F0017_9700_FA852519D0001_9700/,2025-03-12
CONT_AWD_FA852520F0019_9700_FA852516D0003_9700,FA852520F0019,9700,DEPT OF DEFENSE,FA852516D0003,Q: Not Designated Nonemergency/Emergency/Disaster/Wildfire Suppression,,,,,28840198.01,1751754.69,28840198.01,28840198.01,2020-01-29,2020,2025-09-18,2025,2020-01-29,2025-08-31,2025-08-31 00:00:00,,2020-01-27,097,Department of Defense,9763,Defense Contract Management Agency,S1111A,DCMA FIXED WING MARIETTA,097,Department of Defense,5700,Department of the Air Force,F3QCCS,F3QCCS AFLCMC WLS,057-2020/2020-3740-000,057-3740,25.7: Operation and maintenance of equipment,OPTN: FIELD IS OPTIONAL PRIOR TO FY21,X,NOT APPLICABLE,,,SJDEB3MKJEW5,,LOCKHEED MARTIN CORP,LOCKHEED MARTIN CORPORATION,,98897,ZFN2JJXBLZT3,,LOCKHEED MARTIN CORP,LOCKHEED MARTIN CORP,USA,UNITED STATES,86 SOUTH COBB DR,,MARIETTA,13067,COBB,13,GA,GEORGIA,300630001,GA-11,GA-11,4106820755,,USA,UNITED STATES,MARIETTA,13067,COBB,13,GA,GEORGIA,300630001,GA-11,GA-11,AWARD,C,DELIVERY ORDER,,,,,,,L,FIXED PRICE INCENTIVE,C-5 CONTRACTOR LOGISTICS SUPPORT (CLS),,1,OT,OTHER FUNCTIONS,J016,MAINT/REPAIR/REBUILD OF EQUIPMENT- AIRCRAFT COMPONENTS AND ACCESSORIES,H,NOT BUNDLED,A1A,AIRFRAMES AND SPARES,336411,AIRCRAFT MANUFACTURING,C,NO CLAUSES INCLUDED AND NO SUSTAINABILITY INCLUDED,A,U.S. OWNED BUSINESS,000,NONE,Z,NOT IT PRODUCTS OR SERVICES,E,NOT REQUIRED,USA,UNITED STATES,C,NOT A MANUFACTURED END PRODUCT,H,DOD COMPREHENSIVE SUBCONTRACT PLAN,C,NOT COMPETED,SSS,ONLY ONE SOURCE,,,NONE,NO PREFERENCE USED,,,,,FOC,FOLLOW-ON CONTRACT (FAR 6.302-1(A)(2)(II/III)),,D,COMMERCIAL PRODUCTS/SERVICES PROCEDURES NOT USED,f,N,NO,N,NO,X,NOT APPLICABLE,N,NO,,N,NO,X,NOT APPLICABLE,Y,YES,X,NOT APPLICABLE,X,NOT APPLICABLE,,,B,IDC,S,SINGLE AWARD,,,,Y,YES,,,N,N,N,NO,D,NOT CONSOLIDATED,N,NO - SERVICE WHERE PBA IS NOT USED.,N,NO,Z,NOT APPLICABLE,N,NO,X,NOT APPLICABLE,f,f,f,f,f,f,f,f,f,f,f,f,f,f,f,f,f,f,f,OTHER THAN SMALL BUSINESS,O,f,f,f,f,f,f,f,f,f,f,f,f,f,f,f,f,f,CORPORATE NOT TAX EXEMPT,t,f,f,f,f,f,f,f,f,f,f,f,t,f,f,f,f,t,f,f,f,f,f,f,f,f,f,f,t,f,f,f,f,f,f,f,f,f,f,f,f,f,f,f,f,f,f,f,f,f,,,,,,,,,,,https://www.usaspending.gov/award/CONT_AWD_FA852520F0019_9700_FA852516D0003_9700/,2025-09-23
CONT_AWD_FA852521C0002_9700_-NONE-_-NONE-,FA852521C0002,,,,Q: Not Designated Nonemergency/Emergency/Disaster/Wildfire Suppression,,,,,25963776.53,0.00,25963776.53,40207699.78,2021-06-15,2021,2024-12-16,2025,2021-06-17,2025-05-31,2025-05-31 00:00:00,,2021-04-16,097,Department of Defense,5700,Department of the Air Force,FA8525,FA8525  AFLCMC WLSKA,097,Department of Defense,5700,Department of the Air Force,F3QCCS,F3QCCS AFLCMC WLS,057-2021/2022-3600-000,057-3600,31.0: Equipment,0001: BASIC RESEARCH,X,NOT APPLICABLE,,,SJDEB3MKJEW5,,LOCKHEED MARTIN CORP,LOCKHEED MARTIN CORPORATION,,98897,ZFN2JJXBLZT3,,LOCKHEED MARTIN CORP,LOCKHEED MARTIN CORP,USA,UNITED STATES,86 SOUTH COBB DR,,MARIETTA,13067,COBB,13,GA,GEORGIA,300630001,GA-11,GA-11,4106820755,,USA,UNITED STATES,MARIETTA,13067,COBB,13,GA,GEORGIA,300630001,GA-11,GA-11,AWARD,D,DEFINITIVE CONTRACT,,,,,,,U,COST PLUS FIXED FEE,ENGINEERING SERRVICES FOR THE REPLACEMENT OF MULTIFUNCTIONAL CONTROLS   DISPLAYS (RMCD) INTERGRATION EFFORT.,FA852521R0002,1,OT,OTHER FUNCTIONS,R425,SUPPORT- PROFESSIONAL: ENGINEERING/TECHNICAL,H,NOT BUNDLED,A1A,AIRFRAMES AND SPARES,541330,ENGINEERING SERVICES,C,NO CLAUSES INCLUDED AND NO SUSTAINABILITY INCLUDED,A,U.S. OWNED BUSINESS,000,NONE,Z,NOT IT PRODUCTS OR SERVICES,E,NOT REQUIRED,USA,UNITED STATES,C,NOT A MANUFACTURED END PRODUCT,B,PLAN NOT REQUIRED,C,NOT COMPETED,SSS,ONLY ONE SOURCE,NONE,NO SET ASIDE USED.,NONE,NO PREFERENCE USED,,,,,ONE,ONLY ONE SOURCE-OTHER (FAR 6.302-1 OTHER),1,D,COMMERCIAL PRODUCTS/SERVICES PROCEDURES NOT USED,f,N,NO,N,NO,X,NOT APPLICABLE,N,NO,0.00,N,NO,N,NO,X,NOT APPLICABLE,X,NOT APPLICABLE,X,NOT APPLICABLE,,,,,,,,,,N,NO,X,NOT APPLICABLE EXEMPT FROM CAS,N,N,N,NO,D,NOT CONSOLIDATED,Y,YES - SERVICE WHERE PBA IS USED.,N,NO,Z,NOT APPLICABLE,N,NO,X,NOT APPLICABLE,f,f,f,f,f,f,f,f,f,f,f,f,f,f,f,f,f,f,f,OTHER THAN SMALL BUSINESS,O,f,f,f,f,f,f,f,f,f,f,f,f,f,f,f,f,f,CORPORATE NOT TAX EXEMPT,t,f,f,f,f,f,f,f,f,f,f,f,t,f,f,f,f,t,f,f,f,f,f,f,f,f,f,f,t,f,f,f,f,f,f,f,f,f,f,f,f,f,f,f,f,f,f,f,f,f,,,,,,,,,,,https://www.usaspending.gov/award/CONT_AWD_FA852521C0002_9700_-NONE-_-NONE-/,2024-12-16
CONT_AWD_FA852521F0003_9700_FA852521D0003_9700,FA852521F0003,9700,DEPT OF DEFENSE,FA852521D0003,Q: Not Designated Nonemergency/Emergency/Disaster/Wildfire Suppression,,,,,40569291.94,0.00,40569291.94,40569291.94,2021-01-27,2021,2025-09-09,2025,2021-02-01,2026-12-31,2026-12-31 00:00:00,,2020-03-31,097,Department of Defense,5700,Department of the Air Force,FA8525,FA8525  AFLCMC WLSKA,097,Department of Defense,5700,Department of the Air Force,F3QCCS,F3QCCS AFLCMC WLS,057-2021/2021-3740-000,057-3740,25.7: Operation and maintenance of equipment,0001: OPERATING FORCES,X,NOT APPLICABLE,,,SJDEB3MKJEW5,,LOCKHEED MARTIN CORP,LOCKHEED MARTIN CORPORATION,,98897,ZFN2JJXBLZT3,,LOCKHEED MARTIN CORP,LOCKHEED MARTIN CORP,USA,UNITED STATES,86 SOUTH COBB DR,,MARIETTA,13067,COBB,13,GA,GEORGIA,300630001,GA-11,GA-11,4106820755,,USA,UNITED STATES,MARIETTA,13067,COBB,13,GA,GEORGIA,300630001,GA-11,GA-11,AWARD,C,DELIVERY ORDER,,,,,,,J,FIRM FIXED PRICE,CONTRACTOR LOGISTICS SUPPORT (CLS) FOR THE C-5 AIRCRAFT.,,1,OT,OTHER FUNCTIONS,R425,SUPPORT- PROFESSIONAL: ENGINEERING/TECHNICAL,H,NOT BUNDLED,A1A,AIRFRAMES AND SPARES,336411,AIRCRAFT MANUFACTURING,C,NO CLAUSES INCLUDED AND NO SUSTAINABILITY INCLUDED,A,U.S. OWNED BUSINESS,000,NONE,Z,NOT IT PRODUCTS OR SERVICES,E,NOT REQUIRED,USA,UNITED STATES,C,NOT A MANUFACTURED END PRODUCT,B,PLAN NOT REQUIRED,C,NOT COMPETED,SSS,ONLY ONE SOURCE,,,NONE,NO PREFERENCE USED,,,,,FOC,FOLLOW-ON CONTRACT (FAR 6.302-1(A)(2)(II/III)),,D,COMMERCIAL PRODUCTS/SERVICES PROCEDURES NOT USED,f,N,NO,N,NO,X,NOT APPLICABLE,N,NO,,N,NO,X,NOT APPLICABLE,N,NO,X,NOT APPLICABLE,X,NOT APPLICABLE,,,B,IDC,S,SINGLE AWARD,,,,Y,YES,,,N,N,N,NO,D,NOT CONSOLIDATED,N,NO - SERVICE WHERE PBA IS NOT USED.,N,NO,Z,NOT APPLICABLE,N,NO,X,NOT APPLICABLE,f,f,f,f,f,f,f,f,f,f,f,f,f,f,f,f,f,f,f,OTHER THAN SMALL BUSINESS,O,f,f,f,f,f,f,f,f,f,f,f,f,f,f,f,f,f,CORPORATE NOT TAX EXEMPT,t,f,f,f,f,f,f,f,f,f,f,f,t,f,f,f,f,t,f,f,f,f,f,f,f,f,f,f,t,f,f,f,f,f,f,f,f,f,f,f,f,f,f,f,f,f,f,f,f,f,,,,,,,,,,,https://www.usaspending.gov/award/CONT_AWD_FA852521F0003_9700_FA852521D0003_9700/,2025-09-09
CONT_AWD_FA852521F0015_9700_FA852519D0001_9700,FA852521F0015,9700,DEPT OF DEFENSE,FA852519D0001,Q: Not Designated Nonemergency/Emergency/Disaster/Wildfire Suppression,,,,,22939019.81,0.00,25008012.68,25008012.68,2021-01-21,2021,2025-09-18,2025,2021-01-25,2024-01-22,2024-01-22 00:00:00,,2021-01-21,097,Department of Defense,9763,Defense Contract Management Agency,S1111A,DCMA FIXED WING MARIETTA,097,Department of Defense,5700,Department of the Air Force,FA8525,FA8525  AFLCMC WLSKA,057-2021/2021-3740-000,057-3740,25.7: Operation and maintenance of equipment,0001: OPERATING FORCES,X,NOT APPLICABLE,,,SJDEB3MKJEW5,,LOCKHEED MARTIN CORP,LOCKHEED MARTIN CORPORATION,,98897,ZFN2JJXBLZT3,,LOCKHEED MARTIN CORP,LOCKHEED MARTIN CORP,USA,UNITED STATES,86 SOUTH COBB DR,,MARIETTA,13067,COBB,13,GA,GEORGIA,300630001,GA-11,GA-11,4106820755,,USA,UNITED STATES,MARIETTA,13067,COBB,13,GA,GEORGIA,300630001,GA-11,GA-11,AWARD,C,DELIVERY ORDER,,,,,,,U,COST PLUS FIXED FEE,SUSTAINING ENGINEERING AND TECHNICAL SUPPORT SERVICES (SETSS),,1,OT,OTHER FUNCTIONS,R425,SUPPORT- PROFESSIONAL: ENGINEERING/TECHNICAL,H,NOT BUNDLED,A1C,OTHER AIRCRAFT EQUIPMENT,541330,ENGINEERING SERVICES,C,NO CLAUSES INCLUDED AND NO SUSTAINABILITY INCLUDED,A,U.S. OWNED BUSINESS,000,NONE,Z,NOT IT PRODUCTS OR SERVICES,E,NOT REQUIRED,USA,UNITED STATES,C,NOT A MANUFACTURED END PRODUCT,H,DOD COMPREHENSIVE SUBCONTRACT PLAN,C,NOT COMPETED,SSS,ONLY ONE SOURCE,,,NONE,NO PREFERENCE USED,,,,,ONE,ONLY ONE SOURCE-OTHER (FAR 6.302-1 OTHER),,D,COMMERCIAL PRODUCTS/SERVICES PROCEDURES NOT USED,f,N,NO,N,NO,X,NOT APPLICABLE,N,NO,,N,NO,X,NOT APPLICABLE,N,NO,X,NOT APPLICABLE,X,NOT APPLICABLE,,,B,IDC,S,SINGLE AWARD,,,,Y,YES,,,N,N,N,NO,D,NOT CONSOLIDATED,Y,YES - SERVICE WHERE PBA IS USED.,N,NO,Z,NOT APPLICABLE,N,NO,X,NOT APPLICABLE,f,f,f,f,f,f,f,f,f,f,f,f,f,f,f,f,f,f,f,OTHER THAN SMALL BUSINESS,O,f,f,f,f,f,f,f,f,f,f,f,f,f,f,f,f,f,CORPORATE NOT TAX EXEMPT,t,f,f,f,f,f,f,f,f,f,f,f,t,f,f,f,f,t,f,f,f,f,f,f,f,f,f,f,t,f,f,f,f,f,f,f,f,f,f,f,f,f,f,f,f,f,f,f,f,f,,,,,,,,,,,https://www.usaspending.gov/award/CONT_AWD_FA852521F0015_9700_FA852519D0001_9700/,2025-12-05
CONT_AWD_FA852521F0037_9700_FA852518D0001_9700,FA852521F0037,9700,DEPT OF DEFENSE,FA852518D0001,,,,,,34147066.93,,34147066.93,34147066.93,2021-09-28,2021,2025-03-24,2025,2021-09-30,2026-03-18,2026-03-18 00:00:00,,2021-09-22,097,Department of Defense,5700,Department of the Air Force,FA8525,FA8525  AFLCMC WLSKA,097,Department of Defense,5700,Department of the Air Force,F3QCCS,F3QCCS AFLCMC WLS,,,,,X,NOT APPLICABLE,,,SJDEB3MKJEW5,,LOCKHEED MARTIN CORP,LOCKHEED MARTIN CORPORATION,,98897,ZFN2JJXBLZT3,,LOCKHEED MARTIN CORP,LOCKHEED MARTIN CORP,USA,UNITED STATES,86 SOUTH COBB DR,,MARIETTA,13067,COBB,13,GA,GEORGIA,300630001,GA-11,GA-11,4106820755,,USA,UNITED STATES,MARIETTA,13067,COBB,13,GA,GEORGIA,300630001,GA-11,GA-11,AWARD,C,DELIVERY ORDER,,,,,,,U,COST PLUS FIXED FEE,C-5 SOFTWARE UPDATES,FA852517R0007,1,,,7A20,IT AND TELECOM - APPLICATION DEVELOPMENT SOFTWARE (PERPETUAL LICENSE SOFTWARE),H,NOT BUNDLED,A1C,OTHER AIRCRAFT EQUIPMENT,541511,CUSTOM COMPUTER PROGRAMMING SERVICES,C,NO CLAUSES INCLUDED AND NO SUSTAINABILITY INCLUDED,A,U.S. OWNED BUSINESS,000,NONE,D,NONCOMMERCIAL PRODUCT,E,NOT REQUIRED,USA,UNITED STATES,D,MFG IN U.S.,H,DOD COMPREHENSIVE SUBCONTRACT PLAN,C,NOT COMPETED,SSS,ONLY ONE SOURCE,,,NONE,NO PREFERENCE USED,,,,,ONE,ONLY ONE SOURCE-OTHER (FAR 6.302-1 OTHER),,D,COMMERCIAL PRODUCTS/SERVICES PROCEDURES NOT USED,f,N,NO,N,NO,X,NOT APPLICABLE,N,NO,,N,NO,N,NO,X,NOT APPLICABLE,X,NOT APPLICABLE,X,NOT APPLICABLE,,,B,IDC,S,SINGLE AWARD,,,,Y,YES,,,N,N,N,NO,D,NOT CONSOLIDATED,X,NOT APPLICABLE,N,NO,Z,NOT APPLICABLE,N,NO,X,NOT APPLICABLE,f,f,f,f,f,f,f,f,f,f,f,f,f,f,f,f,f,f,f,OTHER THAN SMALL BUSINESS,O,f,f,f,f,f,f,f,f,f,f,f,f,f,f,f,f,f,CORPORATE NOT TAX EXEMPT,t,f,f,f,f,f,f,f,f,f,f,f,t,f,f,f,f,t,f,f,f,f,f,f,f,f,f,f,t,f,f,f,f,f,f,f,f,f,f,f,f,f,f,f,f,f,f,f,f,f,,,,,,,,,,,https://www.usaspending.gov/award/CONT_AWD_FA852521F0037_9700_FA852518D0001_9700/,2025-03-24
CONT_AWD_FA852522F0005_9700_FA852521D0003_9700,FA852522F0005,9700,DEPT OF DEFENSE,FA852521D0003,,,,,,32964755.77,,32964755.77,32964755.77,2022-01-27,2022,2025-09-25,2025,2022-02-01,2026-12-31,2026-12-31 00:00:00,,2022-01-27,097,Department of Defense,5700,Department of the Air Force,FA8525,FA8525  AFLCMC WLSKA,097,Department of Defense,5700,Department of the Air Force,F3QCCS,F3QCCS AFLCMC WLS,,,,,X,NOT APPLICABLE,,,SJDEB3MKJEW5,,LOCKHEED MARTIN CORP,LOCKHEED MARTIN CORPORATION,,98897,ZFN2JJXBLZT3,,LOCKHEED MARTIN CORP,LOCKHEED MARTIN CORP,USA,UNITED STATES,86 SOUTH COBB DR,,MARIETTA,13067,COBB,13,GA,GEORGIA,300630001,GA-11,GA-11,4106820755,,USA,UNITED STATES,MARIETTA,13067,COBB,13,GA,GEORGIA,300630001,GA-11,GA-11,AWARD,C,DELIVERY ORDER,,,,,,,J,FIRM FIXED PRICE,CONTRACTOR LOGISTICS SUPPORT (CLS) FOR THE C-5 AIRCRAFT.,,1,OT,OTHER FUNCTIONS,R425,SUPPORT- PROFESSIONAL: ENGINEERING/TECHNICAL,H,NOT BUNDLED,A1A,AIRFRAMES AND SPARES,336411,AIRCRAFT MANUFACTURING,C,NO CLAUSES INCLUDED AND NO SUSTAINABILITY INCLUDED,A,U.S. OWNED BUSINESS,000,NONE,Z,NOT IT PRODUCTS OR SERVICES,E,NOT REQUIRED,USA,UNITED STATES,C,NOT A MANUFACTURED END PRODUCT,B,PLAN NOT REQUIRED,C,NOT COMPETED,SSS,ONLY ONE SOURCE,,,NONE,NO PREFERENCE USED,,,,,FOC,FOLLOW-ON CONTRACT (FAR 6.302-1(A)(2)(II/III)),,D,COMMERCIAL PRODUCTS/SERVICES PROCEDURES NOT USED,f,N,NO,N,NO,X,NOT APPLICABLE,N,NO,,N,NO,X,NOT APPLICABLE,N,NO,X,NOT APPLICABLE,X,NOT APPLICABLE,,,B,IDC,S,SINGLE AWARD,,,,Y,YES,,,N,N,N,NO,D,NOT CONSOLIDATED,N,NO - SERVICE WHERE PBA IS NOT USED.,N,NO,Z,NOT APPLICABLE,N,NO,X,NOT APPLICABLE,f,f,f,f,f,f,f,f,f,f,f,f,f,f,f,f,f,f,f,OTHER THAN SMALL BUSINESS,O,f,f,f,f,f,f,f,f,f,f,f,f,f,f,f,f,f,CORPORATE NOT TAX EXEMPT,t,f,f,f,f,f,f,f,f,f,f,f,t,f,f,f,f,t,f,f,f,f,f,f,f,f,f,f,t,f,f,f,f,f,f,f,f,f,f,f,f,f,f,f,f,f,f,f,f,f,,,,,,,,,,,https://www.usaspending.gov/award/CONT_AWD_FA852522F0005_9700_FA852521D0003_9700/,2026-01-29
CONT_AWD_FA852523F0009_9700_FA852521D0003_9700,FA852523F0009,9700,DEPT OF DEFENSE,FA852521D0003,,,,,,35045827.87,,35045827.87,35045827.87,2023-01-11,2023,2025-07-17,2025,2023-02-01,2026-12-31,2026-12-31 00:00:00,,2023-01-11,097,Department of Defense,5700,Department of the Air Force,FA8525,FA8525  AFLCMC WLSKA,097,Department of Defense,5700,Department of the Air Force,F3QCCS,F3QCCS AFLCMC WLS,,,,,X,NOT APPLICABLE,,,SJDEB3MKJEW5,,LOCKHEED MARTIN CORP,LOCKHEED MARTIN CORPORATION,,98897,ZFN2JJXBLZT3,,LOCKHEED MARTIN CORP,LOCKHEED MARTIN CORP,USA,UNITED STATES,86 SOUTH COBB DR,,MARIETTA,13067,COBB,13,GA,GEORGIA,300630001,GA-11,GA-11,4106820755,,USA,UNITED STATES,MARIETTA,13067,COBB,13,GA,GEORGIA,300630001,GA-11,GA-11,AWARD,C,DELIVERY ORDER,,,,,,,J,FIRM FIXED PRICE,CONTRACTOR LOGISTICS SUPPORT (CLS) FOR THE C-5 AIRCRAFT.,,1,OT,OTHER FUNCTIONS,R425,SUPPORT- PROFESSIONAL: ENGINEERING/TECHNICAL,H,NOT BUNDLED,,,336411,AIRCRAFT MANUFACTURING,C,NO CLAUSES INCLUDED AND NO SUSTAINABILITY INCLUDED,A,U.S. OWNED BUSINESS,000,NONE,Z,NOT IT PRODUCTS OR SERVICES,E,NOT REQUIRED,USA,UNITED STATES,C,NOT A MANUFACTURED END PRODUCT,B,PLAN NOT REQUIRED,C,NOT COMPETED,SSS,ONLY ONE SOURCE,,,NONE,NO PREFERENCE USED,,,,,FOC,FOLLOW-ON CONTRACT (FAR 6.302-1(A)(2)(II/III)),,D,COMMERCIAL PRODUCTS/SERVICES PROCEDURES NOT USED,f,N,NO,N,NO,X,NOT APPLICABLE,N,NO,,N,NO,X,NOT APPLICABLE,N,NO,X,NOT APPLICABLE,X,NOT APPLICABLE,,,B,IDC,S,SINGLE AWARD,,,,Y,YES,X,NOT APPLICABLE EXEMPT FROM CAS,N,N,N,NO,D,NOT CONSOLIDATED,Y,YES - SERVICE WHERE PBA IS USED.,N,NO,Z,NOT APPLICABLE,N,NO,X,NOT APPLICABLE,f,f,f,f,f,f,f,f,f,f,f,f,f,f,f,f,f,f,f,OTHER THAN SMALL BUSINESS,O,f,f,f,f,f,f,f,f,f,f,f,f,f,f,f,f,f,CORPORATE NOT TAX EXEMPT,t,f,f,f,f,f,f,f,f,f,f,f,t,f,f,f,f,t,f,f,f,f,f,f,f,f,f,f,t,f,f,f,f,f,f,f,f,f,f,f,f,f,f,f,f,f,f,f,f,f,,,,,,,,,,,https://www.usaspending.gov/award/CONT_AWD_FA852523F0009_9700_FA852521D0003_9700/,2025-07-17
CONT_AWD_FA852524C0002_9700_-NONE-_-NONE-,FA852524C0002,,,,,,,,,23581077.00,,23581077.00,23581077.00,2024-07-23,2024,2025-06-10,2025,2024-07-25,2025-07-24,2025-07-24 00:00:00,,2024-04-15,097,Department of Defense,5700,Department of the Air Force,FA8525,FA8525  AFLCMC WLSKA,097,Department of Defense,5700,Department of the Air Force,F3QCCS,F3QCCS AFLCMC WLS,,,,,X,NOT APPLICABLE,,,SJDEB3MKJEW5,,LOCKHEED MARTIN CORP,LOCKHEED MARTIN CORP,,98897,ZFN2JJXBLZT3,,LOCKHEED MARTIN CORP,LOCKHEED MARTIN CORP,USA,UNITED STATES,86 S COBB DR SE,,MARIETTA,13067,COBB,13,GA,GEORGIA,300630001,GA-11,GA-11,6822858949,,USA,UNITED STATES,MARIETTA,13067,COBB,13,GA,GEORGIA,300630001,GA-11,GA-11,AWARD,D,DEFINITIVE CONTRACT,,,,,,,U,COST PLUS FIXED FEE,SETSS UCA,FA852524R0016,1,OT,OTHER FUNCTIONS,R425,SUPPORT- PROFESSIONAL: ENGINEERING/TECHNICAL,H,NOT BUNDLED,,,541330,ENGINEERING SERVICES,C,NO CLAUSES INCLUDED AND NO SUSTAINABILITY INCLUDED,A,U.S. OWNED BUSINESS,000,NONE,Z,NOT IT PRODUCTS OR SERVICES,E,NOT REQUIRED,USA,UNITED STATES,C,NOT A MANUFACTURED END PRODUCT,H,DOD COMPREHENSIVE SUBCONTRACT PLAN,C,NOT COMPETED,SSS,ONLY ONE SOURCE,NONE,NO SET ASIDE USED.,NONE,NO PREFERENCE USED,,,,,ONE,ONLY ONE SOURCE-OTHER (FAR 6.302-1 OTHER),1,D,COMMERCIAL PRODUCTS/SERVICES PROCEDURES NOT USED,f,N,NO,,,X,NOT APPLICABLE,N,NO,0.00,N,NO,Y,YES,X,NOT APPLICABLE,X,NOT APPLICABLE,X,NOT APPLICABLE,,,,,,,,,,Y,YES,Y,YES - CAS CLAUSE INCLUDED,N,N,,,D,NOT CONSOLIDATED,Y,YES - SERVICE WHERE PBA IS USED.,N,NO,Z,NOT APPLICABLE,N,NO,X,NOT APPLICABLE,f,f,f,f,f,f,f,f,f,f,f,f,f,f,f,f,f,f,f,OTHER THAN SMALL BUSINESS,O,f,f,f,f,f,f,f,f,f,f,f,f,f,f,f,f,f,CORPORATE NOT TAX EXEMPT,t,f,f,f,f,f,f,f,f,f,f,f,t,f,f,f,f,t,f,f,f,f,f,f,f,f,f,f,t,f,f,f,f,f,f,f,f,f,f,f,f,f,f,f,f,f,f,f,f,f,,,,,,,,,,,https://www.usaspending.gov/award/CONT_AWD_FA852524C0002_9700_-NONE-_-NONE-/,2025-06-10
CONT_AWD_FA852524F0005_9700_FA852521D0003_9700,FA852524F0005,9700,DEPT OF DEFENSE,FA852521D0003,,,,,,52351970.61,,240150606.34,240150606.34,2023-12-20,2024,2025-09-25,2025,2024-02-01,2025-05-31,2025-05-31 00:00:00,,2023-12-20,097,Department of Defense,5700,Department of the Air Force,FA8525,FA8525  AFLCMC WLSKA,097,Department of Defense,5700,Department of the Air Force,F3QCCS,F3QCCS AFLCMC WLS,,,,,X,NOT APPLICABLE,,,SJDEB3MKJEW5,,LOCKHEED MARTIN CORP,LOCKHEED MARTIN CORPORATION,,98897,ZFN2JJXBLZT3,,LOCKHEED MARTIN CORP,LOCKHEED MARTIN CORP,USA,UNITED STATES,86 SOUTH COBB DR,,MARIETTA,13067,COBB,13,GA,GEORGIA,300630001,GA-11,GA-11,4106820755,,USA,UNITED STATES,MARIETTA,13067,COBB,13,GA,GEORGIA,300630001,GA-11,GA-11,AWARD,C,DELIVERY ORDER,,,,,,,J,FIRM FIXED PRICE,C-5 GALAXY CONTRACTOR LOGISTICS SUPPORT (CLS),,1,OT,OTHER FUNCTIONS,R425,SUPPORT- PROFESSIONAL: ENGINEERING/TECHNICAL,H,NOT BUNDLED,,,336411,AIRCRAFT MANUFACTURING,C,NO CLAUSES INCLUDED AND NO SUSTAINABILITY INCLUDED,A,U.S. OWNED BUSINESS,000,NONE,Z,NOT IT PRODUCTS OR SERVICES,E,NOT REQUIRED,USA,UNITED STATES,C,NOT A MANUFACTURED END PRODUCT,B,PLAN NOT REQUIRED,C,NOT COMPETED,SSS,ONLY ONE SOURCE,,,NONE,NO PREFERENCE USED,,,,,FOC,FOLLOW-ON CONTRACT (FAR 6.302-1(A)(2)(II/III)),,D,COMMERCIAL PRODUCTS/SERVICES PROCEDURES NOT USED,f,N,NO,N,NO,X,NOT APPLICABLE,N,NO,,N,NO,X,NOT APPLICABLE,N,NO,X,NOT APPLICABLE,X,NOT APPLICABLE,,,B,IDC,S,SINGLE AWARD,,,,Y,YES,X,NOT APPLICABLE EXEMPT FROM CAS,N,N,,,D,NOT CONSOLIDATED,Y,YES - SERVICE WHERE PBA IS USED.,N,NO,Z,NOT APPLICABLE,N,NO,X,NOT APPLICABLE,f,f,f,f,f,f,f,f,f,f,f,f,f,f,f,f,f,f,f,OTHER THAN SMALL BUSINESS,O,f,f,f,f,f,f,f,f,f,f,f,f,f,f,f,f,f,CORPORATE NOT TAX EXEMPT,t,f,f,f,f,f,f,f,f,f,f,f,t,f,f,f,f,t,f,f,f,f,f,f,f,f,f,f,t,f,f,f,f,f,f,f,f,f,f,f,f,f,f,f,f,f,f,f,f,f,,,,,,,,,,,https://www.usaspending.gov/award/CONT_AWD_FA852524F0005_9700_FA852521D0003_9700/,2025-09-25
CONT_AWD_FA852525CB001_9700_-NONE-_-NONE-,FA852525CB001,,,,,,,,,42030750.00,,56041000.00,56041000.00,2025-05-29,2025,2025-08-13,2025,2025-06-01,2026-05-31,2026-05-31 00:00:00,,2024-12-20,097,Department of Defense,5700,Department of the Air Force,FA8525,FA8525  AFLCMC WLSKA,097,Department of Defense,5700,Department of the Air Force,F3QCCS,F3QCCS AFLCMC WLS,,,,,X,NOT APPLICABLE,,,SJDEB3MKJEW5,,LOCKHEED MARTIN CORP,LOCKHEED MARTIN CORP,,98897,ZFN2JJXBLZT3,,LOCKHEED MARTIN CORP,LOCKHEED MARTIN CORP,USA,UNITED STATES,86 S COBB DR SE,,MARIETTA,13067,COBB,13,GA,GEORGIA,300630001,GA-11,GA-11,6822858949,,USA,UNITED STATES,MARIETTA,13067,COBB,13,GA,GEORGIA,300630001,GA-11,GA-11,AWARD,D,DEFINITIVE CONTRACT,,,,,,,U,COST PLUS FIXED FEE,CLS UCA,FA852525RB005,1,OT,OTHER FUNCTIONS,J015,MAINT/REPAIR/REBUILD OF EQUIPMENT- AIRCRAFT AND AIRFRAME STRUCTURAL COMPONENTS,H,NOT BUNDLED,,,336411,AIRCRAFT MANUFACTURING,C,NO CLAUSES INCLUDED AND NO SUSTAINABILITY INCLUDED,A,U.S. OWNED BUSINESS,000,NONE,Z,NOT IT PRODUCTS OR SERVICES,E,NOT REQUIRED,USA,UNITED STATES,C,NOT A MANUFACTURED END PRODUCT,H,DOD COMPREHENSIVE SUBCONTRACT PLAN,C,NOT COMPETED,SSS,ONLY ONE SOURCE,NONE,NO SET ASIDE USED.,NONE,NO PREFERENCE USED,,,,,ONE,ONLY ONE SOURCE-OTHER (FAR 6.302-1 OTHER),1,D,COMMERCIAL PRODUCTS/SERVICES PROCEDURES NOT USED,f,N,NO,,,N,NO,N,NO,0.00,N,NO,N,NO,N,NO,N,NO,X,NOT APPLICABLE,,,,,,,,,,Y,YES,X,NOT APPLICABLE EXEMPT FROM CAS,Y,Y,,,D,NOT CONSOLIDATED,N,NO - SERVICE WHERE PBA IS NOT USED.,N,NO,Z,NOT APPLICABLE,N,NO,X,NOT APPLICABLE,f,f,f,f,f,f,f,f,f,f,f,f,f,f,f,f,f,f,f,OTHER THAN SMALL BUSINESS,O,f,f,f,f,f,f,f,f,f,f,f,f,f,f,f,f,f,CORPORATE NOT TAX EXEMPT,t,f,f,f,f,f,f,f,f,f,f,f,t,f,f,f,f,t,f,f,f,f,f,f,f,f,f,f,t,f,f,f,f,f,f,f,f,f,f,f,f,f,f,f,f,f,f,f,f,f,,,,,,,,,,,https://www.usaspending.gov/award/CONT_AWD_FA852525CB001_9700_-NONE-_-NONE-/,2025-08-13
CONT_AWD_FA853022F0005_9700_FA857120D0006_9700,FA853022F0005,9700,DEPT OF DEFENSE,FA857120D0006,Q: Not Designated Nonemergency/Emergency/Disaster/Wildfire Suppression,,,,,23098614.25,0.00,23098614.25,23098614.25,2022-07-13,2022,2025-09-03,2025,2022-07-14,2024-05-09,2024-05-09 00:00:00,,2022-03-25,097,Department of Defense,5700,Department of the Air Force,FA8530,FA8530  AFSC PZIE,097,Department of Defense,5700,Department of the Air Force,F3QCAM,F3QCAM AFSC ENRW,057-2022/2022-3400-000,057-3400,25.7: Operation and maintenance of equipment,0004: ADMINISTRATION AND SERVICE-WIDE ACTIVITIES;0020: UNDISTRIBUTED;0801: REIMBURSABLE,X,NOT APPLICABLE,,,ZBPQEJVECCT4,,PERATON INC.,PERATON INC.,,0HD54,ZBPQEJVECCT4,,PERATON INC.,PERATON INC.,USA,UNITED STATES,12975 WORLDGATE DR,SUITE 7322,HERNDON,51059,FAIRFAX,51,VA,VIRGINIA,201706008,VA-11,VA-11,7036686447,,USA,UNITED STATES,WARNER ROBINS,13153,HOUSTON,13,GA,GEORGIA,310887409,GA-02,GA-02,AWARD,C,DELIVERY ORDER,,,,,,,U,COST PLUS FIXED FEE,PRODUCT DATA SUPPORT SERVICES,FA853022R0004,1,OT,OTHER FUNCTIONS,DH01,"IT AND TELECOM - PLATFORM SUPPORT SERVICES: DATABASE, MAINFRAME, MIDDLEWARE (LABOR)",H,NOT BUNDLED,S1,SERVICES,518210,"COMPUTING INFRASTRUCTURE PROVIDERS, DATA PROCESSING, WEB HOSTING, AND RELATED SERVICES",C,NO CLAUSES INCLUDED AND NO SUSTAINABILITY INCLUDED,A,U.S. OWNED BUSINESS,000,NONE,F,NONCOMMERCIAL SERVICE,E,NOT REQUIRED,USA,UNITED STATES,C,NOT A MANUFACTURED END PRODUCT,F,INDIVIDUAL SUBCONTRACT PLAN,C,NOT COMPETED,SSS,ONLY ONE SOURCE,,,NONE,NO PREFERENCE USED,,,,,ONE,ONLY ONE SOURCE-OTHER (FAR 6.302-1 OTHER),,D,COMMERCIAL PRODUCTS/SERVICES PROCEDURES NOT USED,f,N,NO,N,NO,Y,YES,N,NO,,Y,YES,N,NO,Y,YES,N,NO,X,NOT APPLICABLE,,,B,IDC,S,SINGLE AWARD,,,,Y,YES,,,Y,Y,N,NO,D,NOT CONSOLIDATED,Y,YES - SERVICE WHERE PBA IS USED.,N,NO,Z,NOT APPLICABLE,N,NO,X,NOT APPLICABLE,f,f,f,f,f,f,f,f,f,f,f,f,f,f,f,f,f,f,f,OTHER THAN SMALL BUSINESS,O,f,f,f,f,f,f,f,f,f,f,f,f,f,f,f,f,f,CORPORATE NOT TAX EXEMPT,t,f,f,f,f,f,f,f,f,f,f,f,f,f,f,f,f,t,f,f,f,f,f,f,f,f,f,f,t,f,f,f,f,f,f,f,f,f,f,f,f,f,f,f,f,f,f,f,f,f,STEVEN  SCHORER,5866762.00,KIM  SHEA,3878584.00,KENNETH  SHARP,1859005.00,REBECCA  MCHALE,1194952.00,JAMES  WINNER,1032804.00,https://www.usaspending.gov/award/CONT_AWD_FA853022F0005_9700_FA857120D0006_9700/,2026-01-14
CONT_AWD_FA853024FB002_9700_47QTCK18D0011_4732,FA853024FB002,4732,FEDERAL ACQUISITION SERVICE,47QTCK18D0011,,,,,,37861464.10,,38119682.84,38119682.84,2024-07-12,2024,2025-09-26,2025,2024-07-14,2026-01-14,2026-01-14 00:00:00,,2024-03-17,097,Department of Defense,5700,Department of the Air Force,FA8530,FA8530  AFSC PZIE,097,Department of Defense,5700,Department of the Air Force,F3QCBB,F3QCBB AFLCMC WIU,,,,,X,NOT APPLICABLE,,,ZBPQEJVECCT4,,PERATON INC.,PERATON INC.,,0HD54,ZBPQEJVECCT4,,PERATON INC.,PERATON INC.,USA,UNITED STATES,12975 WORLDGATE DR STE 7322,,HERNDON,51059,FAIRFAX,51,VA,VIRGINIA,201706008,VA-11,VA-11,7036686447,,USA,UNITED STATES,WARNER ROBINS,13153,HOUSTON,13,GA,GEORGIA,310982694,GA-02,GA-02,AWARD,C,DELIVERY ORDER,,,,,,,U,COST PLUS FIXED FEE,"PROVIDE SERVICES REQUIRED TO SUPPORT UNITED STATES AIR FORCE (USAF) PRODUCT DATA SYSTEMS (PDSS II.5). THESE SERVICES INCLUDE SYSTEMS MGMT, DATA MNGMT, AND ENTERPRISE MIGRATION SUPPORT REQUIRED FOR CONTINUED PERFORMANCE OF TECHNICAL SERVICES AT (RAFB)",,1,OT,OTHER FUNCTIONS,DH01,"IT AND TELECOM - PLATFORM SUPPORT SERVICES: DATABASE, MAINFRAME, MIDDLEWARE (LABOR)",H,NOT BUNDLED,,,541512,COMPUTER SYSTEMS DESIGN SERVICES,C,NO CLAUSES INCLUDED AND NO SUSTAINABILITY INCLUDED,A,U.S. OWNED BUSINESS,000,NONE,F,NONCOMMERCIAL SERVICE,E,NOT REQUIRED,USA,UNITED STATES,C,NOT A MANUFACTURED END PRODUCT,F,INDIVIDUAL SUBCONTRACT PLAN,A,FULL AND OPEN COMPETITION,MAFO,SUBJECT TO MULTIPLE AWARD FAIR OPPORTUNITY,,,NONE,NO PREFERENCE USED,,,FAIR,FAIR OPPORTUNITY GIVEN,,,1,D,COMMERCIAL PRODUCTS/SERVICES PROCEDURES NOT USED,f,N,NO,N,NO,Y,YES,N,NO,,Y,YES,X,NOT APPLICABLE,X,NOT APPLICABLE,X,NOT APPLICABLE,X,NOT APPLICABLE,,,A,GWAC,M,MULTIPLE AWARD,,,,,,Y,YES - CAS CLAUSE INCLUDED,Y,Y,,,D,NOT CONSOLIDATED,Y,YES - SERVICE WHERE PBA IS USED.,,,Z,NOT APPLICABLE,N,NO,X,NOT APPLICABLE,f,f,f,f,f,f,f,f,f,f,f,f,f,f,f,f,f,f,f,OTHER THAN SMALL BUSINESS,O,f,f,f,f,f,f,f,f,f,f,f,f,f,f,f,f,f,CORPORATE NOT TAX EXEMPT,t,f,f,f,f,f,f,f,f,f,f,f,f,f,f,f,f,t,f,f,f,f,f,f,f,f,f,f,t,f,f,f,f,f,f,f,f,f,f,f,f,f,f,f,f,f,f,f,f,f,STEVEN  SCHORER,5866762.00,KIM  SHEA,3878584.00,KENNETH  SHARP,1859005.00,REBECCA  MCHALE,1194952.00,JAMES  WINNER,1032804.00,https://www.usaspending.gov/award/CONT_AWD_FA853024FB002_9700_47QTCK18D0011_4732/,2025-09-26
CONT_AWD_FA854025FB001_9700_FA854023D0001_9700,FA854025FB001,9700,DEPT OF DEFENSE,FA854023D0001,,,,,,26076457.14,,26076457.14,26076457.14,2024-12-02,2025,2025-09-25,2025,2025-01-01,2026-06-30,2026-06-30 00:00:00,,2024-12-02,097,Department of Defense,5700,Department of the Air Force,FA8540,FA8540  AFLCMC ESKB,097,Department of Defense,5700,Department of the Air Force,F3QCAB,F3QCAB AFLCMC HBC,,,,,X,NOT APPLICABLE,,,H7PNSVNN5827,,LOCKHEED MARTIN CORPORATION,LOCKHEED MARTIN CORP,,04939,ZFN2JJXBLZT3,,LOCKHEED MARTIN CORP,LOCKHEED MARTIN CORPORATION,USA,UNITED STATES,5600 W SAND LAKE RD,# AP,ORLANDO,12095,ORANGE,12,FL,FLORIDA,328198907,FL-10,FL-10,4073562374,4073567199,USA,UNITED STATES,WARNER ROBINS,13153,HOUSTON,13,GA,GEORGIA,310982694,GA-02,GA-02,AWARD,C,DELIVERY ORDER,,,,,,,J,FIRM FIXED PRICE,USAF SNIPER COMPREHENSIVE ADVANCED TARGETING POD (CATP) SUPPORT AND SUSTAINMENT,,1,OT,OTHER FUNCTIONS,R425,SUPPORT- PROFESSIONAL: ENGINEERING/TECHNICAL,H,NOT BUNDLED,,,811210,ELECTRONIC AND PRECISION EQUIPMENT REPAIR AND MAINTENANCE,C,NO CLAUSES INCLUDED AND NO SUSTAINABILITY INCLUDED,A,U.S. OWNED BUSINESS,000,NONE,Z,NOT IT PRODUCTS OR SERVICES,E,NOT REQUIRED,USA,UNITED STATES,C,NOT A MANUFACTURED END PRODUCT,H,DOD COMPREHENSIVE SUBCONTRACT PLAN,C,NOT COMPETED,SSS,ONLY ONE SOURCE,,,NONE,NO PREFERENCE USED,,,,,PDR,PATENT OR DATA RIGHTS (FAR 6.302-1(B)(2)),,D,COMMERCIAL PRODUCTS/SERVICES PROCEDURES NOT USED,f,N,NO,,,X,NOT APPLICABLE,N,NO,,N,NO,X,NOT APPLICABLE,Y,YES,X,NOT APPLICABLE,X,NOT APPLICABLE,,,B,IDC,S,SINGLE AWARD,,,,Y,YES,Y,YES - CAS CLAUSE INCLUDED,Y,Y,,,D,NOT CONSOLIDATED,Y,YES - SERVICE WHERE PBA IS USED.,N,NO,Z,NOT APPLICABLE,N,NO,X,NOT APPLICABLE,f,f,f,f,f,f,f,f,f,f,f,f,f,f,f,f,f,f,f,OTHER THAN SMALL BUSINESS,O,f,f,f,f,f,f,f,f,f,f,f,f,f,f,f,f,f,CORPORATE NOT TAX EXEMPT,t,f,f,f,f,f,f,f,f,f,f,f,t,f,f,f,f,t,f,f,f,f,f,f,f,f,f,f,t,f,f,f,f,f,f,f,f,f,f,f,f,f,f,f,f,f,f,f,f,f,,,,,,,,,,,https://www.usaspending.gov/award/CONT_AWD_FA854025FB001_9700_FA854023D0001_9700/,2025-09-26
CONT_AWD_FA855217C0006_9700_-NONE-_-NONE-,FA855217C0006,,,,E: Emergency P.L. 116-20;N: Emergency P.L. 116-136;Q: Not Designated Nonemergency/Emergency/Disaster/Wildfire Suppression,1486430.86,-1486430.86,,,25973831.00,2072605.42,25973831.00,25973831.00,2017-04-21,2017,2025-05-13,2025,2017-04-21,2025-05-15,2025-05-15 00:00:00,,,097,Department of Defense,5700,Department of the Air Force,FA8552,FA8552  AFLCMC WIU,097,Department of Defense,5700,Department of the Air Force,F3QCBB,F3QCBB AFLCMC WIU,057-2018/2018-3400-000;057-2019/2019-3400-000;057-2019/2019-3740-000;057-2019/2019-3840-000;057-2020/2020-3400-000;057-2020/2020-3740-000;057-2020/2020-3840-000;057-2021/2021-3400-000;057-2021/2021-3740-000;057-2021/2021-3840-000,057-3400;057-3740;057-3840,25.7: Operation and maintenance of equipment,0000: UNKNOWN/OTHER;0001: OPERATING FORCES;OPTN: FIELD IS OPTIONAL PRIOR TO FY21,X,NOT APPLICABLE,,,CHM5ZAJTSS99,,THE CORPORATION OF MERCER UNIVERSITY,"CORPORATION OF MERCER UNIVERSITY, THE",,0AC45,CHM5ZAJTSS99,,THE CORPORATION OF MERCER UNIVERSITY,THE CORPORATION OF MERCER UNIVERSITY,USA,UNITED STATES,135 OSIGIAN BLVD,,WARNER ROBINS,13153,HOUSTON,13,GA,GEORGIA,310887810,GA-08,GA-08,4789536800,4789536807,USA,UNITED STATES,WARNER ROBINS,13153,HOUSTON,13,GA,GEORGIA,310887810,GA-08,GA-08,AWARD,D,DEFINITIVE CONTRACT,,,,,,,S,COST NO FEE,"IGF::OT::IGF THE AIRCRAFT STRUCTURAL INTEGRITY PROGRAM (ASIP) AND MECHANICAL EQUIPMENT AND SUBSYSTEM PROGRAM (MESIP)ARE PART OF AN OVERALL AGING AIRCRAFT LIFE CYCLE MANAGEMENT SUSTAINMENT EFFORT FOR THE TH-1H, UH-1N, AND HH-60G UNITED STATES ROTARY WING.",FA855217R0006,1,OT,OTHER FUNCTIONS,R425,SUPPORT- PROFESSIONAL: ENGINEERING/TECHNICAL,H,NOT BUNDLED,A1A,AIRFRAMES AND SPARES,541330,ENGINEERING SERVICES,C,NO CLAUSES INCLUDED AND NO SUSTAINABILITY INCLUDED,A,U.S. OWNED BUSINESS,000,NONE,Z,NOT IT PRODUCTS OR SERVICES,E,NOT REQUIRED,USA,UNITED STATES,C,NOT A MANUFACTURED END PRODUCT,F,INDIVIDUAL SUBCONTRACT PLAN,C,NOT COMPETED,SSS,ONLY ONE SOURCE,NONE,NO SET ASIDE USED.,NONE,NO PREFERENCE USED,,,,,ONE,ONLY ONE SOURCE-OTHER (FAR 6.302-1 OTHER),1,D,COMMERCIAL PRODUCTS/SERVICES PROCEDURES NOT USED,f,N,NO,N,NO,X,NOT APPLICABLE,N,NO,0.00,N,NO,X,NOT APPLICABLE,N,NO,X,NOT APPLICABLE,X,NOT APPLICABLE,,,,,,,,,,N,NO,X,NOT APPLICABLE EXEMPT FROM CAS,N,N,N,NO,D,NOT CONSOLIDATED,Y,YES - SERVICE WHERE PBA IS USED.,N,NO,Z,NOT APPLICABLE,N,NO,X,NOT APPLICABLE,f,f,f,f,f,f,f,f,f,f,f,f,f,f,f,f,f,f,f,OTHER THAN SMALL BUSINESS,O,f,f,f,f,f,f,f,f,f,f,f,f,f,f,f,f,f,CORPORATE TAX EXEMPT,f,t,f,f,f,f,f,f,f,t,f,f,f,f,f,f,f,t,f,f,f,f,f,f,f,f,f,f,f,t,f,f,t,f,f,f,f,f,f,f,f,f,f,f,f,f,f,f,f,f,,,,,,,,,,,https://www.usaspending.gov/award/CONT_AWD_FA855217C0006_9700_-NONE-_-NONE-/,2025-09-16
CONT_AWD_FA855222F0006_9700_FA853020D0001_9700,FA855222F0006,9700,DEPT OF DEFENSE,FA853020D0001,,,,,,20811480.61,,20811480.61,32671752.61,2022-04-20,2022,2025-09-22,2025,2022-04-21,2026-04-20,2026-04-20 00:00:00,,2022-01-06,097,Department of Defense,5700,Department of the Air Force,FA8552,FA8552  AFLCMC WIU,097,Department of Defense,5700,Department of the Air Force,F3QCBB,F3QCBB AFLCMC WIU,,,,,X,NOT APPLICABLE,,,CHM5ZAJTSS99,,THE CORPORATION OF MERCER UNIVERSITY,"CORPORATION OF MERCER UNIVERSITY, THE",,0AC45,CHM5ZAJTSS99,,THE CORPORATION OF MERCER UNIVERSITY,THE CORPORATION OF MERCER UNIVERSITY,USA,UNITED STATES,135 OSIGIAN BLVD,,WARNER ROBINS,13153,HOUSTON,13,GA,GEORGIA,310887810,GA-08,GA-08,4789536800,4789536807,USA,UNITED STATES,WARNER ROBINS,13153,HOUSTON,13,GA,GEORGIA,310887810,GA-08,GA-08,AWARD,C,DELIVERY ORDER,,,,,,,S,COST NO FEE,ROTARY WING INTEGRITY PROGRAMS TASK ORDER,FA855222R0001,1,OT,OTHER FUNCTIONS,R425,SUPPORT- PROFESSIONAL: ENGINEERING/TECHNICAL,H,NOT BUNDLED,A1A,AIRFRAMES AND SPARES,541330,ENGINEERING SERVICES,C,NO CLAUSES INCLUDED AND NO SUSTAINABILITY INCLUDED,A,U.S. OWNED BUSINESS,000,NONE,Z,NOT IT PRODUCTS OR SERVICES,E,NOT REQUIRED,USA,UNITED STATES,C,NOT A MANUFACTURED END PRODUCT,F,INDIVIDUAL SUBCONTRACT PLAN,C,NOT COMPETED,SSS,ONLY ONE SOURCE,,,NONE,NO PREFERENCE USED,,,,,MES,"MOBILIZATION, ESSENTIAL R&D (FAR 6.302-3)",,D,COMMERCIAL PRODUCTS/SERVICES PROCEDURES NOT USED,f,N,NO,N,NO,N,NO,N,NO,,N,NO,X,NOT APPLICABLE,Y,YES,X,NOT APPLICABLE,X,NOT APPLICABLE,,,B,IDC,S,SINGLE AWARD,,,,Y,YES,,,Y,Y,N,NO,D,NOT CONSOLIDATED,N,NO - SERVICE WHERE PBA IS NOT USED.,N,NO,Z,NOT APPLICABLE,N,NO,X,NOT APPLICABLE,f,f,f,f,f,f,f,f,f,f,f,f,f,f,f,f,f,f,f,OTHER THAN SMALL BUSINESS,O,f,f,f,f,f,f,f,f,f,f,f,f,f,f,f,f,f,CORPORATE TAX EXEMPT,f,t,f,f,f,f,f,f,f,t,f,f,f,f,f,f,f,t,f,f,f,f,f,f,f,f,f,f,f,t,f,f,t,f,f,f,f,f,f,f,f,f,f,f,f,f,f,f,f,f,,,,,,,,,,,https://www.usaspending.gov/award/CONT_AWD_FA855222F0006_9700_FA853020D0001_9700/,2025-09-22
CONT_AWD_FA855320C0001_9700_-NONE-_-NONE-,FA855320C0001,,,,,,,,,32274385.86,,36206390.04,38527792.93,2019-10-24,2020,2025-09-08,2025,2019-10-24,2026-07-31,2026-07-31 00:00:00,,2019-08-19,097,Department of Defense,5700,Department of the Air Force,FA8553,FA8553  AFLCMC WLNKB,097,Department of Defense,5700,Department of the Air Force,F3QCCQ,F3QCCQ AFLCMC WLNI C130 FMS,,,,,X,NOT APPLICABLE,,,SJDEB3MKJEW5,,LOCKHEED MARTIN CORP,LOCKHEED MARTIN CORPORATION,,98897,ZFN2JJXBLZT3,,LOCKHEED MARTIN CORP,LOCKHEED MARTIN CORP,USA,UNITED STATES,86 SOUTH COBB DR,,MARIETTA,13067,COBB,13,GA,GEORGIA,300630001,GA-11,GA-11,4106820755,,USA,UNITED STATES,MARIETTA,13067,COBB,13,GA,GEORGIA,300630001,GA-11,GA-11,AWARD,D,DEFINITIVE CONTRACT,,,,,,,J,FIRM FIXED PRICE,SUPPORT AND SUSTAINMENT SERVICES FOR THE FRENCH C-130J PROGRAM,FA855320R0007,1,OT,OTHER FUNCTIONS,R706,SUPPORT- MANAGEMENT: LOGISTICS SUPPORT,H,NOT BUNDLED,A1B,AIRCRAFT ENGINES AND SPARES,541330,ENGINEERING SERVICES,C,NO CLAUSES INCLUDED AND NO SUSTAINABILITY INCLUDED,A,U.S. OWNED BUSINESS,000,NONE,Z,NOT IT PRODUCTS OR SERVICES,E,NOT REQUIRED,USA,UNITED STATES,C,NOT A MANUFACTURED END PRODUCT,H,DOD COMPREHENSIVE SUBCONTRACT PLAN,B,NOT AVAILABLE FOR COMPETITION,SSS,ONLY ONE SOURCE,NONE,NO SET ASIDE USED.,NONE,NO PREFERENCE USED,,,,,IA,INTERNATIONAL AGREEMENT (FAR 6.302-4),1,D,COMMERCIAL PRODUCTS/SERVICES PROCEDURES NOT USED,f,N,NO,N,NO,X,NOT APPLICABLE,N,NO,0.00,N,NO,X,NOT APPLICABLE,N,NO,X,NOT APPLICABLE,X,NOT APPLICABLE,,,,,,,,,,Y,YES,X,NOT APPLICABLE EXEMPT FROM CAS,N,N,N,NO,D,NOT CONSOLIDATED,Y,YES - SERVICE WHERE PBA IS USED.,N,NO,Z,NOT APPLICABLE,N,NO,X,NOT APPLICABLE,f,f,f,f,f,f,f,f,f,f,f,f,f,f,f,f,f,f,f,OTHER THAN SMALL BUSINESS,O,f,f,f,f,f,f,f,f,f,f,f,f,f,f,f,f,f,CORPORATE NOT TAX EXEMPT,t,f,f,f,f,f,f,f,f,f,f,f,t,f,f,f,f,t,f,f,f,f,f,f,f,f,f,f,t,f,f,f,f,f,f,f,f,f,f,f,f,f,f,f,f,f,f,f,f,f,,,,,,,,,,,https://www.usaspending.gov/award/CONT_AWD_FA855320C0001_9700_-NONE-_-NONE-/,2025-09-12
CONT_AWD_FA855323F0005_9700_FA855321D0001_9700,FA855323F0005,9700,DEPT OF DEFENSE,FA855321D0001,,,,,,30103084.70,,31663643.91,31663643.91,2022-12-22,2023,2025-02-18,2025,2023-01-01,2025-12-31,2025-12-31 00:00:00,,2022-07-21,097,Department of Defense,5700,Department of the Air Force,FA8553,FA8553  AFLCMC WLNKB,097,Department of Defense,5700,Department of the Air Force,F3QCCQ,F3QCCQ AFLCMC WLNI C130 FMS,,,,,A,FOREIGN FUNDS FMS,,,SJDEB3MKJEW5,,LOCKHEED MARTIN CORP,LOCKHEED MARTIN CORPORATION,,98897,ZFN2JJXBLZT3,,LOCKHEED MARTIN CORP,LOCKHEED MARTIN CORP,USA,UNITED STATES,86 SOUTH COBB DR,,MARIETTA,13067,COBB,13,GA,GEORGIA,300630001,GA-11,GA-11,4106820755,,USA,UNITED STATES,MARIETTA,13067,COBB,13,GA,GEORGIA,300630001,GA-11,GA-11,AWARD,C,DELIVERY ORDER,,,,,,,J,FIRM FIXED PRICE,SUSTAINMENT SUPPORT FOR FOREIGN GOVERNMENT C-130J'S,FA855322R0013,1,OT,OTHER FUNCTIONS,R706,SUPPORT- MANAGEMENT: LOGISTICS SUPPORT,H,NOT BUNDLED,,,336412,AIRCRAFT ENGINE AND ENGINE PARTS MANUFACTURING,C,NO CLAUSES INCLUDED AND NO SUSTAINABILITY INCLUDED,A,U.S. OWNED BUSINESS,000,NONE,Z,NOT IT PRODUCTS OR SERVICES,E,NOT REQUIRED,USA,UNITED STATES,C,NOT A MANUFACTURED END PRODUCT,H,DOD COMPREHENSIVE SUBCONTRACT PLAN,B,NOT AVAILABLE FOR COMPETITION,SSS,ONLY ONE SOURCE,,,NONE,NO PREFERENCE USED,,,,,IA,INTERNATIONAL AGREEMENT (FAR 6.302-4),,D,COMMERCIAL PRODUCTS/SERVICES PROCEDURES NOT USED,f,N,NO,N,NO,X,NOT APPLICABLE,N,NO,,N,NO,X,NOT APPLICABLE,N,NO,X,NOT APPLICABLE,X,NOT APPLICABLE,,,B,IDC,S,SINGLE AWARD,,,,Y,YES,Y,YES - CAS CLAUSE INCLUDED,N,N,N,NO,D,NOT CONSOLIDATED,N,NO - SERVICE WHERE PBA IS NOT USED.,N,NO,Z,NOT APPLICABLE,N,NO,X,NOT APPLICABLE,f,f,f,f,f,f,f,f,f,f,f,f,f,f,f,f,f,f,f,OTHER THAN SMALL BUSINESS,O,f,f,f,f,f,f,f,f,f,f,f,f,f,f,f,f,f,CORPORATE NOT TAX EXEMPT,t,f,f,f,f,f,f,f,f,f,f,f,t,f,f,f,f,t,f,f,f,f,f,f,f,f,f,f,t,f,f,f,f,f,f,f,f,f,f,f,f,f,f,f,f,f,f,f,f,f,,,,,,,,,,,https://www.usaspending.gov/award/CONT_AWD_FA855323F0005_9700_FA855321D0001_9700/,2025-02-19
CONT_AWD_FA855323F0007_9700_FA855321D0001_9700,FA855323F0007,9700,DEPT OF DEFENSE,FA855321D0001,,,,,,27817588.00,,27817588.00,27817588.00,2022-12-21,2023,2025-08-25,2025,2023-01-01,2026-04-30,2026-04-30 00:00:00,,2022-12-06,097,Department of Defense,5700,Department of the Air Force,FA8553,FA8553  AFLCMC WLNKB,097,Department of Defense,5700,Department of the Air Force,F3QCCQ,F3QCCQ AFLCMC WLNI C130 FMS,,,,,A,FOREIGN FUNDS FMS,,,SJDEB3MKJEW5,,LOCKHEED MARTIN CORP,LOCKHEED MARTIN CORPORATION,,98897,ZFN2JJXBLZT3,,LOCKHEED MARTIN CORP,LOCKHEED MARTIN CORP,USA,UNITED STATES,86 SOUTH COBB DR,,MARIETTA,13067,COBB,13,GA,GEORGIA,300630001,GA-11,GA-11,4106820755,,USA,UNITED STATES,MARIETTA,13067,COBB,13,GA,GEORGIA,300630001,GA-11,GA-11,AWARD,C,DELIVERY ORDER,,,,,,,U,COST PLUS FIXED FEE,SUSTAINMENT SUPPORT FOR FOREIGN GOVERNMENT C-130JS,FA855322R0017,1,OT,OTHER FUNCTIONS,R706,SUPPORT- MANAGEMENT: LOGISTICS SUPPORT,H,NOT BUNDLED,,,336412,AIRCRAFT ENGINE AND ENGINE PARTS MANUFACTURING,C,NO CLAUSES INCLUDED AND NO SUSTAINABILITY INCLUDED,A,U.S. OWNED BUSINESS,000,NONE,Z,NOT IT PRODUCTS OR SERVICES,E,NOT REQUIRED,USA,UNITED STATES,C,NOT A MANUFACTURED END PRODUCT,H,DOD COMPREHENSIVE SUBCONTRACT PLAN,B,NOT AVAILABLE FOR COMPETITION,SSS,ONLY ONE SOURCE,,,NONE,NO PREFERENCE USED,,,,,IA,INTERNATIONAL AGREEMENT (FAR 6.302-4),,D,COMMERCIAL PRODUCTS/SERVICES PROCEDURES NOT USED,f,N,NO,N,NO,X,NOT APPLICABLE,N,NO,,N,NO,X,NOT APPLICABLE,N,NO,X,NOT APPLICABLE,X,NOT APPLICABLE,,,B,IDC,S,SINGLE AWARD,,,,Y,YES,Y,YES - CAS CLAUSE INCLUDED,N,N,N,NO,D,NOT CONSOLIDATED,Y,YES - SERVICE WHERE PBA IS USED.,N,NO,Z,NOT APPLICABLE,N,NO,X,NOT APPLICABLE,f,f,f,f,f,f,f,f,f,f,f,f,f,f,f,f,f,f,f,OTHER THAN SMALL BUSINESS,O,f,f,f,f,f,f,f,f,f,f,f,f,f,f,f,f,f,CORPORATE NOT TAX EXEMPT,t,f,f,f,f,f,f,f,f,f,f,f,t,f,f,f,f,t,f,f,f,f,f,f,f,f,f,f,t,f,f,f,f,f,f,f,f,f,f,f,f,f,f,f,f,f,f,f,f,f,,,,,,,,,,,https://www.usaspending.gov/award/CONT_AWD_FA855323F0007_9700_FA855321D0001_9700/,2025-08-25
CONT_AWD_FA855325FB003_9700_FA855321D0001_9700,FA855325FB003,9700,DEPT OF DEFENSE,FA855321D0001,,,,,,33132436.02,,33638209.82,33638209.82,2024-12-20,2025,2025-10-30,2026,2025-01-01,2026-12-31,2026-12-31 00:00:00,,2024-10-24,097,Department of Defense,5700,Department of the Air Force,FA8553,FA8553  AFLCMC WLNKB,097,Department of Defense,5700,Department of the Air Force,F3QCCQ,F3QCCQ AFLCMC WLNI C130 FMS,,,,,A,FOREIGN FUNDS FMS,,,SJDEB3MKJEW5,,LOCKHEED MARTIN CORP,LOCKHEED MARTIN CORPORATION,,98897,ZFN2JJXBLZT3,,LOCKHEED MARTIN CORP,LOCKHEED MARTIN CORP,USA,UNITED STATES,86 SOUTH COBB DR,,MARIETTA,13067,COBB,13,GA,GEORGIA,300630001,GA-11,GA-11,4106820755,,USA,UNITED STATES,MARIETTA,13067,COBB,13,GA,GEORGIA,300630001,GA-11,GA-11,AWARD,C,DELIVERY ORDER,,,,,,,J,FIRM FIXED PRICE,LONG TERM SUSTAINMENT (LTS) IN SUPPORT FOR THE C-130J UNDER FOREIGN MILITARY SALES CASES: FRANCE-GERMANY C-130J FLEET.  CASE: FR-D-QCB. FR-D-QAM,,1,OT,OTHER FUNCTIONS,R706,SUPPORT- MANAGEMENT: LOGISTICS SUPPORT,H,NOT BUNDLED,,,336412,AIRCRAFT ENGINE AND ENGINE PARTS MANUFACTURING,C,NO CLAUSES INCLUDED AND NO SUSTAINABILITY INCLUDED,A,U.S. OWNED BUSINESS,000,NONE,Z,NOT IT PRODUCTS OR SERVICES,E,NOT REQUIRED,USA,UNITED STATES,C,NOT A MANUFACTURED END PRODUCT,H,DOD COMPREHENSIVE SUBCONTRACT PLAN,B,NOT AVAILABLE FOR COMPETITION,SSS,ONLY ONE SOURCE,,,NONE,NO PREFERENCE USED,,,,,IA,INTERNATIONAL AGREEMENT (FAR 6.302-4),,D,COMMERCIAL PRODUCTS/SERVICES PROCEDURES NOT USED,f,N,NO,N,NO,X,NOT APPLICABLE,N,NO,,N,NO,X,NOT APPLICABLE,N,NO,X,NOT APPLICABLE,X,NOT APPLICABLE,,,B,IDC,S,SINGLE AWARD,,,,Y,YES,Y,YES - CAS CLAUSE INCLUDED,N,N,,,D,NOT CONSOLIDATED,N,NO - SERVICE WHERE PBA IS NOT USED.,N,NO,Z,NOT APPLICABLE,N,NO,X,NOT APPLICABLE,f,f,f,f,f,f,f,f,f,f,f,f,f,f,f,f,f,f,f,OTHER THAN SMALL BUSINESS,O,f,f,f,f,f,f,f,f,f,f,f,f,f,f,f,f,f,CORPORATE NOT TAX EXEMPT,t,f,f,f,f,f,f,f,f,f,f,f,t,f,f,f,f,t,f,f,f,f,f,f,f,f,f,f,t,f,f,f,f,f,f,f,f,f,f,f,f,f,f,f,f,f,f,f,f,f,,,,,,,,,,,https://www.usaspending.gov/award/CONT_AWD_FA855325FB003_9700_FA855321D0001_9700/,2025-11-17
CONT_AWD_FA855625FB001_9700_FA867520D0010_9700,FA855625FB001,9700,DEPT OF DEFENSE,FA867520D0010,,,,,,33909521.00,,33909521.00,33909521.00,2025-08-01,2025,2025-08-01,2025,2025-08-01,2031-09-30,2031-09-30 00:00:00,,2025-07-31,097,Department of Defense,5700,Department of the Air Force,FA8556,FA8556  AFLCMC EBGK COM,097,Department of Defense,5700,Department of the Air Force,F3QCSM,F3QCSM AFLCMC EBGF,,,,,A,FOREIGN FUNDS FMS,,,VTEWM5QSE598,,RAYTHEON COMPANY,RAYTHEON COMPANY,RAYTHEON,15090,EGAVSJTA2D81,,ROCKWELL COLLINS AUSTRALIA PTY LIMITED,RAYTHEON COMPANY,USA,UNITED STATES,1151 E HERMANS RD,,TUCSON,04019,PIMA,04,AZ,ARIZONA,857569367,AZ-07,AZ-07,3106479438,,USA,UNITED STATES,WARNER ROBINS,13153,HOUSTON,13,GA,GEORGIA,310981670,GA-02,GA-02,AWARD,C,DELIVERY ORDER,,,,,,,U,COST PLUS FIXED FEE,LAUNCHER SEQUENCER (LS) AND FREQUENCY REFERENCE (FRU) OSCILLATOR RE-DESIGN SEE PERFORMANCE WORK STATEMENT (PWS),,1,OT,OTHER FUNCTIONS,R425,SUPPORT- PROFESSIONAL: ENGINEERING/TECHNICAL,H,NOT BUNDLED,,,541330,ENGINEERING SERVICES,C,NO CLAUSES INCLUDED AND NO SUSTAINABILITY INCLUDED,A,U.S. OWNED BUSINESS,000,NONE,Z,NOT IT PRODUCTS OR SERVICES,E,NOT REQUIRED,USA,UNITED STATES,C,NOT A MANUFACTURED END PRODUCT,H,DOD COMPREHENSIVE SUBCONTRACT PLAN,C,NOT COMPETED,SSS,ONLY ONE SOURCE,,,NONE,NO PREFERENCE USED,,,,,UNQ,UNIQUE SOURCE (FAR 6.302-1(B)(1)),,D,COMMERCIAL PRODUCTS/SERVICES PROCEDURES NOT USED,f,N,NO,N,NO,X,NOT APPLICABLE,N,NO,,N,NO,X,NOT APPLICABLE,X,NOT APPLICABLE,X,NOT APPLICABLE,X,NOT APPLICABLE,,,B,IDC,S,SINGLE AWARD,,,,N,NO,X,NOT APPLICABLE EXEMPT FROM CAS,N,N,,,D,NOT CONSOLIDATED,N,NO - SERVICE WHERE PBA IS NOT USED.,N,NO,Z,NOT APPLICABLE,N,NO,X,NOT APPLICABLE,f,f,f,f,f,f,f,f,f,f,f,f,f,f,f,f,f,f,f,OTHER THAN SMALL BUSINESS,O,f,f,f,f,f,f,f,f,f,f,f,f,f,f,f,f,f,CORPORATE NOT TAX EXEMPT,t,f,f,f,f,f,f,f,f,f,f,f,t,f,f,f,f,t,f,f,f,f,f,f,f,f,f,f,t,f,f,f,f,f,f,f,f,f,f,f,f,f,f,f,f,f,f,f,f,f,,,,,,,,,,,https://www.usaspending.gov/award/CONT_AWD_FA855625FB001_9700_FA867520D0010_9700/,2025-08-04
CONT_AWD_FA857122C0001_9700_-NONE-_-NONE-,FA857122C0001,,,,,,,,,37992631.72,,46704788.68,47883825.80,2021-11-08,2022,2025-09-23,2025,2021-11-23,2025-11-22,2026-11-22 00:00:00,,2021-09-23,097,Department of Defense,5700,Department of the Air Force,FA8571,FA8571  MAINT CONTRACTING AFSC PZIM,097,Department of Defense,5700,Department of the Air Force,F3QCCL,F3QCCL WR ALC OBCA  SERVICES,,,,,X,NOT APPLICABLE,,,C6EMRJ67V4M3,,"AGILE DECISION SCIENCES, LLC","AGILE DECISION SCIENCES, LLC",,7VVF6,C6EMRJ67V4M3,,"AGILE DECISION SCIENCES, LLC",AGILE DECISION SCIENCES  LLC,USA,UNITED STATES,350 VOYAGER WAY STE 100B,,HUNTSVILLE,01089,MADISON,01,AL,ALABAMA,358063200,AL-05,AL-05,7035476464,,USA,UNITED STATES,WARNER ROBINS,13153,HOUSTON,13,GA,GEORGIA,310880301,GA-08,GA-08,AWARD,D,DEFINITIVE CONTRACT,,,,,,,J,FIRM FIXED PRICE,402 SOFTWARE ENGINEERING GROUP (SWEG) SOFTWARE SUPPORT SERVICES,,1,OT,OTHER FUNCTIONS,DA01,IT AND TELECOM - BUSINESS APPLICATION/APPLICATION DEVELOPMENT SUPPORT SERVICES (LABOR),H,NOT BUNDLED,S1,SERVICES,541511,CUSTOM COMPUTER PROGRAMMING SERVICES,C,NO CLAUSES INCLUDED AND NO SUSTAINABILITY INCLUDED,A,U.S. OWNED BUSINESS,000,NONE,E,COMMERCIAL SERVICE,E,NOT REQUIRED,USA,UNITED STATES,C,NOT A MANUFACTURED END PRODUCT,B,PLAN NOT REQUIRED,B,NOT AVAILABLE FOR COMPETITION,SSS,ONLY ONE SOURCE,8AN,8(A) SOLE SOURCE,NONE,NO PREFERENCE USED,,,,,OTH,AUTHORIZED BY STATUTE (FAR 6.302-5(A)(2)(I)),1,A,COMMERCIAL PRODUCTS/SERVICES,f,N,NO,N,NO,N,NO,N,NO,0.00,N,NO,N,NO,N,NO,N,NO,X,NOT APPLICABLE,,,,,,,,,,N,NO,X,NOT APPLICABLE EXEMPT FROM CAS,Y,Y,N,NO,D,NOT CONSOLIDATED,Y,YES - SERVICE WHERE PBA IS USED.,N,NO,Z,NOT APPLICABLE,N,NO,X,NOT APPLICABLE,t,f,f,f,f,f,f,f,f,f,f,f,t,f,f,f,f,t,f,SMALL BUSINESS,S,f,f,f,f,f,f,f,f,f,f,f,f,f,f,f,f,f,CORPORATE NOT TAX EXEMPT,t,f,f,f,f,f,f,f,f,f,f,f,f,f,f,f,f,t,f,f,f,f,f,f,f,f,f,f,t,f,f,f,f,f,f,f,f,f,f,f,f,f,f,f,f,t,f,t,f,f,CLEDO  DAVIS,247675.00,CLEDO  DAVIS,247675.00,CLEDO  DAVIS,247675.00,CLEDO  DAVIS,247675.00,CLEDO  DAVIS,247675.00,https://www.usaspending.gov/award/CONT_AWD_FA857122C0001_9700_-NONE-_-NONE-/,2025-09-23
CONT_AWD_FA857125C0021_9700_-NONE-_-NONE-,FA857125C0021,,,,,,,,,20467148.15,,20467148.15,20467148.15,2025-03-31,2025,2025-09-30,2025,2025-03-31,2027-03-31,2027-03-31 00:00:00,,2025-03-04,097,Department of Defense,5700,Department of the Air Force,FA8571,FA8571  MAINT CONTRACTING AFSC PZIM,097,Department of Defense,5700,Department of the Air Force,F3QCCM,F3QCCM WR ALC OBCA SUPPLIES,,,,,X,NOT APPLICABLE,,,MVMDQCBUKEP4,,GOLDBELT SECURITY LLC,GOLDBELT SECURITY LLC,,705P8,MVMDQCBUKEP4,,GOLDBELT SECURITY LLC,GOLDBELT SECURITY LLC,USA,UNITED STATES,816 GREENBRIER CIR,STE 102,CHESAPEAKE,51550,CHESAPEAKE (CITY),51,VA,VIRGINIA,233202642,VA-03,VA-03,7576503337,,USA,UNITED STATES,WARNER ROBINS,13153,HOUSTON,13,GA,GEORGIA,310981672,GA-02,GA-02,AWARD,D,DEFINITIVE CONTRACT,,,,,,,J,FIRM FIXED PRICE,FOM (FACILITATE OTHER MAINTENANCE) SHELTER,,1,,,5410,PREFABRICATED AND PORTABLE BUILDINGS,H,NOT BUNDLED,,,332311,PREFABRICATED METAL BUILDING AND COMPONENT MANUFACTURING,C,NO CLAUSES INCLUDED AND NO SUSTAINABILITY INCLUDED,A,U.S. OWNED BUSINESS,000,NONE,Z,NOT IT PRODUCTS OR SERVICES,E,NOT REQUIRED,USA,UNITED STATES,D,MFG IN U.S.,B,PLAN NOT REQUIRED,B,NOT AVAILABLE FOR COMPETITION,SSS,ONLY ONE SOURCE,8AN,8(A) SOLE SOURCE,NONE,NO PREFERENCE USED,,,,,OTH,AUTHORIZED BY STATUTE (FAR 6.302-5(A)(2)(I)),1,A,COMMERCIAL PRODUCTS/SERVICES,f,N,NO,,,X,NOT APPLICABLE,N,NO,0.00,N,NO,N,NO,N,NO,X,NOT APPLICABLE,X,NOT APPLICABLE,,,,,,,,,,N,NO,X,NOT APPLICABLE EXEMPT FROM CAS,N,N,,,D,NOT CONSOLIDATED,X,NOT APPLICABLE,N,NO,Z,NOT APPLICABLE,N,NO,X,NOT APPLICABLE,t,f,f,f,f,f,f,f,f,f,f,f,t,f,f,f,f,t,f,SMALL BUSINESS,S,f,f,f,f,f,f,f,f,f,f,f,f,f,f,f,f,f,PARTNERSHIP,f,f,t,f,f,f,f,f,f,f,f,f,f,f,f,f,f,t,f,f,f,f,f,f,f,f,t,f,t,f,f,f,f,f,f,f,f,f,f,f,f,f,f,f,f,t,f,t,f,f,,,,,,,,,,,https://www.usaspending.gov/award/CONT_AWD_FA857125C0021_9700_-NONE-_-NONE-/,2025-09-30
CONT_AWD_FA857125F0031_9700_FA857122D0008_9700,FA857125F0031,9700,DEPT OF DEFENSE,FA857122D0008,,,,,,23429534.88,,23429534.88,23429534.88,2025-04-08,2025,2025-07-16,2025,2025-07-07,2026-07-07,2026-07-07 00:00:00,,2025-03-30,097,Department of Defense,5700,Department of the Air Force,FA8571,FA8571  MAINT CONTRACTING AFSC PZIM,097,Department of Defense,5700,Department of the Air Force,F3QCCL,F3QCCL WR ALC OBCA  SERVICES,,,,,X,NOT APPLICABLE,,,FAZEJLQRCCS5,,"TYONEK TECHNICAL SERVICES, LLC","TYONEK TECHNICAL SERVICES, LLC",,7GWV7,FAZEJLQRCCS5,,"TYONEK TECHNICAL SERVICES, LLC",TYONEK TECHNICAL SERVICES  LLC,USA,UNITED STATES,229 PALMER RD,,MADISON,01089,MADISON,01,AL,ALABAMA,357581727,AL-05,AL-05,2562586200,,USA,UNITED STATES,WARNER ROBINS,13153,HOUSTON,13,GA,GEORGIA,310981027,GA-02,GA-02,AWARD,C,DELIVERY ORDER,,,,,,,J,FIRM FIXED PRICE,77734 - AMXG PRODUCTION SUPPORT TASK ORDER FOR AMXG PRODUCTION SUPPORT AIRCRAFT MECHANICS AND SUPERVISORS.,,1,OT,OTHER FUNCTIONS,R499,SUPPORT- PROFESSIONAL: OTHER,H,NOT BUNDLED,,,561320,TEMPORARY HELP SERVICES,C,NO CLAUSES INCLUDED AND NO SUSTAINABILITY INCLUDED,A,U.S. OWNED BUSINESS,000,NONE,Z,NOT IT PRODUCTS OR SERVICES,E,NOT REQUIRED,USA,UNITED STATES,C,NOT A MANUFACTURED END PRODUCT,B,PLAN NOT REQUIRED,B,NOT AVAILABLE FOR COMPETITION,SSS,ONLY ONE SOURCE,,,NONE,NO PREFERENCE USED,,,,,OTH,AUTHORIZED BY STATUTE (FAR 6.302-5(A)(2)(I)),,A,COMMERCIAL PRODUCTS/SERVICES,f,N,NO,N,NO,N,NO,N,NO,,N,NO,X,NOT APPLICABLE,Y,YES,X,NOT APPLICABLE,X,NOT APPLICABLE,,,B,IDC,S,SINGLE AWARD,,,,N,NO,X,NOT APPLICABLE EXEMPT FROM CAS,N,N,,,D,NOT CONSOLIDATED,N,NO - SERVICE WHERE PBA IS NOT USED.,N,NO,Z,NOT APPLICABLE,N,NO,X,NOT APPLICABLE,t,f,f,f,f,f,f,f,f,f,f,f,t,f,f,f,f,t,f,SMALL BUSINESS,S,f,f,f,f,f,f,f,f,f,f,f,f,f,f,f,f,f,CORPORATE NOT TAX EXEMPT,t,f,f,f,f,f,f,t,f,f,f,f,f,f,f,f,f,t,f,f,f,f,f,f,f,f,t,f,t,f,f,f,f,f,f,f,f,f,f,f,f,f,f,f,f,t,f,t,f,f,PAUL  STEIN,359114.00,ANTHONY  FRIDELLE,336246.00,JACOB  HICKS,240196.00,NIKKI  BELL,220209.00,BRETT  BARKMAN,174439.00,https://www.usaspending.gov/award/CONT_AWD_FA857125F0031_9700_FA857122D0008_9700/,2026-01-07
CONT_AWD_FA857521F0003_9700_FA853020D0001_9700,FA857521F0003,9700,DEPT OF DEFENSE,FA853020D0001,,,,,,23298518.35,,23298518.35,23298518.35,2020-11-23,2021,2025-01-28,2025,2020-11-23,2028-06-30,2028-06-30 00:00:00,,2020-10-05,097,Department of Defense,5700,Department of the Air Force,FA8575,FA8575  AFLCMC WAQKA,097,Department of Defense,5700,Department of the Air Force,F3QCBS,F3QCBS AFLCMC WAQ RAFB FMS,,,,,A,FOREIGN FUNDS FMS,,,CHM5ZAJTSS99,,THE CORPORATION OF MERCER UNIVERSITY,"CORPORATION OF MERCER UNIVERSITY, THE",,0AC45,CHM5ZAJTSS99,,THE CORPORATION OF MERCER UNIVERSITY,THE CORPORATION OF MERCER UNIVERSITY,USA,UNITED STATES,135 OSIGIAN BLVD,,WARNER ROBINS,13153,HOUSTON,13,GA,GEORGIA,310887810,GA-08,GA-08,4789536800,4789536807,USA,UNITED STATES,WARNER ROBINS,13153,HOUSTON,13,GA,GEORGIA,310887810,GA-08,GA-08,AWARD,C,DELIVERY ORDER,,,,,,,S,COST NO FEE,RSAF F-15 AIRCRAFT ENGINEERING SQUADRON EQUIPMENT AND TOOLING REQUIREMENTS,,1,OT,OTHER FUNCTIONS,AC14,NATIONAL DEFENSE R&D SERVICES; DEPARTMENT OF DEFENSE - MILITARY; R&D ADMINISTRATIVE EXPENSES,H,NOT BUNDLED,A1A,AIRFRAMES AND SPARES,541330,ENGINEERING SERVICES,C,NO CLAUSES INCLUDED AND NO SUSTAINABILITY INCLUDED,A,U.S. OWNED BUSINESS,000,NONE,Z,NOT IT PRODUCTS OR SERVICES,E,NOT REQUIRED,USA,UNITED STATES,C,NOT A MANUFACTURED END PRODUCT,F,INDIVIDUAL SUBCONTRACT PLAN,C,NOT COMPETED,SSS,ONLY ONE SOURCE,,,NONE,NO PREFERENCE USED,,,,,MES,"MOBILIZATION, ESSENTIAL R&D (FAR 6.302-3)",,D,COMMERCIAL PRODUCTS/SERVICES PROCEDURES NOT USED,f,N,NO,N,NO,N,NO,N,NO,,N,NO,X,NOT APPLICABLE,Y,YES,X,NOT APPLICABLE,X,NOT APPLICABLE,,,B,IDC,S,SINGLE AWARD,,,,Y,YES,,,Y,Y,N,NO,D,NOT CONSOLIDATED,N,NO - SERVICE WHERE PBA IS NOT USED.,N,NO,Z,NOT APPLICABLE,N,NO,X,NOT APPLICABLE,f,f,f,f,f,f,f,f,f,f,f,f,f,f,f,f,f,f,f,OTHER THAN SMALL BUSINESS,O,f,f,f,f,f,f,f,f,f,f,f,f,f,f,f,f,f,CORPORATE TAX EXEMPT,f,t,f,f,f,f,f,f,f,t,f,f,f,f,f,f,f,t,f,f,f,f,f,f,f,f,f,f,f,t,f,f,t,f,f,f,f,f,f,f,f,f,f,f,f,f,f,f,f,f,,,,,,,,,,,https://www.usaspending.gov/award/CONT_AWD_FA857521F0003_9700_FA853020D0001_9700/,2025-01-28
CONT_AWD_FA862506C6456_9700_-NONE-_-NONE-,FA862506C6456,,,,,,,,,7261932653.67,,-406986.47,-406986.47,2006-02-28,2006,2025-05-22,2025,2006-02-28,2018-09-20,2018-09-20 00:00:00,,,097,Department of Defense,9763,Defense Contract Management Agency,S1111A,DCMA FIXED WING MARIETTA,097,Department of Defense,5700,Department of the Air Force,FA8625,FA8625  AFLCMC WLNK C130,,,,,X,NOT APPLICABLE,,,SJDEB3MKJEW5,,LOCKHEED MARTIN CORP,LOCKHEED MARTIN CORPORATION,,98897,ZFN2JJXBLZT3,,LOCKHEED MARTIN CORP,LOCKHEED MARTIN CORP,USA,UNITED STATES,86 SOUTH COBB DR,,MARIETTA,13067,COBB,13,GA,GEORGIA,30063,GA-11,GA-11,,,USA,UNITED STATES,MARIETTA,13067,COBB,13,GA,GEORGIA,300630001,GA-11,GA-11,AWARD,D,DEFINITIVE CONTRACT,,,,,,,Y,TIME AND MATERIALS,,,1,,,1510,"AIRCRAFT, FIXED WING",D,NOT A BUNDLED REQUIREMENT,A1A,AIRFRAMES AND SPARES,336411,AIRCRAFT MANUFACTURING,C,NO CLAUSES INCLUDED AND NO SUSTAINABILITY INCLUDED,,,220,C-130J,,,E,NOT REQUIRED,,,,,C,PLAN REQUIRED - INCENTIVE NOT INCLUDED,C,NOT COMPETED,SSS,ONLY ONE SOURCE,NONE,NO SET ASIDE USED.,NONE,NO PREFERENCE USED,,,,,FOC,FOLLOW-ON CONTRACT (FAR 6.302-1(A)(2)(II/III)),1,D,COMMERCIAL PRODUCTS/SERVICES PROCEDURES NOT USED,f,N,NO,N,NO,Y,YES,,,0.00,N,NO,Y,YES,X,NOT APPLICABLE,X,NOT APPLICABLE,X,NOT APPLICABLE,,,,,,,,,,Y,YES,Y,YES - CAS CLAUSE INCLUDED,Y,Y,Y,YES,N,NO,X,NOT APPLICABLE,N,NO,Z,NOT APPLICABLE,N,NO,X,NOT APPLICABLE,f,f,f,f,f,f,f,f,f,f,f,f,f,f,f,f,f,f,f,OTHER THAN SMALL BUSINESS,O,f,f,f,f,f,f,f,f,f,f,f,f,f,f,f,f,f,,f,f,f,f,f,f,f,f,f,f,f,f,f,f,f,f,f,f,f,f,f,f,f,f,f,f,f,f,f,f,f,f,f,f,f,f,f,f,f,f,f,f,f,f,f,f,f,f,f,f,,,,,,,,,,,https://www.usaspending.gov/award/CONT_AWD_FA862506C6456_9700_-NONE-_-NONE-/,2025-07-25
CONT_AWD_FA862511C6597_9700_-NONE-_-NONE-,FA862511C6597,,,,Q: Not Designated Nonemergency/Emergency/Disaster/Wildfire Suppression,,,,,4410630126.34,448455.48,4439156505.93,4439156505.93,2011-03-14,2011,2025-06-16,2025,2011-02-01,2020-08-31,2020-08-31 00:00:00,,,097,Department of Defense,9763,Defense Contract Management Agency,S1111A,DCMA FIXED WING MARIETTA,097,Department of Defense,5700,Department of the Air Force,FA8625,FA8625  AFLCMC WLNK C130,017-2016/2018-1506-000;057-2012/2014-3010-000;057-2013/2014-3600-000;057-2013/2015-3010-000;057-2014/2016-3010-000;057-2015/2017-3010-000;097-2012/2014-0300-000;097-2015/2016-0400-000;097-2015/2017-0300-000,017-1506;057-3010;057-3600;097-0300;097-0400,25.1: Advisory and assistance services;25.7: Operation and maintenance of equipment;31.0: Equipment,OPTN: FIELD IS OPTIONAL PRIOR TO FY21,X,NOT APPLICABLE,,,SJDEB3MKJEW5,,LOCKHEED MARTIN CORP,LOCKHEED MARTIN CORPORATION,,98897,ZFN2JJXBLZT3,,LOCKHEED MARTIN CORP,LOCKHEED MARTIN CORP,USA,UNITED STATES,86 SOUTH COBB DR,,MARIETTA,13067,COBB,13,GA,GEORGIA,300630001,GA-11,GA-11,8142624419,8142624522,USA,UNITED STATES,MARIETTA,13067,COBB,13,GA,GEORGIA,300630001,GA-11,GA-11,AWARD,D,DEFINITIVE CONTRACT,,,,,,,S,COST NO FEE,C-130J FIVE YEAR OPTION CONTRACT (FYOC) IV,,1,,,1510,"AIRCRAFT, FIXED WING",D,NOT A BUNDLED REQUIREMENT,A1A,AIRFRAMES AND SPARES,336411,AIRCRAFT MANUFACTURING,C,NO CLAUSES INCLUDED AND NO SUSTAINABILITY INCLUDED,A,U.S. OWNED BUSINESS,220,C-130J,Z,NOT IT PRODUCTS OR SERVICES,E,NOT REQUIRED,USA,UNITED STATES,D,MFG IN U.S.,C,PLAN REQUIRED - INCENTIVE NOT INCLUDED,C,NOT COMPETED,SSS,ONLY ONE SOURCE,NONE,NO SET ASIDE USED.,NONE,NO PREFERENCE USED,,,,,FOC,FOLLOW-ON CONTRACT (FAR 6.302-1(A)(2)(II/III)),1,D,COMMERCIAL PRODUCTS/SERVICES PROCEDURES NOT USED,f,N,NO,N,NO,Y,YES,N,NO,0.00,N,NO,Y,YES,X,NOT APPLICABLE,X,NOT APPLICABLE,X,NOT APPLICABLE,,,,,,,,,,Y,YES,Y,YES - CAS CLAUSE INCLUDED,N,N,Y,YES,N,NO,X,NOT APPLICABLE,N,NO,Z,NOT APPLICABLE,N,NO,X,NOT APPLICABLE,f,f,f,f,f,f,f,f,f,f,f,f,f,f,f,f,f,f,f,OTHER THAN SMALL BUSINESS,O,f,f,f,f,f,f,f,f,f,f,f,f,f,f,f,f,f,CORPORATE NOT TAX EXEMPT,t,f,f,f,f,f,f,f,f,f,f,f,t,f,f,t,f,f,f,f,f,f,f,f,f,f,f,f,t,f,f,f,f,f,f,f,f,f,f,f,f,f,f,f,f,f,f,f,f,f,,,,,,,,,,,https://www.usaspending.gov/award/CONT_AWD_FA862511C6597_9700_-NONE-_-NONE-/,2025-08-20
CONT_AWD_FA862514C6450_9700_-NONE-_-NONE-,FA862514C6450,,,,Q: Not Designated Nonemergency/Emergency/Disaster/Wildfire Suppression,,,,,5934097111.63,-2822393.34,1222218926.66,1222218926.66,2013-12-09,2014,2025-08-07,2025,2013-12-09,2020-07-31,2020-07-31 00:00:00,,,097,Department of Defense,5700,Department of the Air Force,FA8625,FA8625  AFLCMC WLNK C130,097,Department of Defense,5700,Department of the Air Force,F4FDCT,F4FDCT AFLCMC WLN J,017-2014/2016-1506-000;017-2016/2018-1506-000;017-2017/2019-1506-000;017-2018/2020-1506-000;057-2014/2016-3010-000;057-2015/2017-3010-000;057-2016/2018-3010-000;057-2017/2019-3010-000;057-2018/2020-3010-000,017-1506;057-3010,26.0: Supplies and materials;31.0: Equipment,OPTN: FIELD IS OPTIONAL PRIOR TO FY21,X,NOT APPLICABLE,,,SJDEB3MKJEW5,,LOCKHEED MARTIN CORP,LOCKHEED MARTIN CORPORATION,,98897,ZFN2JJXBLZT3,,LOCKHEED MARTIN CORP,LOCKHEED MARTIN CORP,USA,UNITED STATES,86 SOUTH COBB DR,,MARIETTA,13067,COBB,13,GA,GEORGIA,300630001,GA-11,GA-11,8563593106,,USA,UNITED STATES,MARIETTA,13067,COBB,13,GA,GEORGIA,300630001,GA-11,GA-11,AWARD,D,DEFINITIVE CONTRACT,,,,,,,J,FIRM FIXED PRICE,FY13 ADVANCE PROCUREMENT FUNDS FOR FY14 C-130J AIRCRAFT,,1,,,1510,"AIRCRAFT, FIXED WING",D,NOT A BUNDLED REQUIREMENT,A1A,AIRFRAMES AND SPARES,336411,AIRCRAFT MANUFACTURING,C,NO CLAUSES INCLUDED AND NO SUSTAINABILITY INCLUDED,A,U.S. OWNED BUSINESS,220,C-130J,Z,NOT IT PRODUCTS OR SERVICES,E,NOT REQUIRED,USA,UNITED STATES,D,MFG IN U.S.,C,PLAN REQUIRED - INCENTIVE NOT INCLUDED,C,NOT COMPETED,SSS,ONLY ONE SOURCE,NONE,NO SET ASIDE USED.,NONE,NO PREFERENCE USED,,,,,ONE,ONLY ONE SOURCE-OTHER (FAR 6.302-1 OTHER),1,D,COMMERCIAL PRODUCTS/SERVICES PROCEDURES NOT USED,f,N,NO,N,NO,Y,YES,N,NO,0.00,N,NO,Y,YES,N,NO,N,NO,X,NOT APPLICABLE,,,,,,,,,,Y,YES,Y,YES - CAS CLAUSE INCLUDED,N,N,U,UNKNOWN,N,NO,X,NOT APPLICABLE,N,NO,A,FAR 52.232-16 PROGRESS PAYMENTS,N,NO,X,NOT APPLICABLE,f,f,f,f,f,f,f,f,f,f,f,f,f,f,f,f,f,f,f,OTHER THAN SMALL BUSINESS,O,f,f,f,f,f,f,f,f,f,f,f,f,f,f,f,f,f,CORPORATE NOT TAX EXEMPT,t,f,f,f,f,f,f,f,f,f,f,f,t,f,f,f,f,t,f,f,f,f,f,f,f,f,f,f,t,f,f,f,f,f,f,f,f,f,f,f,f,f,f,f,f,f,f,f,f,f,,,,,,,,,,,https://www.usaspending.gov/award/CONT_AWD_FA862514C6450_9700_-NONE-_-NONE-/,2025-08-07
CONT_AWD_FA862516F7000_9700_FA862516D6458_9700,FA862516F7000,9700,DEPT OF DEFENSE,FA862516D6458,E: Emergency P.L. 116-20;N: Emergency P.L. 116-136;Q: Not Designated Nonemergency/Emergency/Disaster/Wildfire Suppression,0,10000.00,,,61730252.02,3600778.08,39204458.01,50736988.15,2016-08-19,2016,2025-08-05,2025,2016-08-19,2022-12-31,2022-12-31 00:00:00,,,097,Department of Defense,5700,Department of the Air Force,FA8625,FA8625  AFLCMC WLNK C130,097,Department of Defense,5700,Department of the Air Force,F4FDBV,F4FDBV AFLCMC WIB CV-22,017-2015/2017-1506-000;017-2017/2019-1506-000;017-2018/2020-1506-000;017-2019/2021-1506-000;057-2014/2016-3010-000;057-2015/2017-3010-000;057-2016/2018-3010-000;057-2017/2019-3010-000;057-2018/2019-3600-000;057-2018/2020-3010-000;057-2019/2019-3400-000;057-2019/2019-3840-000;057-2019/2021-3010-000;057-2020/2020-3400-000;057-2020/2022-3010-000;097-2019/2021-0300-000,017-1506;057-3010;057-3400;057-3600;057-3840;097-0300,25.5: Research and development contracts;25.7: Operation and maintenance of equipment;31.0: Equipment,0001: COMBAT AIRCRAFT;0001: OPERATING FORCES;OPTN: FIELD IS OPTIONAL PRIOR TO FY21,X,NOT APPLICABLE,,,SJDEB3MKJEW5,,LOCKHEED MARTIN CORP,LOCKHEED MARTIN CORPORATION,LOCKHEED MARTIN AERONAUTICS,98897,ZFN2JJXBLZT3,,LOCKHEED MARTIN CORP,LOCKHEED MARTIN CORP,USA,UNITED STATES,86 SOUTH COBB DR,,MARIETTA,13067,COBB,13,GA,GEORGIA,300630001,GA-11,GA-11,4106820755,,USA,UNITED STATES,MARIETTA,13067,COBB,13,GA,GEORGIA,300630001,GA-11,GA-11,AWARD,C,DELIVERY ORDER,,,,,,,J,FIRM FIXED PRICE,"C-130J, ACAT I FYOC PROGRAMMATIC SUPPORT",,1,,,1510,"AIRCRAFT, FIXED WING",D,NOT A BUNDLED REQUIREMENT,A1A,AIRFRAMES AND SPARES,336411,AIRCRAFT MANUFACTURING,C,NO CLAUSES INCLUDED AND NO SUSTAINABILITY INCLUDED,A,U.S. OWNED BUSINESS,220,C-130J,Z,NOT IT PRODUCTS OR SERVICES,E,NOT REQUIRED,USA,UNITED STATES,D,MFG IN U.S.,,,C,NOT COMPETED,SSS,ONLY ONE SOURCE,,,NONE,NO PREFERENCE USED,,,,,FOC,FOLLOW-ON CONTRACT (FAR 6.302-1(A)(2)(II/III)),,D,COMMERCIAL PRODUCTS/SERVICES PROCEDURES NOT USED,f,N,NO,N,NO,Y,YES,N,NO,0.00,N,NO,Y,YES,X,NOT APPLICABLE,X,NOT APPLICABLE,X,NOT APPLICABLE,,,B,IDC,S,SINGLE AWARD,,,,N,NO,,,N,N,Y,YES,N,NO,X,NOT APPLICABLE,N,NO,Z,NOT APPLICABLE,N,NO,X,NOT APPLICABLE,f,f,f,f,f,f,f,f,f,f,f,f,f,f,f,f,f,f,f,OTHER THAN SMALL BUSINESS,O,f,f,f,f,f,f,f,f,f,f,f,f,f,f,f,f,f,CORPORATE NOT TAX EXEMPT,t,f,f,f,f,f,f,f,f,f,f,f,t,f,f,f,f,t,f,f,f,f,f,f,f,f,f,f,t,f,f,f,f,f,f,f,f,f,f,f,f,f,f,f,f,f,f,f,f,f,,,,,,,,,,,https://www.usaspending.gov/award/CONT_AWD_FA862516F7000_9700_FA862516D6458_9700/,2025-08-06
CONT_AWD_FA862517C6589_9700_-NONE-_-NONE-,FA862517C6589,,,,Q: Not Designated Nonemergency/Emergency/Disaster/Wildfire Suppression,,,,,91561092.78,655510.04,12364523.78,12364523.78,2016-12-22,2017,2025-04-16,2025,2016-09-30,2020-12-31,2025-04-16 00:00:00,,,097,Department of Defense,5700,Department of the Air Force,FA8688,FA8688 AFLCMC WLYK FUTURE TANKERS,097,Department of Defense,5700,Department of the Air Force,F4FDCR,F4FDCR C5 AFLCMC WLS,057-2016/2017-3600-000;057-2017/2018-3600-000;057-2018/2019-3600-000;057-2019/2020-3600-000,057-3600,31.0: Equipment,0001: BASIC RESEARCH;OPTN: FIELD IS OPTIONAL PRIOR TO FY21,X,NOT APPLICABLE,,,SJDEB3MKJEW5,,LOCKHEED MARTIN CORP,LOCKHEED MARTIN CORPORATION,LOCKHEED MARTIN AERONAUTICS,98897,ZFN2JJXBLZT3,,LOCKHEED MARTIN CORP,LOCKHEED MARTIN CORP,USA,UNITED STATES,86 SOUTH COBB DR,,MARIETTA,13067,COBB,13,GA,GEORGIA,300630001,GA-11,GA-11,4106820755,,USA,UNITED STATES,MARIETTA,13067,COBB,13,GA,GEORGIA,300630001,GA-11,GA-11,AWARD,D,DEFINITIVE CONTRACT,,,,,,,U,COST PLUS FIXED FEE,C-5 COMM NAV SURVEILLANCE / AIR TRAFFIC MANAGEMENT UPGRADE DEVELOPMENT PROGRAM,,1,,,1510,"AIRCRAFT, FIXED WING",D,NOT A BUNDLED REQUIREMENT,A1C,OTHER AIRCRAFT EQUIPMENT,336413,OTHER AIRCRAFT PARTS AND AUXILIARY EQUIPMENT MANUFACTURING,C,NO CLAUSES INCLUDED AND NO SUSTAINABILITY INCLUDED,A,U.S. OWNED BUSINESS,000,NONE,Z,NOT IT PRODUCTS OR SERVICES,E,NOT REQUIRED,USA,UNITED STATES,D,MFG IN U.S.,H,DOD COMPREHENSIVE SUBCONTRACT PLAN,C,NOT COMPETED,SSS,ONLY ONE SOURCE,NONE,NO SET ASIDE USED.,NONE,NO PREFERENCE USED,,,,,UNQ,UNIQUE SOURCE (FAR 6.302-1(B)(1)),1,D,COMMERCIAL PRODUCTS/SERVICES PROCEDURES NOT USED,f,N,NO,N,NO,N,NO,N,NO,0.00,N,NO,Y,YES,N,NO,N,NO,X,NOT APPLICABLE,,,,,,,,,,Y,YES,X,NOT APPLICABLE EXEMPT FROM CAS,Y,Y,N,NO,N,NO,X,NOT APPLICABLE,N,NO,Z,NOT APPLICABLE,N,NO,X,NOT APPLICABLE,f,f,f,f,f,f,f,f,f,f,f,f,f,f,f,f,f,f,f,OTHER THAN SMALL BUSINESS,O,f,f,f,f,f,f,f,f,f,f,f,f,f,f,f,f,f,CORPORATE NOT TAX EXEMPT,t,f,f,f,f,f,f,f,f,f,f,f,t,f,f,f,f,t,f,f,f,f,f,f,f,f,f,f,t,f,f,f,f,f,f,f,f,f,f,f,f,f,f,f,f,f,f,f,f,f,,,,,,,,,,,https://www.usaspending.gov/award/CONT_AWD_FA862517C6589_9700_-NONE-_-NONE-/,2025-04-28
CONT_AWD_FA862517F7152_9700_FA862516D6458_9700,FA862517F7152,9700,DEPT OF DEFENSE,FA862516D6458,,,,,,45250879.59,0.00,45250879.59,45763031.59,2017-07-06,2017,2025-03-07,2025,2017-07-06,2025-04-30,2025-12-26 00:00:00,,,097,Department of Defense,5700,Department of the Air Force,FA8509,FA8509  AFLCMC WIUKA,097,Department of Defense,5700,Department of the Air Force,F3QCBB,F3QCBB AFLCMC WIU,097-2018/2020-0300-000,097-0300,31.0: Equipment,,X,NOT APPLICABLE,,,SJDEB3MKJEW5,,LOCKHEED MARTIN CORP,LOCKHEED MARTIN CORPORATION,LOCKHEED MARTIN AERONAUTICS,98897,ZFN2JJXBLZT3,,LOCKHEED MARTIN CORP,LOCKHEED MARTIN CORP,USA,UNITED STATES,86 SOUTH COBB DR,,MARIETTA,13067,COBB,13,GA,GEORGIA,300630001,GA-11,GA-11,4106820755,,USA,UNITED STATES,MARIETTA,13067,COBB,13,GA,GEORGIA,300630001,GA-11,GA-11,AWARD,C,DELIVERY ORDER,,,,,,,J,FIRM FIXED PRICE,"MC-130J, FYOC INCREMENT-3 KITS AND AUXILIARY FLIGHT DECK STATION (AFDS) INSTALL ECP 16-00065",,1,,,1510,"AIRCRAFT, FIXED WING",H,NOT BUNDLED,A1A,AIRFRAMES AND SPARES,336411,AIRCRAFT MANUFACTURING,C,NO CLAUSES INCLUDED AND NO SUSTAINABILITY INCLUDED,A,U.S. OWNED BUSINESS,220,C-130J,Z,NOT IT PRODUCTS OR SERVICES,E,NOT REQUIRED,USA,UNITED STATES,D,MFG IN U.S.,H,DOD COMPREHENSIVE SUBCONTRACT PLAN,C,NOT COMPETED,SSS,ONLY ONE SOURCE,,,NONE,NO PREFERENCE USED,,,,,FOC,FOLLOW-ON CONTRACT (FAR 6.302-1(A)(2)(II/III)),,D,COMMERCIAL PRODUCTS/SERVICES PROCEDURES NOT USED,f,N,NO,N,NO,Y,YES,N,NO,0.00,N,NO,Y,YES,X,NOT APPLICABLE,X,NOT APPLICABLE,X,NOT APPLICABLE,,,B,IDC,S,SINGLE AWARD,,,,N,NO,,,Y,Y,Y,YES,D,NOT CONSOLIDATED,X,NOT APPLICABLE,N,NO,A,FAR 52.232-16 PROGRESS PAYMENTS,N,NO,X,NOT APPLICABLE,f,f,f,f,f,f,f,f,f,f,f,f,f,f,f,f,f,f,f,OTHER THAN SMALL BUSINESS,O,f,f,f,f,f,f,f,f,f,f,f,f,f,f,f,f,f,CORPORATE NOT TAX EXEMPT,t,f,f,f,f,f,f,f,f,f,f,f,t,f,f,f,f,t,f,f,f,f,f,f,f,f,f,f,t,f,f,f,f,f,f,f,f,f,f,f,f,f,f,f,f,f,f,f,f,f,,,,,,,,,,,https://www.usaspending.gov/award/CONT_AWD_FA862517F7152_9700_FA862516D6458_9700/,2025-03-07
CONT_AWD_FA862518F7001_9700_FA862516D6458_9700,FA862518F7001,9700,DEPT OF DEFENSE,FA862516D6458,Q: Not Designated Nonemergency/Emergency/Disaster/Wildfire Suppression,,,,,193268217.89,26496743.27,142170131.96,70211663.96,2018-01-25,2018,2025-09-30,2025,2017-11-09,2026-02-27,2026-02-27 00:00:00,,,097,Department of Defense,5700,Department of the Air Force,FA8625,FA8625  AFLCMC WLNK C130,097,Department of Defense,5700,Department of the Air Force,F4FDCT,F4FDCT AFLCMC WLN J,017-2018/2020-1506-000;017-2019/2021-1506-000;057-2016/2018-3010-000;057-2017/2019-3010-000;057-2018/2020-3010-000;057-2019/2021-3010-000;057-2020/2022-3010-000;057-2021/2023-3010-000,017-1506;057-3010,31.0: Equipment,0001: COMBAT AIRCRAFT;OPTN: FIELD IS OPTIONAL PRIOR TO FY21,X,NOT APPLICABLE,,,SJDEB3MKJEW5,,LOCKHEED MARTIN CORP,LOCKHEED MARTIN CORPORATION,LOCKHEED MARTIN AERONAUTICS,98897,ZFN2JJXBLZT3,,LOCKHEED MARTIN CORP,LOCKHEED MARTIN CORP,USA,UNITED STATES,86 SOUTH COBB DR,,MARIETTA,13067,COBB,13,GA,GEORGIA,300630001,GA-11,GA-11,4106820755,,USA,UNITED STATES,MARIETTA,13067,COBB,13,GA,GEORGIA,300630001,GA-11,GA-11,AWARD,C,DELIVERY ORDER,,,,,,,L,FIXED PRICE INCENTIVE,ACQUISITION CATEGORY II: COMBINED BLOCK UPGRADE 7.0/8.1 LOW-RATE INITIAL PRODUCTION LOT 1,,1,,,1510,"AIRCRAFT, FIXED WING",H,NOT BUNDLED,A1A,AIRFRAMES AND SPARES,336411,AIRCRAFT MANUFACTURING,C,NO CLAUSES INCLUDED AND NO SUSTAINABILITY INCLUDED,A,U.S. OWNED BUSINESS,220,C-130J,Z,NOT IT PRODUCTS OR SERVICES,E,NOT REQUIRED,USA,UNITED STATES,D,MFG IN U.S.,H,DOD COMPREHENSIVE SUBCONTRACT PLAN,C,NOT COMPETED,SSS,ONLY ONE SOURCE,,,NONE,NO PREFERENCE USED,,,,,FOC,FOLLOW-ON CONTRACT (FAR 6.302-1(A)(2)(II/III)),,D,COMMERCIAL PRODUCTS/SERVICES PROCEDURES NOT USED,f,N,NO,N,NO,Y,YES,N,NO,,N,NO,Y,YES,X,NOT APPLICABLE,X,NOT APPLICABLE,X,NOT APPLICABLE,,,B,IDC,S,SINGLE AWARD,,,,N,NO,,,Y,Y,Y,YES,D,NOT CONSOLIDATED,X,NOT APPLICABLE,N,NO,A,FAR 52.232-16 PROGRESS PAYMENTS,N,NO,X,NOT APPLICABLE,f,f,f,f,f,f,f,f,f,f,f,f,f,f,f,f,f,f,f,OTHER THAN SMALL BUSINESS,O,f,f,f,f,f,f,f,f,f,f,f,f,f,f,f,f,f,CORPORATE NOT TAX EXEMPT,t,f,f,f,f,f,f,f,f,f,f,f,t,f,f,f,f,t,f,f,f,f,f,f,f,f,f,f,t,f,f,f,f,f,f,f,f,f,f,f,f,f,f,f,f,f,f,f,f,f,,,,,,,,,,,https://www.usaspending.gov/award/CONT_AWD_FA862518F7001_9700_FA862516D6458_9700/,2025-09-30
CONT_AWD_FA862518F7005_9700_FA862516D6458_9700,FA862518F7005,9700,DEPT OF DEFENSE,FA862516D6458,Q: Not Designated Nonemergency/Emergency/Disaster/Wildfire Suppression,,,,,22195018.29,0.00,21610833.77,22089794.77,2018-05-23,2018,2025-04-17,2025,2018-01-18,2026-06-30,2026-06-30 00:00:00,,,097,Department of Defense,5700,Department of the Air Force,FA8625,FA8625  AFLCMC WLNK C130,097,Department of Defense,5700,Department of the Air Force,F4FDCT,F4FDCT AFLCMC WLN J,017-2018/2020-1506-000;057-2017/2019-3010-000;057-2018/2020-3010-000;057-2020/2022-3010-000,017-1506;057-3010,31.0: Equipment,0001: COMBAT AIRCRAFT,X,NOT APPLICABLE,,,SJDEB3MKJEW5,,LOCKHEED MARTIN CORP,LOCKHEED MARTIN CORPORATION,LOCKHEED MARTIN AERONAUTICS,98897,ZFN2JJXBLZT3,,LOCKHEED MARTIN CORP,LOCKHEED MARTIN CORP,USA,UNITED STATES,86 SOUTH COBB DR,,MARIETTA,13067,COBB,13,GA,GEORGIA,300630001,GA-11,GA-11,4106820755,,USA,UNITED STATES,MARIETTA,13067,COBB,13,GA,GEORGIA,300630001,GA-11,GA-11,AWARD,C,DELIVERY ORDER,,,,,,,U,COST PLUS FIXED FEE,CNISP EFFORT,,1,,,1510,"AIRCRAFT, FIXED WING",H,NOT BUNDLED,A1A,AIRFRAMES AND SPARES,336411,AIRCRAFT MANUFACTURING,C,NO CLAUSES INCLUDED AND NO SUSTAINABILITY INCLUDED,A,U.S. OWNED BUSINESS,220,C-130J,Z,NOT IT PRODUCTS OR SERVICES,E,NOT REQUIRED,USA,UNITED STATES,D,MFG IN U.S.,H,DOD COMPREHENSIVE SUBCONTRACT PLAN,C,NOT COMPETED,SSS,ONLY ONE SOURCE,,,NONE,NO PREFERENCE USED,,,,,FOC,FOLLOW-ON CONTRACT (FAR 6.302-1(A)(2)(II/III)),,D,COMMERCIAL PRODUCTS/SERVICES PROCEDURES NOT USED,f,N,NO,N,NO,Y,YES,N,NO,,N,NO,Y,YES,X,NOT APPLICABLE,X,NOT APPLICABLE,X,NOT APPLICABLE,,,B,IDC,S,SINGLE AWARD,,,,N,NO,,,N,N,U,UNKNOWN,D,NOT CONSOLIDATED,X,NOT APPLICABLE,N,NO,Z,NOT APPLICABLE,N,NO,X,NOT APPLICABLE,f,f,f,f,f,f,f,f,f,f,f,f,f,f,f,f,f,f,f,OTHER THAN SMALL BUSINESS,O,f,f,f,f,f,f,f,f,f,f,f,f,f,f,f,f,f,CORPORATE NOT TAX EXEMPT,t,f,f,f,f,f,f,f,f,f,f,f,t,f,f,f,f,t,f,f,f,f,f,f,f,f,f,f,t,f,f,f,f,f,f,f,f,f,f,f,f,f,f,f,f,f,f,f,f,f,,,,,,,,,,,https://www.usaspending.gov/award/CONT_AWD_FA862518F7005_9700_FA862516D6458_9700/,2025-04-21
CONT_AWD_FA862518F7015_9700_FA862516D6458_9700,FA862518F7015,9700,DEPT OF DEFENSE,FA862516D6458,Q: Not Designated Nonemergency/Emergency/Disaster/Wildfire Suppression,,,,,69112164.07,0.00,69112164.07,69112164.07,2018-08-13,2018,2024-10-02,2025,2018-08-13,2021-06-30,2021-06-30 00:00:00,,2017-03-06,097,Department of Defense,9763,Defense Contract Management Agency,S1111A,DCMA FIXED WING MARIETTA,097,Department of Defense,5700,Department of the Air Force,F4FDCT,F4FDCT AFLCMC WLN J,057-2016/2018-3010-000;057-2017/2019-3010-000,057-3010,31.0: Equipment,0001: COMBAT AIRCRAFT,X,NOT APPLICABLE,,,SJDEB3MKJEW5,,LOCKHEED MARTIN CORP,LOCKHEED MARTIN CORPORATION,LOCKHEED MARTIN AERONAUTICS,98897,ZFN2JJXBLZT3,,LOCKHEED MARTIN CORP,LOCKHEED MARTIN CORP,USA,UNITED STATES,86 SOUTH COBB DR,,MARIETTA,13067,COBB,13,GA,GEORGIA,300630001,GA-11,GA-11,4106820755,,USA,UNITED STATES,MARIETTA,13067,COBB,13,GA,GEORGIA,300630001,GA-11,GA-11,AWARD,C,DELIVERY ORDER,,,,,,,J,FIRM FIXED PRICE,FIVE YEAR ORDERING CONTRACT ENTERPRISE SPARES,,1,,,1510,"AIRCRAFT, FIXED WING",H,NOT BUNDLED,A1B,AIRCRAFT ENGINES AND SPARES,336411,AIRCRAFT MANUFACTURING,C,NO CLAUSES INCLUDED AND NO SUSTAINABILITY INCLUDED,A,U.S. OWNED BUSINESS,000,NONE,Z,NOT IT PRODUCTS OR SERVICES,E,NOT REQUIRED,USA,UNITED STATES,D,MFG IN U.S.,H,DOD COMPREHENSIVE SUBCONTRACT PLAN,C,NOT COMPETED,SSS,ONLY ONE SOURCE,,,NONE,NO PREFERENCE USED,,,,,FOC,FOLLOW-ON CONTRACT (FAR 6.302-1(A)(2)(II/III)),,D,COMMERCIAL PRODUCTS/SERVICES PROCEDURES NOT USED,f,N,NO,N,NO,Y,YES,N,NO,,N,NO,Y,YES,X,NOT APPLICABLE,X,NOT APPLICABLE,X,NOT APPLICABLE,,,B,IDC,S,SINGLE AWARD,,,,N,NO,,,N,N,Y,YES,D,NOT CONSOLIDATED,X,NOT APPLICABLE,N,NO,A,FAR 52.232-16 PROGRESS PAYMENTS,N,NO,X,NOT APPLICABLE,f,f,f,f,f,f,f,f,f,f,f,f,f,f,f,f,f,f,f,OTHER THAN SMALL BUSINESS,O,f,f,f,f,f,f,f,f,f,f,f,f,f,f,f,f,f,CORPORATE NOT TAX EXEMPT,t,f,f,f,f,f,f,f,f,f,f,f,t,f,f,f,f,t,f,f,f,f,f,f,f,f,f,f,t,f,f,f,f,f,f,f,f,f,f,f,f,f,f,f,f,f,f,f,f,f,,,,,,,,,,,https://www.usaspending.gov/award/CONT_AWD_FA862518F7015_9700_FA862516D6458_9700/,2025-03-20
CONT_AWD_FA862518F7019_9700_FA862516D6458_9700,FA862518F7019,9700,DEPT OF DEFENSE,FA862516D6458,Q: Not Designated Nonemergency/Emergency/Disaster/Wildfire Suppression,,,,,29738765.56,91386.02,-10887684.43,-9286798.43,2017-12-13,2018,2025-06-17,2025,2017-12-13,2023-08-25,2023-08-25 00:00:00,,,097,Department of Defense,5700,Department of the Air Force,FA8625,FA8625  AFLCMC WLNK C130,097,Department of Defense,5700,Department of the Air Force,F4FDCT,F4FDCT AFLCMC WLN J,057-2017/2019-3010-000;057-2018/2020-3010-000;057-2019/2021-3010-000;097-2017/2019-0300-000,057-3010;097-0300,31.0: Equipment,0001: COMBAT AIRCRAFT;OPTN: FIELD IS OPTIONAL PRIOR TO FY21,X,NOT APPLICABLE,,,SJDEB3MKJEW5,,LOCKHEED MARTIN CORP,LOCKHEED MARTIN CORPORATION,LOCKHEED MARTIN AERONAUTICS,98897,ZFN2JJXBLZT3,,LOCKHEED MARTIN CORP,LOCKHEED MARTIN CORP,USA,UNITED STATES,86 SOUTH COBB DR,,MARIETTA,13067,COBB,13,GA,GEORGIA,300630001,GA-11,GA-11,4106820755,,USA,UNITED STATES,MARIETTA,13067,COBB,13,GA,GEORGIA,300630001,GA-11,GA-11,AWARD,C,DELIVERY ORDER,,,,,,,J,FIRM FIXED PRICE,ACAT III C-130J FYOC ADS-B OUT PRODUCTION,,1,,,1510,"AIRCRAFT, FIXED WING",H,NOT BUNDLED,A1A,AIRFRAMES AND SPARES,336411,AIRCRAFT MANUFACTURING,C,NO CLAUSES INCLUDED AND NO SUSTAINABILITY INCLUDED,A,U.S. OWNED BUSINESS,220,C-130J,Z,NOT IT PRODUCTS OR SERVICES,E,NOT REQUIRED,USA,UNITED STATES,D,MFG IN U.S.,H,DOD COMPREHENSIVE SUBCONTRACT PLAN,C,NOT COMPETED,SSS,ONLY ONE SOURCE,,,NONE,NO PREFERENCE USED,,,,,FOC,FOLLOW-ON CONTRACT (FAR 6.302-1(A)(2)(II/III)),,D,COMMERCIAL PRODUCTS/SERVICES PROCEDURES NOT USED,f,N,NO,N,NO,Y,YES,N,NO,,N,NO,Y,YES,X,NOT APPLICABLE,X,NOT APPLICABLE,X,NOT APPLICABLE,,,B,IDC,S,SINGLE AWARD,,,,N,NO,,,N,N,U,UNKNOWN,D,NOT CONSOLIDATED,X,NOT APPLICABLE,N,NO,Z,NOT APPLICABLE,N,NO,X,NOT APPLICABLE,f,f,f,f,f,f,f,f,f,f,f,f,f,f,f,f,f,f,f,OTHER THAN SMALL BUSINESS,O,f,f,f,f,f,f,f,f,f,f,f,f,f,f,f,f,f,CORPORATE NOT TAX EXEMPT,t,f,f,f,f,f,f,f,f,f,f,f,t,f,f,f,f,t,f,f,f,f,f,f,f,f,f,f,t,f,f,f,f,f,f,f,f,f,f,f,f,f,f,f,f,f,f,f,f,f,,,,,,,,,,,https://www.usaspending.gov/award/CONT_AWD_FA862518F7019_9700_FA862516D6458_9700/,2025-06-17
CONT_AWD_FA862518F7027_9700_FA862516D6458_9700,FA862518F7027,9700,DEPT OF DEFENSE,FA862516D6458,Q: Not Designated Nonemergency/Emergency/Disaster/Wildfire Suppression,,,,,3809704361.36,118861738.71,4965993.24,4965993.24,2018-07-19,2018,2025-09-25,2025,2018-07-19,2026-04-30,2026-04-30 00:00:00,,2018-04-27,097,Department of Defense,5700,Department of the Air Force,FA8625,FA8625  AFLCMC WLNK C130,097,Department of Defense,5700,Department of the Air Force,F4FDCT,F4FDCT AFLCMC WLN J,017-2018/2020-1506-000;017-2019/2021-1506-000;017-2020/2022-1506-000;057-2018/2020-3010-000;057-2019/2021-3010-000;057-2020/2022-3010-000,017-1506;057-3010,26.0: Supplies and materials;31.0: Equipment,0001: COMBAT AIRCRAFT;OPTN: FIELD IS OPTIONAL PRIOR TO FY21,X,NOT APPLICABLE,,,SJDEB3MKJEW5,,LOCKHEED MARTIN CORP,LOCKHEED MARTIN CORPORATION,LOCKHEED MARTIN AERONAUTICS,98897,ZFN2JJXBLZT3,,LOCKHEED MARTIN CORP,LOCKHEED MARTIN CORP,USA,UNITED STATES,86 SOUTH COBB DR,,MARIETTA,13067,COBB,13,GA,GEORGIA,300630001,GA-11,GA-11,4106820755,,USA,UNITED STATES,MARIETTA,13067,COBB,13,GA,GEORGIA,300630001,GA-11,GA-11,AWARD,C,DELIVERY ORDER,,,,,,,J,FIRM FIXED PRICE,"C-130J, ACAT 1, FIVE YEAR ORDERING CONTRACT, MYP3 AP",,1,,,1510,"AIRCRAFT, FIXED WING",H,NOT BUNDLED,A1A,AIRFRAMES AND SPARES,336411,AIRCRAFT MANUFACTURING,C,NO CLAUSES INCLUDED AND NO SUSTAINABILITY INCLUDED,A,U.S. OWNED BUSINESS,220,C-130J,Z,NOT IT PRODUCTS OR SERVICES,E,NOT REQUIRED,USA,UNITED STATES,D,MFG IN U.S.,H,DOD COMPREHENSIVE SUBCONTRACT PLAN,C,NOT COMPETED,SSS,ONLY ONE SOURCE,,,NONE,NO PREFERENCE USED,,,,,FOC,FOLLOW-ON CONTRACT (FAR 6.302-1(A)(2)(II/III)),,D,COMMERCIAL PRODUCTS/SERVICES PROCEDURES NOT USED,f,N,NO,N,NO,Y,YES,N,NO,0.00,N,NO,Y,YES,X,NOT APPLICABLE,X,NOT APPLICABLE,X,NOT APPLICABLE,,,B,IDC,S,SINGLE AWARD,,,,N,NO,,,N,N,N,NO,D,NOT CONSOLIDATED,X,NOT APPLICABLE,N,NO,A,FAR 52.232-16 PROGRESS PAYMENTS,N,NO,X,NOT APPLICABLE,f,f,f,f,f,f,f,f,f,f,f,f,f,f,f,f,f,f,f,OTHER THAN SMALL BUSINESS,O,f,f,f,f,f,f,f,f,f,f,f,f,f,f,f,f,f,CORPORATE NOT TAX EXEMPT,t,f,f,f,f,f,f,f,f,f,f,f,t,f,f,f,f,t,f,f,f,f,f,f,f,f,f,f,t,f,f,f,f,f,f,f,f,f,f,f,f,f,f,f,f,f,f,f,f,f,,,,,,,,,,,https://www.usaspending.gov/award/CONT_AWD_FA862518F7027_9700_FA862516D6458_9700/,2025-09-25
CONT_AWD_FA862518F7028_9700_FA862516D6458_9700,FA862518F7028,9700,DEPT OF DEFENSE,FA862516D6458,Q: Not Designated Nonemergency/Emergency/Disaster/Wildfire Suppression,,,,,1949541131.10,0.00,21147631.66,21147631.66,2018-07-18,2018,2025-09-26,2025,2018-07-18,2026-07-31,2026-07-31 00:00:00,,,097,Department of Defense,5700,Department of the Air Force,FA8625,FA8625  AFLCMC WLNK C130,097,Department of Defense,5700,Department of the Air Force,F4FDCT,F4FDCT AFLCMC WLN J,017-2018/2020-1506-000;057-2018/2020-3010-000;057-2019/2021-3010-000,017-1506;057-3010,26.0: Supplies and materials;31.0: Equipment,,X,NOT APPLICABLE,,,SJDEB3MKJEW5,,LOCKHEED MARTIN CORP,LOCKHEED MARTIN CORPORATION,LOCKHEED MARTIN AERONAUTICS,98897,ZFN2JJXBLZT3,,LOCKHEED MARTIN CORP,LOCKHEED MARTIN CORP,USA,UNITED STATES,86 SOUTH COBB DR,,MARIETTA,13067,COBB,13,GA,GEORGIA,300630001,GA-11,GA-11,4106820755,,USA,UNITED STATES,MARIETTA,13067,COBB,13,GA,GEORGIA,300630001,GA-11,GA-11,AWARD,C,DELIVERY ORDER,,,,,,,L,FIXED PRICE INCENTIVE,"ACAT I, C-130J FIVE YEAR ORDERING CONTRACT",,1,,,1510,"AIRCRAFT, FIXED WING",H,NOT BUNDLED,A1A,AIRFRAMES AND SPARES,336411,AIRCRAFT MANUFACTURING,C,NO CLAUSES INCLUDED AND NO SUSTAINABILITY INCLUDED,A,U.S. OWNED BUSINESS,220,C-130J,Z,NOT IT PRODUCTS OR SERVICES,E,NOT REQUIRED,USA,UNITED STATES,D,MFG IN U.S.,H,DOD COMPREHENSIVE SUBCONTRACT PLAN,C,NOT COMPETED,SSS,ONLY ONE SOURCE,,,NONE,NO PREFERENCE USED,,,,,FOC,FOLLOW-ON CONTRACT (FAR 6.302-1(A)(2)(II/III)),,D,COMMERCIAL PRODUCTS/SERVICES PROCEDURES NOT USED,f,N,NO,N,NO,Y,YES,N,NO,,N,NO,Y,YES,X,NOT APPLICABLE,X,NOT APPLICABLE,X,NOT APPLICABLE,,,B,IDC,S,SINGLE AWARD,,,,N,NO,,,Y,Y,Y,YES,D,NOT CONSOLIDATED,X,NOT APPLICABLE,N,NO,A,FAR 52.232-16 PROGRESS PAYMENTS,N,NO,X,NOT APPLICABLE,f,f,f,f,f,f,f,f,f,f,f,f,f,f,f,f,f,f,f,OTHER THAN SMALL BUSINESS,O,f,f,f,f,f,f,f,f,f,f,f,f,f,f,f,f,f,CORPORATE NOT TAX EXEMPT,t,f,f,f,f,f,f,f,f,f,f,f,t,f,f,f,f,t,f,f,f,f,f,f,f,f,f,f,t,f,f,f,f,f,f,f,f,f,f,f,f,f,f,f,f,f,f,f,f,f,,,,,,,,,,,https://www.usaspending.gov/award/CONT_AWD_FA862518F7028_9700_FA862516D6458_9700/,2025-09-26
CONT_AWD_FA862519F7502_9700_FA862516D6458_9700,FA862519F7502,9700,DEPT OF DEFENSE,FA862516D6458,,,,,,70067648.11,,70067648.11,70067648.11,2019-05-31,2019,2024-10-28,2025,2019-05-31,2024-10-31,2024-10-31 00:00:00,,2019-02-19,097,Department of Defense,5700,Department of the Air Force,FA8625,FA8625  AFLCMC WLNK C130,097,Department of Defense,5700,Department of the Air Force,F4FDCT,F4FDCT AFLCMC WLN J,,,,,X,NOT APPLICABLE,,,SJDEB3MKJEW5,,LOCKHEED MARTIN CORP,LOCKHEED MARTIN CORPORATION,LOCKHEED MARTIN AERONAUTICS,98897,ZFN2JJXBLZT3,,LOCKHEED MARTIN CORP,LOCKHEED MARTIN CORP,USA,UNITED STATES,86 SOUTH COBB DR,,MARIETTA,13067,COBB,13,GA,GEORGIA,300630001,GA-11,GA-11,4106820755,,USA,UNITED STATES,MARIETTA,13067,COBB,13,GA,GEORGIA,300630001,GA-11,GA-11,AWARD,C,DELIVERY ORDER,,,,,,,J,FIRM FIXED PRICE,FMS FRANCE BLOCK UPGRADE 8.1 KITS,,1,,,1510,"AIRCRAFT, FIXED WING",H,NOT BUNDLED,A1A,AIRFRAMES AND SPARES,336411,AIRCRAFT MANUFACTURING,C,NO CLAUSES INCLUDED AND NO SUSTAINABILITY INCLUDED,A,U.S. OWNED BUSINESS,220,C-130J,Z,NOT IT PRODUCTS OR SERVICES,E,NOT REQUIRED,USA,UNITED STATES,D,MFG IN U.S.,H,DOD COMPREHENSIVE SUBCONTRACT PLAN,C,NOT COMPETED,SSS,ONLY ONE SOURCE,,,NONE,NO PREFERENCE USED,,,,,FOC,FOLLOW-ON CONTRACT (FAR 6.302-1(A)(2)(II/III)),,D,COMMERCIAL PRODUCTS/SERVICES PROCEDURES NOT USED,f,N,NO,N,NO,Y,YES,N,NO,,N,NO,Y,YES,X,NOT APPLICABLE,X,NOT APPLICABLE,X,NOT APPLICABLE,,,B,IDC,S,SINGLE AWARD,,,,N,NO,,,Y,Y,U,UNKNOWN,D,NOT CONSOLIDATED,X,NOT APPLICABLE,N,NO,Z,NOT APPLICABLE,N,NO,X,NOT APPLICABLE,f,f,f,f,f,f,f,f,f,f,f,f,f,f,f,f,f,f,f,OTHER THAN SMALL BUSINESS,O,f,f,f,f,f,f,f,f,f,f,f,f,f,f,f,f,f,CORPORATE NOT TAX EXEMPT,t,f,f,f,f,f,f,f,f,f,f,f,t,f,f,f,f,t,f,f,f,f,f,f,f,f,f,f,t,f,f,f,f,f,f,f,f,f,f,f,f,f,f,f,f,f,f,f,f,f,,,,,,,,,,,https://www.usaspending.gov/award/CONT_AWD_FA862519F7502_9700_FA862516D6458_9700/,2024-10-28
CONT_AWD_FA862519F8000_9700_FA862516D6458_9700,FA862519F8000,9700,DEPT OF DEFENSE,FA862516D6458,,,,,,599532231.43,,599648284.43,599648284.43,2018-12-21,2019,2025-08-12,2025,2018-12-21,2026-08-18,2026-08-18 00:00:00,,,097,Department of Defense,5700,Department of the Air Force,FA8625,FA8625  AFLCMC WLNK C130,097,Department of Defense,5700,Department of the Air Force,F4FDCT,F4FDCT AFLCMC WLN J,,,,,A,FOREIGN FUNDS FMS,,,SJDEB3MKJEW5,,LOCKHEED MARTIN CORP,LOCKHEED MARTIN CORPORATION,LOCKHEED MARTIN AERONAUTICS,98897,ZFN2JJXBLZT3,,LOCKHEED MARTIN CORP,LOCKHEED MARTIN CORP,USA,UNITED STATES,86 SOUTH COBB DR,,MARIETTA,13067,COBB,13,GA,GEORGIA,300630001,GA-11,GA-11,4106820755,,USA,UNITED STATES,MARIETTA,13067,COBB,13,GA,GEORGIA,300630001,GA-11,GA-11,AWARD,C,DELIVERY ORDER,,,,,,,J,FIRM FIXED PRICE,FOREIGN MILITARY SALES GERMANY,FA862519R8000,1,,,1510,"AIRCRAFT, FIXED WING",H,NOT BUNDLED,A1A,AIRFRAMES AND SPARES,336411,AIRCRAFT MANUFACTURING,C,NO CLAUSES INCLUDED AND NO SUSTAINABILITY INCLUDED,A,U.S. OWNED BUSINESS,220,C-130J,Z,NOT IT PRODUCTS OR SERVICES,E,NOT REQUIRED,USA,UNITED STATES,D,MFG IN U.S.,H,DOD COMPREHENSIVE SUBCONTRACT PLAN,C,NOT COMPETED,SSS,ONLY ONE SOURCE,,,NONE,NO PREFERENCE USED,,,,,FOC,FOLLOW-ON CONTRACT (FAR 6.302-1(A)(2)(II/III)),,D,COMMERCIAL PRODUCTS/SERVICES PROCEDURES NOT USED,f,N,NO,N,NO,Y,YES,N,NO,,N,NO,Y,YES,X,NOT APPLICABLE,X,NOT APPLICABLE,X,NOT APPLICABLE,,,B,IDC,S,SINGLE AWARD,,,,N,NO,,,Y,Y,U,UNKNOWN,D,NOT CONSOLIDATED,X,NOT APPLICABLE,N,NO,A,FAR 52.232-16 PROGRESS PAYMENTS,N,NO,X,NOT APPLICABLE,f,f,f,f,f,f,f,f,f,f,f,f,f,f,f,f,f,f,f,OTHER THAN SMALL BUSINESS,O,f,f,f,f,f,f,f,f,f,f,f,f,f,f,f,f,f,CORPORATE NOT TAX EXEMPT,t,f,f,f,f,f,f,f,f,f,f,f,t,f,f,f,f,t,f,f,f,f,f,f,f,f,f,f,t,f,f,f,f,f,f,f,f,f,f,f,f,f,f,f,f,f,f,f,f,f,,,,,,,,,,,https://www.usaspending.gov/award/CONT_AWD_FA862519F8000_9700_FA862516D6458_9700/,2025-08-12
CONT_AWD_FA862520F7029_9700_FA862516D6458_9700,FA862520F7029,9700,DEPT OF DEFENSE,FA862516D6458,Q: Not Designated Nonemergency/Emergency/Disaster/Wildfire Suppression,,,,,126966178.79,0.00,126966178.79,126966178.79,2020-09-29,2020,2024-12-11,2025,2023-07-31,2028-07-31,2028-07-31 00:00:00,,2019-04-10,097,Department of Defense,5700,Department of the Air Force,FA8625,FA8625  AFLCMC WLNK C130,097,Department of Defense,5700,Department of the Air Force,F4FDCT,F4FDCT AFLCMC WLN J,057-2018/2020-3010-000;057-2019/2021-3010-000,057-3010,31.0: Equipment,0001: COMBAT AIRCRAFT;OPTN: FIELD IS OPTIONAL PRIOR TO FY21,X,NOT APPLICABLE,,,SJDEB3MKJEW5,,LOCKHEED MARTIN CORP,LOCKHEED MARTIN CORPORATION,LOCKHEED MARTIN AERONAUTICS,98897,ZFN2JJXBLZT3,,LOCKHEED MARTIN CORP,LOCKHEED MARTIN CORP,USA,UNITED STATES,86 SOUTH COBB DR,,MARIETTA,13067,COBB,13,GA,GEORGIA,300630001,GA-11,GA-11,4106820755,,USA,UNITED STATES,MARIETTA,13067,COBB,13,GA,GEORGIA,300630001,GA-11,GA-11,AWARD,C,DELIVERY ORDER,,,,,,,J,FIRM FIXED PRICE,C-130J FIVE YEAR ORDERING CONTRACT FOR PEACETIME OPERATING STOCK AND READINESS SPARES PACKAGES,,1,,,1510,"AIRCRAFT, FIXED WING",H,NOT BUNDLED,A1A,AIRFRAMES AND SPARES,336411,AIRCRAFT MANUFACTURING,C,NO CLAUSES INCLUDED AND NO SUSTAINABILITY INCLUDED,A,U.S. OWNED BUSINESS,220,C-130J,Z,NOT IT PRODUCTS OR SERVICES,E,NOT REQUIRED,USA,UNITED STATES,D,MFG IN U.S.,H,DOD COMPREHENSIVE SUBCONTRACT PLAN,C,NOT COMPETED,SSS,ONLY ONE SOURCE,,,NONE,NO PREFERENCE USED,,,,,FOC,FOLLOW-ON CONTRACT (FAR 6.302-1(A)(2)(II/III)),,D,COMMERCIAL PRODUCTS/SERVICES PROCEDURES NOT USED,f,N,NO,N,NO,Y,YES,N,NO,,N,NO,Y,YES,X,NOT APPLICABLE,X,NOT APPLICABLE,X,NOT APPLICABLE,,,B,IDC,S,SINGLE AWARD,,,,N,NO,,,N,N,U,UNKNOWN,D,NOT CONSOLIDATED,X,NOT APPLICABLE,N,NO,Z,NOT APPLICABLE,N,NO,X,NOT APPLICABLE,f,f,f,f,f,f,f,f,f,f,f,f,f,f,f,f,f,f,f,OTHER THAN SMALL BUSINESS,O,f,f,f,f,f,f,f,f,f,f,f,f,f,f,f,f,f,CORPORATE NOT TAX EXEMPT,t,f,f,f,f,f,f,f,f,f,f,f,t,f,f,f,f,t,f,f,f,f,f,f,f,f,f,f,t,f,f,f,f,f,f,f,f,f,f,f,f,f,f,f,f,f,f,f,f,f,,,,,,,,,,,https://www.usaspending.gov/award/CONT_AWD_FA862520F7029_9700_FA862516D6458_9700/,2025-04-26
CONT_AWD_FA862520F7031_9700_FA862516D6458_9700,FA862520F7031,9700,DEPT OF DEFENSE,FA862516D6458,Q: Not Designated Nonemergency/Emergency/Disaster/Wildfire Suppression,,,,,262962903.68,1512082.00,265108317.16,641812508.64,2019-11-25,2020,2025-09-19,2025,2019-11-25,2026-09-30,2026-09-30 00:00:00,,2019-02-28,097,Department of Defense,5700,Department of the Air Force,FA8625,FA8625  AFLCMC WLNK C130,097,Department of Defense,5700,Department of the Air Force,F4FDCT,F4FDCT AFLCMC WLN J,017-2020/2022-1506-000;057-2019/2021-3010-000;057-2020/2022-3010-000;057-2021/2023-3010-000,017-1506;057-3010,26.0: Supplies and materials;31.0: Equipment,0001: COMBAT AIRCRAFT;OPTN: FIELD IS OPTIONAL PRIOR TO FY21,X,NOT APPLICABLE,,,SJDEB3MKJEW5,,LOCKHEED MARTIN CORP,LOCKHEED MARTIN CORPORATION,LOCKHEED MARTIN AERONAUTICS,98897,ZFN2JJXBLZT3,,LOCKHEED MARTIN CORP,LOCKHEED MARTIN CORP,USA,UNITED STATES,86 SOUTH COBB DR,,MARIETTA,13067,COBB,13,GA,GEORGIA,300630001,GA-11,GA-11,4106820755,,USA,UNITED STATES,MARIETTA,13067,COBB,13,GA,GEORGIA,300630001,GA-11,GA-11,AWARD,C,DELIVERY ORDER,,,,,,,L,FIXED PRICE INCENTIVE,"C-130J, BLOCK UPGRADE 7.0/8.1 RETROFIT LOTS 3,4,5",,1,,,1510,"AIRCRAFT, FIXED WING",H,NOT BUNDLED,A1C,OTHER AIRCRAFT EQUIPMENT,336411,AIRCRAFT MANUFACTURING,C,NO CLAUSES INCLUDED AND NO SUSTAINABILITY INCLUDED,A,U.S. OWNED BUSINESS,220,C-130J,Z,NOT IT PRODUCTS OR SERVICES,E,NOT REQUIRED,USA,UNITED STATES,D,MFG IN U.S.,H,DOD COMPREHENSIVE SUBCONTRACT PLAN,C,NOT COMPETED,SSS,ONLY ONE SOURCE,,,NONE,NO PREFERENCE USED,,,,,FOC,FOLLOW-ON CONTRACT (FAR 6.302-1(A)(2)(II/III)),,D,COMMERCIAL PRODUCTS/SERVICES PROCEDURES NOT USED,f,N,NO,N,NO,Y,YES,N,NO,,N,NO,Y,YES,X,NOT APPLICABLE,X,NOT APPLICABLE,X,NOT APPLICABLE,,,B,IDC,S,SINGLE AWARD,,,,N,NO,,,N,N,U,UNKNOWN,D,NOT CONSOLIDATED,X,NOT APPLICABLE,N,NO,Z,NOT APPLICABLE,N,NO,X,NOT APPLICABLE,f,f,f,f,f,f,f,f,f,f,f,f,f,f,f,f,f,f,f,OTHER THAN SMALL BUSINESS,O,f,f,f,f,f,f,f,f,f,f,f,f,f,f,f,f,f,CORPORATE NOT TAX EXEMPT,t,f,f,f,f,f,f,f,f,f,f,f,t,f,f,f,f,t,f,f,f,f,f,f,f,f,f,f,t,f,f,f,f,f,f,f,f,f,f,f,f,f,f,f,f,f,f,f,f,f,,,,,,,,,,,https://www.usaspending.gov/award/CONT_AWD_FA862520F7031_9700_FA862516D6458_9700/,2025-09-19
CONT_AWD_FA862520F7037_9700_FA862516D6458_9700,FA862520F7037,9700,DEPT OF DEFENSE,FA862516D6458,Q: Not Designated Nonemergency/Emergency/Disaster/Wildfire Suppression,,,,,323752377.67,194258.00,323752377.67,323752377.67,2020-04-15,2020,2025-09-11,2025,2020-04-15,2024-11-15,2024-11-15 00:00:00,,2020-02-25,097,Department of Defense,5700,Department of the Air Force,FA8625,FA8625  AFLCMC WLNK C130,097,Department of Defense,5700,Department of the Air Force,F4FDCT,F4FDCT AFLCMC WLN J,057-2020/2022-3010-000,057-3010,31.0: Equipment,OPTN: FIELD IS OPTIONAL PRIOR TO FY21,X,NOT APPLICABLE,,,SJDEB3MKJEW5,,LOCKHEED MARTIN CORP,LOCKHEED MARTIN CORPORATION,LOCKHEED MARTIN AERONAUTICS,98897,ZFN2JJXBLZT3,,LOCKHEED MARTIN CORP,LOCKHEED MARTIN CORP,USA,UNITED STATES,86 SOUTH COBB DR,,MARIETTA,13067,COBB,13,GA,GEORGIA,300630001,GA-11,GA-11,4106820755,,USA,UNITED STATES,MARIETTA,13067,COBB,13,GA,GEORGIA,300630001,GA-11,GA-11,AWARD,C,DELIVERY ORDER,,,,,,,J,FIRM FIXED PRICE,C-130J FY20 CONGRESSIONAL ADDS,,1,,,1510,"AIRCRAFT, FIXED WING",H,NOT BUNDLED,A1A,AIRFRAMES AND SPARES,336411,AIRCRAFT MANUFACTURING,C,NO CLAUSES INCLUDED AND NO SUSTAINABILITY INCLUDED,A,U.S. OWNED BUSINESS,220,C-130J,Z,NOT IT PRODUCTS OR SERVICES,E,NOT REQUIRED,USA,UNITED STATES,D,MFG IN U.S.,H,DOD COMPREHENSIVE SUBCONTRACT PLAN,C,NOT COMPETED,SSS,ONLY ONE SOURCE,,,NONE,NO PREFERENCE USED,,,,,FOC,FOLLOW-ON CONTRACT (FAR 6.302-1(A)(2)(II/III)),,D,COMMERCIAL PRODUCTS/SERVICES PROCEDURES NOT USED,f,N,NO,N,NO,Y,YES,N,NO,,N,NO,Y,YES,X,NOT APPLICABLE,X,NOT APPLICABLE,X,NOT APPLICABLE,,,B,IDC,S,SINGLE AWARD,,,,N,NO,,,Y,Y,U,UNKNOWN,D,NOT CONSOLIDATED,X,NOT APPLICABLE,N,NO,Z,NOT APPLICABLE,N,NO,X,NOT APPLICABLE,f,f,f,f,f,f,f,f,f,f,f,f,f,f,f,f,f,f,f,OTHER THAN SMALL BUSINESS,O,f,f,f,f,f,f,f,f,f,f,f,f,f,f,f,f,f,CORPORATE NOT TAX EXEMPT,t,f,f,f,f,f,f,f,f,f,f,f,t,f,f,f,f,t,f,f,f,f,f,f,f,f,f,f,t,f,f,f,f,f,f,f,f,f,f,f,f,f,f,f,f,f,f,f,f,f,,,,,,,,,,,https://www.usaspending.gov/award/CONT_AWD_FA862520F7037_9700_FA862516D6458_9700/,2025-09-12
CONT_AWD_FA862521F3004_9700_FA862520D3000_9700,FA862521F3004,9700,DEPT OF DEFENSE,FA862520D3000,Q: Not Designated Nonemergency/Emergency/Disaster/Wildfire Suppression,,,,,43687401.85,0.00,43687401.85,43755645.85,2021-08-12,2021,2025-01-10,2025,2021-12-18,2025-12-31,2025-12-31 00:00:00,,2020-10-06,097,Department of Defense,5700,Department of the Air Force,FA8625,FA8625  AFLCMC WLNK C130,097,Department of Defense,5700,Department of the Air Force,F4FDCT,F4FDCT AFLCMC WLN J,097-2023/2025-0300-000,097-0300,31.0: Equipment,0001: OPERATING FORCES;0020: UNDISTRIBUTED,X,NOT APPLICABLE,,,SJDEB3MKJEW5,,LOCKHEED MARTIN CORP,LOCKHEED MARTIN CORPORATION,LOCKHEED MARTIN AERONAUTICS,98897,ZFN2JJXBLZT3,,LOCKHEED MARTIN CORP,LOCKHEED MARTIN CORP,USA,UNITED STATES,86 SOUTH COBB DR,,MARIETTA,13067,COBB,13,GA,GEORGIA,300630001,GA-11,GA-11,4106820755,,USA,UNITED STATES,MARIETTA,13067,COBB,13,GA,GEORGIA,300630001,GA-11,GA-11,AWARD,C,DELIVERY ORDER,,,,,,,J,FIRM FIXED PRICE,C-130J / CADDIE CORE SERVICES,,1,OT,OTHER FUNCTIONS,B541,SPECIAL STUDIES/ANALYSIS- DEFENSE,H,NOT BUNDLED,S1,SERVICES,336411,AIRCRAFT MANUFACTURING,C,NO CLAUSES INCLUDED AND NO SUSTAINABILITY INCLUDED,A,U.S. OWNED BUSINESS,000,NONE,Z,NOT IT PRODUCTS OR SERVICES,E,NOT REQUIRED,USA,UNITED STATES,C,NOT A MANUFACTURED END PRODUCT,H,DOD COMPREHENSIVE SUBCONTRACT PLAN,C,NOT COMPETED,SSS,ONLY ONE SOURCE,,,NONE,NO PREFERENCE USED,,,,,ONE,ONLY ONE SOURCE-OTHER (FAR 6.302-1 OTHER),,D,COMMERCIAL PRODUCTS/SERVICES PROCEDURES NOT USED,f,N,NO,N,NO,X,NOT APPLICABLE,N,NO,,N,NO,X,NOT APPLICABLE,X,NOT APPLICABLE,X,NOT APPLICABLE,X,NOT APPLICABLE,,,B,IDC,S,SINGLE AWARD,,,,N,NO,,,N,N,U,UNKNOWN,D,NOT CONSOLIDATED,N,NO - SERVICE WHERE PBA IS NOT USED.,N,NO,Z,NOT APPLICABLE,N,NO,X,NOT APPLICABLE,f,f,f,f,f,f,f,f,f,f,f,f,f,f,f,f,f,f,f,OTHER THAN SMALL BUSINESS,O,f,f,f,f,f,f,f,f,f,f,f,f,f,f,f,f,f,CORPORATE NOT TAX EXEMPT,t,f,f,f,f,f,f,f,f,f,f,f,t,f,f,f,f,t,f,f,f,f,f,f,f,f,f,f,t,f,f,f,f,f,f,f,f,f,f,f,f,f,f,f,f,f,f,f,f,f,,,,,,,,,,,https://www.usaspending.gov/award/CONT_AWD_FA862521F3004_9700_FA862520D3000_9700/,2025-04-22
CONT_AWD_FA862521F3012_9700_FA862520D3000_9700,FA862521F3012,9700,DEPT OF DEFENSE,FA862520D3000,Q: Not Designated Nonemergency/Emergency/Disaster/Wildfire Suppression,,,,,646493418.29,0.00,646493418.29,646493418.29,2021-02-26,2021,2025-09-17,2025,2021-02-26,2025-12-31,2025-12-31 00:00:00,,2020-03-25,097,Department of Defense,9763,Defense Contract Management Agency,S1111A,DCMA FIXED WING MARIETTA,097,Department of Defense,9736,Army/Air Force Exchange Service,HX2139,GOODFEL AFMCSS        1011425,057-2021/2023-3010-000,057-3010,31.0: Equipment,0001: COMBAT AIRCRAFT,X,NOT APPLICABLE,,,SJDEB3MKJEW5,,LOCKHEED MARTIN CORP,LOCKHEED MARTIN CORPORATION,LOCKHEED MARTIN AERONAUTICS,98897,ZFN2JJXBLZT3,,LOCKHEED MARTIN CORP,LOCKHEED MARTIN CORP,USA,UNITED STATES,86 SOUTH COBB DR,,MARIETTA,13067,COBB,13,GA,GEORGIA,300630001,GA-11,GA-11,4106820755,,USA,UNITED STATES,MARIETTA,13067,COBB,13,GA,GEORGIA,300630001,GA-11,GA-11,AWARD,C,DELIVERY ORDER,,,,,,,L,FIXED PRICE INCENTIVE,C-130J FY21 CONGRESSIONAL ADDS,,1,,,1510,"AIRCRAFT, FIXED WING",H,NOT BUNDLED,A1A,AIRFRAMES AND SPARES,336411,AIRCRAFT MANUFACTURING,C,NO CLAUSES INCLUDED AND NO SUSTAINABILITY INCLUDED,A,U.S. OWNED BUSINESS,220,C-130J,Z,NOT IT PRODUCTS OR SERVICES,E,NOT REQUIRED,USA,UNITED STATES,D,MFG IN U.S.,H,DOD COMPREHENSIVE SUBCONTRACT PLAN,C,NOT COMPETED,SSS,ONLY ONE SOURCE,,,NONE,NO PREFERENCE USED,,,,,ONE,ONLY ONE SOURCE-OTHER (FAR 6.302-1 OTHER),,D,COMMERCIAL PRODUCTS/SERVICES PROCEDURES NOT USED,f,N,NO,N,NO,X,NOT APPLICABLE,N,NO,,N,NO,X,NOT APPLICABLE,X,NOT APPLICABLE,X,NOT APPLICABLE,X,NOT APPLICABLE,,,B,IDC,S,SINGLE AWARD,,,,N,NO,,,N,N,U,UNKNOWN,D,NOT CONSOLIDATED,X,NOT APPLICABLE,N,NO,Z,NOT APPLICABLE,N,NO,X,NOT APPLICABLE,f,f,f,f,f,f,f,f,f,f,f,f,f,f,f,f,f,f,f,OTHER THAN SMALL BUSINESS,O,f,f,f,f,f,f,f,f,f,f,f,f,f,f,f,f,f,CORPORATE NOT TAX EXEMPT,t,f,f,f,f,f,f,f,f,f,f,f,t,f,f,f,f,t,f,f,f,f,f,f,f,f,f,f,t,f,f,f,f,f,f,f,f,f,f,f,f,f,f,f,f,f,f,f,f,f,,,,,,,,,,,https://www.usaspending.gov/award/CONT_AWD_FA862521F3012_9700_FA862520D3000_9700/,2025-11-03
CONT_AWD_FA862521F3201_9700_FA862520D3000_9700,FA862521F3201,9700,DEPT OF DEFENSE,FA862520D3000,,,,,,503935487.25,,503935487.25,503935487.25,2020-10-14,2021,2025-01-22,2025,2020-10-14,2025-12-31,2025-12-31 00:00:00,,2020-08-21,097,Department of Defense,5700,Department of the Air Force,FA8625,FA8625  AFLCMC WLNK C130,097,Department of Defense,5700,Department of the Air Force,F4FDCT,F4FDCT AFLCMC WLN J,,,,,X,NOT APPLICABLE,,,SJDEB3MKJEW5,,LOCKHEED MARTIN CORP,LOCKHEED MARTIN CORPORATION,LOCKHEED MARTIN AERONAUTICS,98897,ZFN2JJXBLZT3,,LOCKHEED MARTIN CORP,LOCKHEED MARTIN CORP,USA,UNITED STATES,86 SOUTH COBB DR,,MARIETTA,13067,COBB,13,GA,GEORGIA,300630001,GA-11,GA-11,4106820755,,USA,UNITED STATES,MARIETTA,13067,COBB,13,GA,GEORGIA,300630001,GA-11,GA-11,AWARD,C,DELIVERY ORDER,,,,,,,L,FIXED PRICE INCENTIVE,NEW ZEALAND C-130J-30 AIRCRAFT 6.0 BASELINE,,1,,,1510,"AIRCRAFT, FIXED WING",H,NOT BUNDLED,A1C,OTHER AIRCRAFT EQUIPMENT,336411,AIRCRAFT MANUFACTURING,C,NO CLAUSES INCLUDED AND NO SUSTAINABILITY INCLUDED,A,U.S. OWNED BUSINESS,220,C-130J,Z,NOT IT PRODUCTS OR SERVICES,E,NOT REQUIRED,USA,UNITED STATES,D,MFG IN U.S.,H,DOD COMPREHENSIVE SUBCONTRACT PLAN,C,NOT COMPETED,SSS,ONLY ONE SOURCE,,,NONE,NO PREFERENCE USED,,,,,ONE,ONLY ONE SOURCE-OTHER (FAR 6.302-1 OTHER),,D,COMMERCIAL PRODUCTS/SERVICES PROCEDURES NOT USED,f,N,NO,N,NO,X,NOT APPLICABLE,N,NO,,N,NO,X,NOT APPLICABLE,X,NOT APPLICABLE,X,NOT APPLICABLE,X,NOT APPLICABLE,,,B,IDC,S,SINGLE AWARD,,,,N,NO,,,N,N,U,UNKNOWN,D,NOT CONSOLIDATED,X,NOT APPLICABLE,N,NO,Z,NOT APPLICABLE,N,NO,X,NOT APPLICABLE,f,f,f,f,f,f,f,f,f,f,f,f,f,f,f,f,f,f,f,OTHER THAN SMALL BUSINESS,O,f,f,f,f,f,f,f,f,f,f,f,f,f,f,f,f,f,CORPORATE NOT TAX EXEMPT,t,f,f,f,f,f,f,f,f,f,f,f,t,f,f,f,f,t,f,f,f,f,f,f,f,f,f,f,t,f,f,f,f,f,f,f,f,f,f,f,f,f,f,f,f,f,f,f,f,f,,,,,,,,,,,https://www.usaspending.gov/award/CONT_AWD_FA862521F3201_9700_FA862520D3000_9700/,2025-01-23
CONT_AWD_FA862521F3202_9700_FA862520D3000_9700,FA862521F3202,9700,DEPT OF DEFENSE,FA862520D3000,,,,,,35144295.48,,35144295.48,43529097.56,2021-08-30,2021,2025-05-30,2025,2021-08-30,2026-06-30,2026-06-30 00:00:00,,2019-10-29,097,Department of Defense,5700,Department of the Air Force,FA8625,FA8625  AFLCMC WLNK C130,097,Department of Defense,5700,Department of the Air Force,F4FDCT,F4FDCT AFLCMC WLN J,,,,,A,FOREIGN FUNDS FMS,,,SJDEB3MKJEW5,,LOCKHEED MARTIN CORP,LOCKHEED MARTIN CORPORATION,LOCKHEED MARTIN AERONAUTICS,98897,ZFN2JJXBLZT3,,LOCKHEED MARTIN CORP,LOCKHEED MARTIN CORP,USA,UNITED STATES,86 SOUTH COBB DR,,MARIETTA,13067,COBB,13,GA,GEORGIA,300630001,GA-11,GA-11,4106820755,,USA,UNITED STATES,MARIETTA,13067,COBB,13,GA,GEORGIA,300630001,GA-11,GA-11,AWARD,C,DELIVERY ORDER,,,,,,,J,FIRM FIXED PRICE,"FOREIGN MILITARY SALES ROYAL NORWEGIAN AIR FORCE C-130J BLOCK UPGRADE 7.0/8.1/CAPABILITY MANAGEMENT UPDATE 1C, NATIONAL INTEGRATION EFFORT",,1,,,1510,"AIRCRAFT, FIXED WING",H,NOT BUNDLED,A1C,OTHER AIRCRAFT EQUIPMENT,336411,AIRCRAFT MANUFACTURING,C,NO CLAUSES INCLUDED AND NO SUSTAINABILITY INCLUDED,A,U.S. OWNED BUSINESS,220,C-130J,Z,NOT IT PRODUCTS OR SERVICES,E,NOT REQUIRED,USA,UNITED STATES,D,MFG IN U.S.,H,DOD COMPREHENSIVE SUBCONTRACT PLAN,C,NOT COMPETED,SSS,ONLY ONE SOURCE,,,NONE,NO PREFERENCE USED,,,,,ONE,ONLY ONE SOURCE-OTHER (FAR 6.302-1 OTHER),,D,COMMERCIAL PRODUCTS/SERVICES PROCEDURES NOT USED,f,N,NO,N,NO,X,NOT APPLICABLE,N,NO,,N,NO,X,NOT APPLICABLE,X,NOT APPLICABLE,X,NOT APPLICABLE,X,NOT APPLICABLE,,,B,IDC,S,SINGLE AWARD,,,,N,NO,,,Y,Y,N,NO,D,NOT CONSOLIDATED,X,NOT APPLICABLE,N,NO,Z,NOT APPLICABLE,N,NO,X,NOT APPLICABLE,f,f,f,f,f,f,f,f,f,f,f,f,f,f,f,f,f,f,f,OTHER THAN SMALL BUSINESS,O,f,f,f,f,f,f,f,f,f,f,f,f,f,f,f,f,f,CORPORATE NOT TAX EXEMPT,t,f,f,f,f,f,f,f,f,f,f,f,t,f,f,f,f,t,f,f,f,f,f,f,f,f,f,f,t,f,f,f,f,f,f,f,f,f,f,f,f,f,f,f,f,f,f,f,f,f,,,,,,,,,,,https://www.usaspending.gov/award/CONT_AWD_FA862521F3202_9700_FA862520D3000_9700/,2025-05-30
CONT_AWD_FA862522F3003_9700_FA862520D3000_9700,FA862522F3003,9700,DEPT OF DEFENSE,FA862520D3000,,,,,,59410311.41,,59410311.41,59410311.41,2022-03-04,2022,2025-08-26,2025,2024-12-30,2025-10-27,2025-10-27 00:00:00,,2019-12-09,097,Department of Defense,5700,Department of the Air Force,FA8625,FA8625  AFLCMC WLNK C130,097,Department of Defense,5700,Department of the Air Force,F4FDCT,F4FDCT AFLCMC WLN J,,,,,X,NOT APPLICABLE,,,SJDEB3MKJEW5,,LOCKHEED MARTIN CORP,LOCKHEED MARTIN CORPORATION,LOCKHEED MARTIN AERONAUTICS,98897,ZFN2JJXBLZT3,,LOCKHEED MARTIN CORP,LOCKHEED MARTIN CORP,USA,UNITED STATES,86 SOUTH COBB DR,,MARIETTA,13067,COBB,13,GA,GEORGIA,300630001,GA-11,GA-11,4106820755,,USA,UNITED STATES,MARIETTA,13067,COBB,13,GA,GEORGIA,300630001,GA-11,GA-11,AWARD,C,DELIVERY ORDER,,,,,,,L,FIXED PRICE INCENTIVE,FOREIGN MILITARY SALES C-130J CAPABILITY MANAGEMENT UPDATE 2 BLOCK UPGRADE 8.1.2,,1,,,1510,"AIRCRAFT, FIXED WING",H,NOT BUNDLED,A1C,OTHER AIRCRAFT EQUIPMENT,336411,AIRCRAFT MANUFACTURING,C,NO CLAUSES INCLUDED AND NO SUSTAINABILITY INCLUDED,A,U.S. OWNED BUSINESS,220,C-130J,Z,NOT IT PRODUCTS OR SERVICES,E,NOT REQUIRED,USA,UNITED STATES,D,MFG IN U.S.,H,DOD COMPREHENSIVE SUBCONTRACT PLAN,C,NOT COMPETED,SSS,ONLY ONE SOURCE,,,NONE,NO PREFERENCE USED,,,,,ONE,ONLY ONE SOURCE-OTHER (FAR 6.302-1 OTHER),,D,COMMERCIAL PRODUCTS/SERVICES PROCEDURES NOT USED,f,N,NO,N,NO,X,NOT APPLICABLE,N,NO,,N,NO,X,NOT APPLICABLE,X,NOT APPLICABLE,X,NOT APPLICABLE,X,NOT APPLICABLE,,,B,IDC,S,SINGLE AWARD,,,,N,NO,,,N,N,U,UNKNOWN,D,NOT CONSOLIDATED,X,NOT APPLICABLE,N,NO,Z,NOT APPLICABLE,N,NO,X,NOT APPLICABLE,f,f,f,f,f,f,f,f,f,f,f,f,f,f,f,f,f,f,f,OTHER THAN SMALL BUSINESS,O,f,f,f,f,f,f,f,f,f,f,f,f,f,f,f,f,f,CORPORATE NOT TAX EXEMPT,t,f,f,f,f,f,f,f,f,f,f,f,t,f,f,f,f,t,f,f,f,f,f,f,f,f,f,f,t,f,f,f,f,f,f,f,f,f,f,f,f,f,f,f,f,f,f,f,f,f,,,,,,,,,,,https://www.usaspending.gov/award/CONT_AWD_FA862522F3003_9700_FA862520D3000_9700/,2025-08-26
CONT_AWD_FA862522FB001_9700_FA862520D3000_9700,FA862522FB001,9700,DEPT OF DEFENSE,FA862520D3000,,,,,,311784976.98,,311784976.98,311784976.98,2022-06-14,2022,2025-01-21,2025,2022-06-14,2027-07-31,2027-07-31 00:00:00,,,097,Department of Defense,5700,Department of the Air Force,FA8625,FA8625  AFLCMC WLNK C130,097,Department of Defense,5700,Department of the Air Force,F4FDCT,F4FDCT AFLCMC WLN J,,,,,X,NOT APPLICABLE,,,SJDEB3MKJEW5,,LOCKHEED MARTIN CORP,LOCKHEED MARTIN CORPORATION,LOCKHEED MARTIN AERONAUTICS,98897,ZFN2JJXBLZT3,,LOCKHEED MARTIN CORP,LOCKHEED MARTIN CORP,USA,UNITED STATES,86 SOUTH COBB DR,,MARIETTA,13067,COBB,13,GA,GEORGIA,300630001,GA-11,GA-11,4106820755,,USA,UNITED STATES,MARIETTA,13067,COBB,13,GA,GEORGIA,300630001,GA-11,GA-11,AWARD,C,DELIVERY ORDER,,,,,,,J,FIRM FIXED PRICE,PROPOSAL PREP FOR NAVY TACAMO OFFICE,,1,OT,OTHER FUNCTIONS,AC14,NATIONAL DEFENSE R&D SERVICES; DEPARTMENT OF DEFENSE - MILITARY; R&D ADMINISTRATIVE EXPENSES,H,NOT BUNDLED,A1C,OTHER AIRCRAFT EQUIPMENT,336411,AIRCRAFT MANUFACTURING,C,NO CLAUSES INCLUDED AND NO SUSTAINABILITY INCLUDED,A,U.S. OWNED BUSINESS,220,C-130J,Z,NOT IT PRODUCTS OR SERVICES,E,NOT REQUIRED,USA,UNITED STATES,C,NOT A MANUFACTURED END PRODUCT,H,DOD COMPREHENSIVE SUBCONTRACT PLAN,C,NOT COMPETED,SSS,ONLY ONE SOURCE,,,NONE,NO PREFERENCE USED,,,,,ONE,ONLY ONE SOURCE-OTHER (FAR 6.302-1 OTHER),,D,COMMERCIAL PRODUCTS/SERVICES PROCEDURES NOT USED,f,N,NO,N,NO,X,NOT APPLICABLE,N,NO,,N,NO,X,NOT APPLICABLE,X,NOT APPLICABLE,X,NOT APPLICABLE,X,NOT APPLICABLE,,,B,IDC,S,SINGLE AWARD,,,,N,NO,,,N,N,U,UNKNOWN,D,NOT CONSOLIDATED,N,NO - SERVICE WHERE PBA IS NOT USED.,N,NO,Z,NOT APPLICABLE,N,NO,X,NOT APPLICABLE,f,f,f,f,f,f,f,f,f,f,f,f,f,f,f,f,f,f,f,OTHER THAN SMALL BUSINESS,O,f,f,f,f,f,f,f,f,f,f,f,f,f,f,f,f,f,CORPORATE NOT TAX EXEMPT,t,f,f,f,f,f,f,f,f,f,f,f,t,f,f,f,f,t,f,f,f,f,f,f,f,f,f,f,t,f,f,f,f,f,f,f,f,f,f,f,f,f,f,f,f,f,f,f,f,f,,,,,,,,,,,https://www.usaspending.gov/award/CONT_AWD_FA862522FB001_9700_FA862520D3000_9700/,2025-04-26
CONT_AWD_FA862522FB004_9700_FA862520D3000_9700,FA862522FB004,9700,DEPT OF DEFENSE,FA862520D3000,,,,,,101891845.52,,101891845.52,101891845.52,2022-09-13,2022,2025-08-14,2025,2022-09-13,2026-06-30,2026-06-30 00:00:00,,2020-10-01,097,Department of Defense,9763,Defense Contract Management Agency,S1111A,DCMA FIXED WING MARIETTA,097,Department of Defense,5700,Department of the Air Force,FA8625,FA8625  AFLCMC WLNK C130,,,,,X,NOT APPLICABLE,,,SJDEB3MKJEW5,,LOCKHEED MARTIN CORP,LOCKHEED MARTIN CORPORATION,LOCKHEED MARTIN AERONAUTICS,98897,ZFN2JJXBLZT3,,LOCKHEED MARTIN CORP,LOCKHEED MARTIN CORP,USA,UNITED STATES,86 SOUTH COBB DR,,MARIETTA,13067,COBB,13,GA,GEORGIA,300630001,GA-11,GA-11,4106820755,,USA,UNITED STATES,MARIETTA,13067,COBB,13,GA,GEORGIA,300630001,GA-11,GA-11,AWARD,C,DELIVERY ORDER,,,,,,,J,FIRM FIXED PRICE,CY22 & CY23 SPARES AND PECULIAR SUPPORT EQUIPMENT PRE-PRICED CATALOG,,1,,,1510,"AIRCRAFT, FIXED WING",H,NOT BUNDLED,A1C,OTHER AIRCRAFT EQUIPMENT,336411,AIRCRAFT MANUFACTURING,C,NO CLAUSES INCLUDED AND NO SUSTAINABILITY INCLUDED,A,U.S. OWNED BUSINESS,220,C-130J,Z,NOT IT PRODUCTS OR SERVICES,E,NOT REQUIRED,USA,UNITED STATES,D,MFG IN U.S.,H,DOD COMPREHENSIVE SUBCONTRACT PLAN,C,NOT COMPETED,SSS,ONLY ONE SOURCE,,,NONE,NO PREFERENCE USED,,,,,ONE,ONLY ONE SOURCE-OTHER (FAR 6.302-1 OTHER),,D,COMMERCIAL PRODUCTS/SERVICES PROCEDURES NOT USED,f,N,NO,N,NO,X,NOT APPLICABLE,N,NO,,N,NO,X,NOT APPLICABLE,X,NOT APPLICABLE,X,NOT APPLICABLE,X,NOT APPLICABLE,,,B,IDC,S,SINGLE AWARD,,,,N,NO,,,Y,Y,N,NO,D,NOT CONSOLIDATED,X,NOT APPLICABLE,N,NO,A,FAR 52.232-16 PROGRESS PAYMENTS,N,NO,X,NOT APPLICABLE,f,f,f,f,f,f,f,f,f,f,f,f,f,f,f,f,f,f,f,OTHER THAN SMALL BUSINESS,O,f,f,f,f,f,f,f,f,f,f,f,f,f,f,f,f,f,CORPORATE NOT TAX EXEMPT,t,f,f,f,f,f,f,f,f,f,f,f,t,f,f,f,f,t,f,f,f,f,f,f,f,f,f,f,t,f,f,f,f,f,f,f,f,f,f,f,f,f,f,f,f,f,f,f,f,f,,,,,,,,,,,https://www.usaspending.gov/award/CONT_AWD_FA862522FB004_9700_FA862520D3000_9700/,2025-08-14
CONT_AWD_FA862523F3016_9700_FA862520D3000_9700,FA862523F3016,9700,DEPT OF DEFENSE,FA862520D3000,,,,,,64877638.79,,64953789.81,64953789.81,2023-06-23,2023,2025-09-29,2025,2023-06-23,2025-09-26,2025-09-26 00:00:00,,2022-11-15,097,Department of Defense,5700,Department of the Air Force,FA8625,FA8625  AFLCMC WLNK C130,097,Department of Defense,5700,Department of the Air Force,F4FDCT,F4FDCT AFLCMC WLN J,,,,,X,NOT APPLICABLE,,,SJDEB3MKJEW5,,LOCKHEED MARTIN CORP,LOCKHEED MARTIN CORPORATION,LOCKHEED MARTIN AERONAUTICS,98897,ZFN2JJXBLZT3,,LOCKHEED MARTIN CORP,LOCKHEED MARTIN CORP,USA,UNITED STATES,86 SOUTH COBB DR,,MARIETTA,13067,COBB,13,GA,GEORGIA,300630001,GA-11,GA-11,4106820755,,USA,UNITED STATES,MARIETTA,13067,COBB,13,GA,GEORGIA,300630001,GA-11,GA-11,AWARD,C,DELIVERY ORDER,,,,,,,L,FIXED PRICE INCENTIVE,C-130J / COMBINED AIRCRAFT DELIVERY DEVELOPMENT INTEGRATION AND ENGINEERING (CADDIE) BLOCK UPGRADE (BU) 7.0/8.1 RETROFIT KIT - LOT 6 UNDEFINITIZED CONTRACT ACTION (UCA),,1,,,1510,"AIRCRAFT, FIXED WING",H,NOT BUNDLED,,,336411,AIRCRAFT MANUFACTURING,C,NO CLAUSES INCLUDED AND NO SUSTAINABILITY INCLUDED,A,U.S. OWNED BUSINESS,220,C-130J,Z,NOT IT PRODUCTS OR SERVICES,E,NOT REQUIRED,USA,UNITED STATES,D,MFG IN U.S.,H,DOD COMPREHENSIVE SUBCONTRACT PLAN,C,NOT COMPETED,SSS,ONLY ONE SOURCE,,,NONE,NO PREFERENCE USED,,,,,ONE,ONLY ONE SOURCE-OTHER (FAR 6.302-1 OTHER),,D,COMMERCIAL PRODUCTS/SERVICES PROCEDURES NOT USED,f,N,NO,N,NO,X,NOT APPLICABLE,N,NO,,N,NO,X,NOT APPLICABLE,X,NOT APPLICABLE,X,NOT APPLICABLE,X,NOT APPLICABLE,,,B,IDC,S,SINGLE AWARD,,,,N,NO,Y,YES - CAS CLAUSE INCLUDED,Y,Y,,,D,NOT CONSOLIDATED,X,NOT APPLICABLE,N,NO,A,FAR 52.232-16 PROGRESS PAYMENTS,N,NO,X,NOT APPLICABLE,f,f,f,f,f,f,f,f,f,f,f,f,f,f,f,f,f,f,f,OTHER THAN SMALL BUSINESS,O,f,f,f,f,f,f,f,f,f,f,f,f,f,f,f,f,f,CORPORATE NOT TAX EXEMPT,t,f,f,f,f,f,f,f,f,f,f,f,t,f,f,f,f,t,f,f,f,f,f,f,f,f,f,f,t,f,f,f,f,f,f,f,f,f,f,f,f,f,f,f,f,f,f,f,f,f,,,,,,,,,,,https://www.usaspending.gov/award/CONT_AWD_FA862523F3016_9700_FA862520D3000_9700/,2025-09-29
CONT_AWD_FA862523F3025_9700_FA862520D3000_9700,FA862523F3025,9700,DEPT OF DEFENSE,FA862520D3000,,,,,,70586574.00,,70586574.00,70586574.00,2022-10-31,2023,2025-10-14,2026,2025-10-31,2025-10-31,2025-10-31 00:00:00,,2022-06-03,097,Department of Defense,5700,Department of the Air Force,FA8625,FA8625  AFLCMC WLNK C130,097,Department of Defense,5700,Department of the Air Force,F4FDCT,F4FDCT AFLCMC WLN J,,,,,X,NOT APPLICABLE,,,SJDEB3MKJEW5,,LOCKHEED MARTIN CORP,LOCKHEED MARTIN CORPORATION,LOCKHEED MARTIN AERONAUTICS,98897,ZFN2JJXBLZT3,,LOCKHEED MARTIN CORP,LOCKHEED MARTIN CORP,USA,UNITED STATES,86 SOUTH COBB DR,,MARIETTA,13067,COBB,13,GA,GEORGIA,300630001,GA-11,GA-11,4106820755,,USA,UNITED STATES,MARIETTA,13067,COBB,13,GA,GEORGIA,300630001,GA-11,GA-11,AWARD,C,DELIVERY ORDER,,,,,,,U,COST PLUS FIXED FEE,C-130J / FY22 STAR XIII MISSION COMPUTER SOFTWARE UPGRADE,,1,,,1510,"AIRCRAFT, FIXED WING",H,NOT BUNDLED,,,336411,AIRCRAFT MANUFACTURING,C,NO CLAUSES INCLUDED AND NO SUSTAINABILITY INCLUDED,A,U.S. OWNED BUSINESS,220,C-130J,Z,NOT IT PRODUCTS OR SERVICES,E,NOT REQUIRED,USA,UNITED STATES,D,MFG IN U.S.,H,DOD COMPREHENSIVE SUBCONTRACT PLAN,C,NOT COMPETED,SSS,ONLY ONE SOURCE,,,NONE,NO PREFERENCE USED,,,,,ONE,ONLY ONE SOURCE-OTHER (FAR 6.302-1 OTHER),,D,COMMERCIAL PRODUCTS/SERVICES PROCEDURES NOT USED,f,N,NO,N,NO,X,NOT APPLICABLE,N,NO,,N,NO,X,NOT APPLICABLE,X,NOT APPLICABLE,X,NOT APPLICABLE,X,NOT APPLICABLE,,,B,IDC,S,SINGLE AWARD,,,,N,NO,,,N,N,U,UNKNOWN,D,NOT CONSOLIDATED,X,NOT APPLICABLE,N,NO,Z,NOT APPLICABLE,N,NO,X,NOT APPLICABLE,f,f,f,f,f,f,f,f,f,f,f,f,f,f,f,f,f,f,f,OTHER THAN SMALL BUSINESS,O,f,f,f,f,f,f,f,f,f,f,f,f,f,f,f,f,f,CORPORATE NOT TAX EXEMPT,t,f,f,f,f,f,f,f,f,f,f,f,t,f,f,f,f,t,f,f,f,f,f,f,f,f,f,f,t,f,f,f,f,f,f,f,f,f,f,f,f,f,f,f,f,f,f,f,f,f,,,,,,,,,,,https://www.usaspending.gov/award/CONT_AWD_FA862523F3025_9700_FA862520D3000_9700/,2025-10-14
CONT_AWD_FA862523F3029_9700_FA862520D3000_9700,FA862523F3029,9700,DEPT OF DEFENSE,FA862520D3000,,,,,,95443017.61,,23783002.78,23783002.78,2023-07-21,2023,2025-09-02,2025,2023-07-21,2026-01-21,2026-01-21 00:00:00,,2022-11-22,097,Department of Defense,5700,Department of the Air Force,FA8625,FA8625  AFLCMC WLNK C130,097,Department of Defense,5700,Department of the Air Force,F4FDCT,F4FDCT AFLCMC WLN J,,,,,X,NOT APPLICABLE,,,SJDEB3MKJEW5,,LOCKHEED MARTIN CORP,LOCKHEED MARTIN CORPORATION,LOCKHEED MARTIN AERONAUTICS,98897,ZFN2JJXBLZT3,,LOCKHEED MARTIN CORP,LOCKHEED MARTIN CORP,USA,UNITED STATES,86 SOUTH COBB DR,,MARIETTA,13067,COBB,13,GA,GEORGIA,300630001,GA-11,GA-11,4106820755,,USA,UNITED STATES,MARIETTA,13067,COBB,13,GA,GEORGIA,300630001,GA-11,GA-11,AWARD,C,DELIVERY ORDER,,,,,,,U,COST PLUS FIXED FEE,C-130J / COMBINED AIRCRAFT DELIVERY DEVELOPMENT INTEGRATION AND ENGINEERING (CADDIE) DMSMS A3 GROUPING,,1,,,1510,"AIRCRAFT, FIXED WING",H,NOT BUNDLED,,,336411,AIRCRAFT MANUFACTURING,C,NO CLAUSES INCLUDED AND NO SUSTAINABILITY INCLUDED,A,U.S. OWNED BUSINESS,220,C-130J,Z,NOT IT PRODUCTS OR SERVICES,E,NOT REQUIRED,USA,UNITED STATES,D,MFG IN U.S.,H,DOD COMPREHENSIVE SUBCONTRACT PLAN,C,NOT COMPETED,SSS,ONLY ONE SOURCE,,,NONE,NO PREFERENCE USED,,,,,ONE,ONLY ONE SOURCE-OTHER (FAR 6.302-1 OTHER),,D,COMMERCIAL PRODUCTS/SERVICES PROCEDURES NOT USED,f,N,NO,N,NO,X,NOT APPLICABLE,N,NO,,N,NO,X,NOT APPLICABLE,X,NOT APPLICABLE,X,NOT APPLICABLE,X,NOT APPLICABLE,,,B,IDC,S,SINGLE AWARD,,,,N,NO,Y,YES - CAS CLAUSE INCLUDED,Y,Y,,,D,NOT CONSOLIDATED,X,NOT APPLICABLE,N,NO,Z,NOT APPLICABLE,N,NO,X,NOT APPLICABLE,f,f,f,f,f,f,f,f,f,f,f,f,f,f,f,f,f,f,f,OTHER THAN SMALL BUSINESS,O,f,f,f,f,f,f,f,f,f,f,f,f,f,f,f,f,f,CORPORATE NOT TAX EXEMPT,t,f,f,f,f,f,f,f,f,f,f,f,t,f,f,f,f,t,f,f,f,f,f,f,f,f,f,f,t,f,f,f,f,f,f,f,f,f,f,f,f,f,f,f,f,f,f,f,f,f,,,,,,,,,,,https://www.usaspending.gov/award/CONT_AWD_FA862523F3029_9700_FA862520D3000_9700/,2025-09-02
CONT_AWD_FA862523F3030_9700_FA862520D3000_9700,FA862523F3030,9700,DEPT OF DEFENSE,FA862520D3000,,,,,,118248309.00,,113675173.16,113675173.16,2022-12-20,2023,2025-04-08,2025,2026-06-01,2028-05-31,2028-05-31 00:00:00,,2022-08-23,097,Department of Defense,5700,Department of the Air Force,FA8625,FA8625  AFLCMC WLNK C130,097,Department of Defense,5700,Department of the Air Force,F4FDCT,F4FDCT AFLCMC WLN J,,,,,A,FOREIGN FUNDS FMS,,,SJDEB3MKJEW5,,LOCKHEED MARTIN CORP,LOCKHEED MARTIN CORPORATION,LOCKHEED MARTIN AERONAUTICS,98897,ZFN2JJXBLZT3,,LOCKHEED MARTIN CORP,LOCKHEED MARTIN CORP,USA,UNITED STATES,86 SOUTH COBB DR,,MARIETTA,13067,COBB,13,GA,GEORGIA,300630001,GA-11,GA-11,4106820755,,USA,UNITED STATES,MARIETTA,13067,COBB,13,GA,GEORGIA,300630001,GA-11,GA-11,AWARD,C,DELIVERY ORDER,,,,,,,U,COST PLUS FIXED FEE,"C-130J/DMS A2 GROUPING (SMDPS, CMDUS, MFCDS, AMUS, CNBPS, DCUS)",,1,,,1510,"AIRCRAFT, FIXED WING",H,NOT BUNDLED,,,336411,AIRCRAFT MANUFACTURING,C,NO CLAUSES INCLUDED AND NO SUSTAINABILITY INCLUDED,A,U.S. OWNED BUSINESS,220,C-130J,Z,NOT IT PRODUCTS OR SERVICES,E,NOT REQUIRED,USA,UNITED STATES,D,MFG IN U.S.,H,DOD COMPREHENSIVE SUBCONTRACT PLAN,C,NOT COMPETED,SSS,ONLY ONE SOURCE,,,NONE,NO PREFERENCE USED,,,,,ONE,ONLY ONE SOURCE-OTHER (FAR 6.302-1 OTHER),,D,COMMERCIAL PRODUCTS/SERVICES PROCEDURES NOT USED,f,N,NO,N,NO,X,NOT APPLICABLE,N,NO,,N,NO,X,NOT APPLICABLE,X,NOT APPLICABLE,X,NOT APPLICABLE,X,NOT APPLICABLE,,,B,IDC,S,SINGLE AWARD,,,,N,NO,,,Y,Y,N,NO,D,NOT CONSOLIDATED,X,NOT APPLICABLE,N,NO,Z,NOT APPLICABLE,N,NO,X,NOT APPLICABLE,f,f,f,f,f,f,f,f,f,f,f,f,f,f,f,f,f,f,f,OTHER THAN SMALL BUSINESS,O,f,f,f,f,f,f,f,f,f,f,f,f,f,f,f,f,f,CORPORATE NOT TAX EXEMPT,t,f,f,f,f,f,f,f,f,f,f,f,t,f,f,f,f,t,f,f,f,f,f,f,f,f,f,f,t,f,f,f,f,f,f,f,f,f,f,f,f,f,f,f,f,f,f,f,f,f,,,,,,,,,,,https://www.usaspending.gov/award/CONT_AWD_FA862523F3030_9700_FA862520D3000_9700/,2025-04-08
CONT_AWD_FA862523F3032_9700_FA862520D3000_9700,FA862523F3032,9700,DEPT OF DEFENSE,FA862520D3000,,,,,,207155648.25,,207155648.25,207155648.25,2023-04-14,2023,2025-05-28,2025,2023-04-14,2026-09-30,2026-09-30 00:00:00,,2023-01-06,097,Department of Defense,5700,Department of the Air Force,FA8625,FA8625  AFLCMC WLNK C130,097,Department of Defense,5700,Department of the Air Force,F4FDCT,F4FDCT AFLCMC WLN J,,,,,X,NOT APPLICABLE,,,SJDEB3MKJEW5,,LOCKHEED MARTIN CORP,LOCKHEED MARTIN CORPORATION,LOCKHEED MARTIN AERONAUTICS,98897,ZFN2JJXBLZT3,,LOCKHEED MARTIN CORP,LOCKHEED MARTIN CORP,USA,UNITED STATES,86 SOUTH COBB DR,,MARIETTA,13067,COBB,13,GA,GEORGIA,300630001,GA-11,GA-11,4106820755,,USA,UNITED STATES,MARIETTA,13067,COBB,13,GA,GEORGIA,300630001,GA-11,GA-11,AWARD,C,DELIVERY ORDER,,,,,,,L,FIXED PRICE INCENTIVE,C-130J COMBINED AIRCRAFT DELIVERY DEVELOPMENT INTEGRATION AND ENGINEERING (CADDIE) EGYPT DELIVERY ORDER UCA,,1,,,1510,"AIRCRAFT, FIXED WING",H,NOT BUNDLED,,,336411,AIRCRAFT MANUFACTURING,C,NO CLAUSES INCLUDED AND NO SUSTAINABILITY INCLUDED,A,U.S. OWNED BUSINESS,220,C-130J,Z,NOT IT PRODUCTS OR SERVICES,E,NOT REQUIRED,USA,UNITED STATES,D,MFG IN U.S.,H,DOD COMPREHENSIVE SUBCONTRACT PLAN,C,NOT COMPETED,SSS,ONLY ONE SOURCE,,,NONE,NO PREFERENCE USED,,,,,ONE,ONLY ONE SOURCE-OTHER (FAR 6.302-1 OTHER),,D,COMMERCIAL PRODUCTS/SERVICES PROCEDURES NOT USED,f,N,NO,N,NO,X,NOT APPLICABLE,N,NO,,N,NO,X,NOT APPLICABLE,X,NOT APPLICABLE,X,NOT APPLICABLE,X,NOT APPLICABLE,,,B,IDC,S,SINGLE AWARD,,,,N,NO,Y,YES - CAS CLAUSE INCLUDED,N,N,,,D,NOT CONSOLIDATED,X,NOT APPLICABLE,N,NO,Z,NOT APPLICABLE,N,NO,X,NOT APPLICABLE,f,f,f,f,f,f,f,f,f,f,f,f,f,f,f,f,f,f,f,OTHER THAN SMALL BUSINESS,O,f,f,f,f,f,f,f,f,f,f,f,f,f,f,f,f,f,CORPORATE NOT TAX EXEMPT,t,f,f,f,f,f,f,f,f,f,f,f,t,f,f,f,f,t,f,f,f,f,f,f,f,f,f,f,t,f,f,f,f,f,f,f,f,f,f,f,f,f,f,f,f,f,f,f,f,f,,,,,,,,,,,https://www.usaspending.gov/award/CONT_AWD_FA862523F3032_9700_FA862520D3000_9700/,2025-05-29
CONT_AWD_FA862523FB023_9700_FA862520D3000_9700,FA862523FB023,9700,DEPT OF DEFENSE,FA862520D3000,,,,,,35579740.91,,35579740.91,70008367.94,2023-09-15,2023,2025-04-29,2025,2023-09-15,2029-06-15,2029-06-15 00:00:00,,2023-05-15,097,Department of Defense,5700,Department of the Air Force,FA8625,FA8625  AFLCMC WLNK C130,097,Department of Defense,5700,Department of the Air Force,F4FDCT,F4FDCT AFLCMC WLN J,,,,,X,NOT APPLICABLE,,,SJDEB3MKJEW5,,LOCKHEED MARTIN CORP,LOCKHEED MARTIN CORPORATION,LOCKHEED MARTIN AERONAUTICS,98897,ZFN2JJXBLZT3,,LOCKHEED MARTIN CORP,LOCKHEED MARTIN CORP,USA,UNITED STATES,86 SOUTH COBB DR,,MARIETTA,13067,COBB,13,GA,GEORGIA,300630001,GA-11,GA-11,4106820755,,USA,UNITED STATES,MARIETTA,13067,COBB,13,GA,GEORGIA,300630001,GA-11,GA-11,AWARD,C,DELIVERY ORDER,,,,,,,J,FIRM FIXED PRICE,"C-130J/COMBINED AIRCRAFT DELIVERY DEVELOPMENT INTEGRATION AND ENGINEERING (CADDIE)/LAIRCM BLOCK 30 GROUP ""A"" KITS",,1,,,1510,"AIRCRAFT, FIXED WING",H,NOT BUNDLED,,,336411,AIRCRAFT MANUFACTURING,C,NO CLAUSES INCLUDED AND NO SUSTAINABILITY INCLUDED,A,U.S. OWNED BUSINESS,783,C130 MODS RP,Z,NOT IT PRODUCTS OR SERVICES,E,NOT REQUIRED,USA,UNITED STATES,D,MFG IN U.S.,H,DOD COMPREHENSIVE SUBCONTRACT PLAN,C,NOT COMPETED,SSS,ONLY ONE SOURCE,,,NONE,NO PREFERENCE USED,,,,,ONE,ONLY ONE SOURCE-OTHER (FAR 6.302-1 OTHER),,D,COMMERCIAL PRODUCTS/SERVICES PROCEDURES NOT USED,f,N,NO,N,NO,X,NOT APPLICABLE,N,NO,,N,NO,X,NOT APPLICABLE,X,NOT APPLICABLE,X,NOT APPLICABLE,X,NOT APPLICABLE,,,B,IDC,S,SINGLE AWARD,,,,N,NO,Y,YES - CAS CLAUSE INCLUDED,N,N,,,D,NOT CONSOLIDATED,X,NOT APPLICABLE,N,NO,A,FAR 52.232-16 PROGRESS PAYMENTS,N,NO,X,NOT APPLICABLE,f,f,f,f,f,f,f,f,f,f,f,f,f,f,f,f,f,f,f,OTHER THAN SMALL BUSINESS,O,f,f,f,f,f,f,f,f,f,f,f,f,f,f,f,f,f,CORPORATE NOT TAX EXEMPT,t,f,f,f,f,f,f,f,f,f,f,f,t,f,f,f,f,t,f,f,f,f,f,f,f,f,f,f,t,f,f,f,f,f,f,f,f,f,f,f,f,f,f,f,f,f,f,f,f,f,,,,,,,,,,,https://www.usaspending.gov/award/CONT_AWD_FA862523FB023_9700_FA862520D3000_9700/,2025-07-23
CONT_AWD_FA862524F3034_9700_FA862520D3000_9700,FA862524F3034,9700,DEPT OF DEFENSE,FA862520D3000,,,,,,1564462687.00,,1564462687.00,1564462687.00,2023-12-21,2024,2025-07-31,2025,2028-12-31,2028-12-31,2028-12-31 00:00:00,,2023-05-04,097,Department of Defense,5700,Department of the Air Force,FA8625,FA8625  AFLCMC WLNK C130,097,Department of Defense,5700,Department of the Air Force,F4FDCT,F4FDCT AFLCMC WLN J,,,,,X,NOT APPLICABLE,,,SJDEB3MKJEW5,,LOCKHEED MARTIN CORP,LOCKHEED MARTIN CORPORATION,LOCKHEED MARTIN AERONAUTICS,98897,ZFN2JJXBLZT3,,LOCKHEED MARTIN CORP,LOCKHEED MARTIN CORP,USA,UNITED STATES,86 SOUTH COBB DR,,MARIETTA,13067,COBB,13,GA,GEORGIA,300630001,GA-11,GA-11,4106820755,,USA,UNITED STATES,MARIETTA,13067,COBB,13,GA,GEORGIA,300630001,GA-11,GA-11,AWARD,C,DELIVERY ORDER,,,,,,,L,FIXED PRICE INCENTIVE,C-130J COMBINED AIRCRAFT DELIVERY DEVELOPMENT INTEGRATION AND ENGINEERING (CADDIE) FY23 C-130J CONGRESSIONAL ADD AIRCRAFT,,1,,,1510,"AIRCRAFT, FIXED WING",H,NOT BUNDLED,,,336411,AIRCRAFT MANUFACTURING,C,NO CLAUSES INCLUDED AND NO SUSTAINABILITY INCLUDED,A,U.S. OWNED BUSINESS,220,C-130J,Z,NOT IT PRODUCTS OR SERVICES,E,NOT REQUIRED,USA,UNITED STATES,D,MFG IN U.S.,H,DOD COMPREHENSIVE SUBCONTRACT PLAN,C,NOT COMPETED,SSS,ONLY ONE SOURCE,,,NONE,NO PREFERENCE USED,,,,,ONE,ONLY ONE SOURCE-OTHER (FAR 6.302-1 OTHER),,D,COMMERCIAL PRODUCTS/SERVICES PROCEDURES NOT USED,f,N,NO,N,NO,X,NOT APPLICABLE,N,NO,,N,NO,X,NOT APPLICABLE,X,NOT APPLICABLE,X,NOT APPLICABLE,X,NOT APPLICABLE,,,B,IDC,S,SINGLE AWARD,,,,N,NO,Y,YES - CAS CLAUSE INCLUDED,N,N,,,D,NOT CONSOLIDATED,X,NOT APPLICABLE,N,NO,Z,NOT APPLICABLE,N,NO,X,NOT APPLICABLE,f,f,f,f,f,f,f,f,f,f,f,f,f,f,f,f,f,f,f,OTHER THAN SMALL BUSINESS,O,f,f,f,f,f,f,f,f,f,f,f,f,f,f,f,f,f,CORPORATE NOT TAX EXEMPT,t,f,f,f,f,f,f,f,f,f,f,f,t,f,f,f,f,t,f,f,f,f,f,f,f,f,f,f,t,f,f,f,f,f,f,f,f,f,f,f,f,f,f,f,f,f,f,f,f,f,,,,,,,,,,,https://www.usaspending.gov/award/CONT_AWD_FA862524F3034_9700_FA862520D3000_9700/,2025-08-01
CONT_AWD_FA862524F3035_9700_FA862520D3000_9700,FA862524F3035,9700,DEPT OF DEFENSE,FA862520D3000,,,,,,120585728.68,,685999199.00,685999199.00,2023-12-21,2024,2025-08-14,2025,2023-11-15,2028-12-31,2028-12-31 00:00:00,,2023-09-15,097,Department of Defense,5700,Department of the Air Force,FA8625,FA8625  AFLCMC WLNK C130,097,Department of Defense,5700,Department of the Air Force,F4FDCT,F4FDCT AFLCMC WLN J,,,,,A,FOREIGN FUNDS FMS,,,SJDEB3MKJEW5,,LOCKHEED MARTIN CORP,LOCKHEED MARTIN CORPORATION,LOCKHEED MARTIN AERONAUTICS,98897,ZFN2JJXBLZT3,,LOCKHEED MARTIN CORP,LOCKHEED MARTIN CORP,USA,UNITED STATES,86 SOUTH COBB DR,,MARIETTA,13067,COBB,13,GA,GEORGIA,300630001,GA-11,GA-11,4106820755,,USA,UNITED STATES,MARIETTA,13067,COBB,13,GA,GEORGIA,300630001,GA-11,GA-11,AWARD,C,DELIVERY ORDER,,,,,,,L,FIXED PRICE INCENTIVE,C-130J/COMBINED AIRCRAT DELIVERY DEVELOPMENT INTEGRATION AND ENGINEERING (CADDIE) FMS AUSTRALIA C-130J,,1,,,1510,"AIRCRAFT, FIXED WING",H,NOT BUNDLED,,,336411,AIRCRAFT MANUFACTURING,C,NO CLAUSES INCLUDED AND NO SUSTAINABILITY INCLUDED,A,U.S. OWNED BUSINESS,220,C-130J,Z,NOT IT PRODUCTS OR SERVICES,E,NOT REQUIRED,USA,UNITED STATES,D,MFG IN U.S.,H,DOD COMPREHENSIVE SUBCONTRACT PLAN,C,NOT COMPETED,SSS,ONLY ONE SOURCE,,,NONE,NO PREFERENCE USED,,,,,ONE,ONLY ONE SOURCE-OTHER (FAR 6.302-1 OTHER),,D,COMMERCIAL PRODUCTS/SERVICES PROCEDURES NOT USED,f,N,NO,N,NO,X,NOT APPLICABLE,N,NO,,N,NO,X,NOT APPLICABLE,X,NOT APPLICABLE,X,NOT APPLICABLE,X,NOT APPLICABLE,,,B,IDC,S,SINGLE AWARD,,,,N,NO,Y,YES - CAS CLAUSE INCLUDED,Y,Y,,,D,NOT CONSOLIDATED,X,NOT APPLICABLE,N,NO,Z,NOT APPLICABLE,N,NO,X,NOT APPLICABLE,f,f,f,f,f,f,f,f,f,f,f,f,f,f,f,f,f,f,f,OTHER THAN SMALL BUSINESS,O,f,f,f,f,f,f,f,f,f,f,f,f,f,f,f,f,f,CORPORATE NOT TAX EXEMPT,t,f,f,f,f,f,f,f,f,f,f,f,t,f,f,f,f,t,f,f,f,f,f,f,f,f,f,f,t,f,f,f,f,f,f,f,f,f,f,f,f,f,f,f,f,f,f,f,f,f,,,,,,,,,,,https://www.usaspending.gov/award/CONT_AWD_FA862524F3035_9700_FA862520D3000_9700/,2025-08-14
CONT_AWD_FA862524FB004_9700_FA862520D3000_9700,FA862524FB004,9700,DEPT OF DEFENSE,FA862520D3000,,,,,,46617762.00,,46617762.00,46617762.00,2024-09-27,2024,2025-02-28,2025,2024-09-27,2029-02-28,2029-02-28 00:00:00,,2023-06-30,097,Department of Defense,5700,Department of the Air Force,FA8625,FA8625  AFLCMC WLNK C130,097,Department of Defense,5700,Department of the Air Force,F4FDCT,F4FDCT AFLCMC WLN J,,,,,X,NOT APPLICABLE,,,SJDEB3MKJEW5,,LOCKHEED MARTIN CORP,LOCKHEED MARTIN CORPORATION,LOCKHEED MARTIN AERONAUTICS,98897,ZFN2JJXBLZT3,,LOCKHEED MARTIN CORP,LOCKHEED MARTIN CORP,USA,UNITED STATES,86 SOUTH COBB DR,,MARIETTA,13067,COBB,13,GA,GEORGIA,300630001,GA-11,GA-11,4106820755,,USA,UNITED STATES,MARIETTA,13067,COBB,13,GA,GEORGIA,300630001,GA-11,GA-11,AWARD,C,DELIVERY ORDER,,,,,,,J,FIRM FIXED PRICE,"IN ACCORDANCE WITH ATTACHMENT 1-SOW, THIS REQUIREMENT ESTABLISHES A PRE-PRICED CATALOG TO PROCURE INITIAL SPARES (IS) AND PECULIAR SUPPORT EQUIPMENT (PSE) FOR C-130J AIRCRAFT AS A DO UNDER THE CADDIE CONTRACT.",,1,,,1510,"AIRCRAFT, FIXED WING",H,NOT BUNDLED,,,336411,AIRCRAFT MANUFACTURING,C,NO CLAUSES INCLUDED AND NO SUSTAINABILITY INCLUDED,A,U.S. OWNED BUSINESS,220,C-130J,Z,NOT IT PRODUCTS OR SERVICES,E,NOT REQUIRED,USA,UNITED STATES,D,MFG IN U.S.,H,DOD COMPREHENSIVE SUBCONTRACT PLAN,C,NOT COMPETED,SSS,ONLY ONE SOURCE,,,NONE,NO PREFERENCE USED,,,,,ONE,ONLY ONE SOURCE-OTHER (FAR 6.302-1 OTHER),,D,COMMERCIAL PRODUCTS/SERVICES PROCEDURES NOT USED,f,N,NO,N,NO,X,NOT APPLICABLE,N,NO,,N,NO,X,NOT APPLICABLE,X,NOT APPLICABLE,X,NOT APPLICABLE,X,NOT APPLICABLE,,,B,IDC,S,SINGLE AWARD,,,,N,NO,Y,YES - CAS CLAUSE INCLUDED,N,N,,,D,NOT CONSOLIDATED,X,NOT APPLICABLE,N,NO,A,FAR 52.232-16 PROGRESS PAYMENTS,N,NO,X,NOT APPLICABLE,f,f,f,f,f,f,f,f,f,f,f,f,f,f,f,f,f,f,f,OTHER THAN SMALL BUSINESS,O,f,f,f,f,f,f,f,f,f,f,f,f,f,f,f,f,f,CORPORATE NOT TAX EXEMPT,t,f,f,f,f,f,f,f,f,f,f,f,t,f,f,f,f,t,f,f,f,f,f,f,f,f,f,f,t,f,f,f,f,f,f,f,f,f,f,f,f,f,f,f,f,f,f,f,f,f,,,,,,,,,,,https://www.usaspending.gov/award/CONT_AWD_FA862524FB004_9700_FA862520D3000_9700/,2025-03-25
CONT_AWD_FA862524FB016_9700_FA862520D3000_9700,FA862524FB016,9700,DEPT OF DEFENSE,FA862520D3000,,,,,,80913929.00,,80913929.00,80913929.00,2024-09-26,2024,2024-12-03,2025,2024-09-26,2027-11-30,2027-11-30 00:00:00,,2024-02-16,097,Department of Defense,5700,Department of the Air Force,FA8625,FA8625  AFLCMC WLNK C130,097,Department of Defense,5700,Department of the Air Force,F4FDCT,F4FDCT AFLCMC WLN J,,,,,X,NOT APPLICABLE,,,SJDEB3MKJEW5,,LOCKHEED MARTIN CORP,LOCKHEED MARTIN CORPORATION,LOCKHEED MARTIN AERONAUTICS,98897,ZFN2JJXBLZT3,,LOCKHEED MARTIN CORP,LOCKHEED MARTIN CORP,USA,UNITED STATES,86 SOUTH COBB DR,,MARIETTA,13067,COBB,13,GA,GEORGIA,300630001,GA-11,GA-11,4106820755,,USA,UNITED STATES,MARIETTA,13067,COBB,13,GA,GEORGIA,300630001,GA-11,GA-11,AWARD,C,DELIVERY ORDER,,,,,,,U,COST PLUS FIXED FEE,"CONTRACTOR TO PERFORM A DMSMS REFRESH TO RESOLVE SUB-COMPONENT OBSOLESCENCE WITHIN THE IFF, GALLEY COLD BOX STORAGE UNIT, MILACAS-XR TCAS 7.1, EMMU/ DSDTS/ RMM, AND PMD LRUS.",,1,,,1510,"AIRCRAFT, FIXED WING",H,NOT BUNDLED,,,336411,AIRCRAFT MANUFACTURING,C,NO CLAUSES INCLUDED AND NO SUSTAINABILITY INCLUDED,A,U.S. OWNED BUSINESS,220,C-130J,Z,NOT IT PRODUCTS OR SERVICES,E,NOT REQUIRED,USA,UNITED STATES,D,MFG IN U.S.,H,DOD COMPREHENSIVE SUBCONTRACT PLAN,C,NOT COMPETED,SSS,ONLY ONE SOURCE,,,NONE,NO PREFERENCE USED,,,,,ONE,ONLY ONE SOURCE-OTHER (FAR 6.302-1 OTHER),,D,COMMERCIAL PRODUCTS/SERVICES PROCEDURES NOT USED,f,N,NO,N,NO,X,NOT APPLICABLE,N,NO,,N,NO,X,NOT APPLICABLE,X,NOT APPLICABLE,X,NOT APPLICABLE,X,NOT APPLICABLE,,,B,IDC,S,SINGLE AWARD,,,,N,NO,Y,YES - CAS CLAUSE INCLUDED,N,N,,,D,NOT CONSOLIDATED,X,NOT APPLICABLE,N,NO,Z,NOT APPLICABLE,N,NO,X,NOT APPLICABLE,f,f,f,f,f,f,f,f,f,f,f,f,f,f,f,f,f,f,f,OTHER THAN SMALL BUSINESS,O,f,f,f,f,f,f,f,f,f,f,f,f,f,f,f,f,f,CORPORATE NOT TAX EXEMPT,t,f,f,f,f,f,f,f,f,f,f,f,t,f,f,f,f,t,f,f,f,f,f,f,f,f,f,f,t,f,f,f,f,f,f,f,f,f,f,f,f,f,f,f,f,f,f,f,f,f,,,,,,,,,,,https://www.usaspending.gov/award/CONT_AWD_FA862524FB016_9700_FA862520D3000_9700/,2025-04-26
CONT_AWD_FA862525FB007_9700_FA862520D3000_9700,FA862525FB007,9700,DEPT OF DEFENSE,FA862520D3000,,,,,,50508184.00,,1279500000.00,1279500000.00,2024-12-20,2025,2025-03-13,2025,2024-12-20,2029-04-30,2029-04-30 00:00:00,,2024-08-30,097,Department of Defense,5700,Department of the Air Force,FA8625,FA8625  AFLCMC WLNK C130,097,Department of Defense,5700,Department of the Air Force,F4FDCT,F4FDCT AFLCMC WLN J,,,,,X,NOT APPLICABLE,,,SJDEB3MKJEW5,,LOCKHEED MARTIN CORP,LOCKHEED MARTIN CORPORATION,LOCKHEED MARTIN AERONAUTICS,98897,ZFN2JJXBLZT3,,LOCKHEED MARTIN CORP,LOCKHEED MARTIN CORP,USA,UNITED STATES,86 SOUTH COBB DR,,MARIETTA,13067,COBB,13,GA,GEORGIA,300630001,GA-11,GA-11,4106820755,,USA,UNITED STATES,MARIETTA,13067,COBB,13,GA,GEORGIA,300630001,GA-11,GA-11,AWARD,C,DELIVERY ORDER,,,,,,,L,FIXED PRICE INCENTIVE,C-130J COMBINED AIRCRAFT DELIVERY DEVELOPMENT INTEGRATION AND ENGINEERING (CADDIE) FY24 CONGRESSIONAL ADD A/C EFFORT,,1,,,1510,"AIRCRAFT, FIXED WING",H,NOT BUNDLED,,,336411,AIRCRAFT MANUFACTURING,C,NO CLAUSES INCLUDED AND NO SUSTAINABILITY INCLUDED,A,U.S. OWNED BUSINESS,220,C-130J,Z,NOT IT PRODUCTS OR SERVICES,E,NOT REQUIRED,USA,UNITED STATES,D,MFG IN U.S.,H,DOD COMPREHENSIVE SUBCONTRACT PLAN,C,NOT COMPETED,SSS,ONLY ONE SOURCE,,,NONE,NO PREFERENCE USED,,,,,ONE,ONLY ONE SOURCE-OTHER (FAR 6.302-1 OTHER),,D,COMMERCIAL PRODUCTS/SERVICES PROCEDURES NOT USED,f,N,NO,N,NO,X,NOT APPLICABLE,N,NO,,N,NO,X,NOT APPLICABLE,X,NOT APPLICABLE,X,NOT APPLICABLE,X,NOT APPLICABLE,,,B,IDC,S,SINGLE AWARD,,,,N,NO,Y,YES - CAS CLAUSE INCLUDED,Y,Y,,,D,NOT CONSOLIDATED,X,NOT APPLICABLE,N,NO,A,FAR 52.232-16 PROGRESS PAYMENTS,N,NO,X,NOT APPLICABLE,f,f,f,f,f,f,f,f,f,f,f,f,f,f,f,f,f,f,f,OTHER THAN SMALL BUSINESS,O,f,f,f,f,f,f,f,f,f,f,f,f,f,f,f,f,f,CORPORATE NOT TAX EXEMPT,t,f,f,f,f,f,f,f,f,f,f,f,t,f,f,f,f,t,f,f,f,f,f,f,f,f,f,f,t,f,f,f,f,f,f,f,f,f,f,f,f,f,f,f,f,f,f,f,f,f,,,,,,,,,,,https://www.usaspending.gov/award/CONT_AWD_FA862525FB007_9700_FA862520D3000_9700/,2025-04-26
CONT_AWD_FA862920F7171_9700_FA862516D6458_9700,FA862920F7171,9700,DEPT OF DEFENSE,FA862516D6458,Q: Not Designated Nonemergency/Emergency/Disaster/Wildfire Suppression,,,,,71451524.18,4470727.00,81794554.00,84325281.00,2019-10-25,2020,2025-10-30,2026,2019-10-25,2025-11-30,2026-01-30 00:00:00,,2019-07-09,097,Department of Defense,9763,Defense Contract Management Agency,S1111A,DCMA FIXED WING MARIETTA,097,Department of Defense,9736,Army/Air Force Exchange Service,HX2139,GOODFEL AFMCSS        1011425,057-2018/2020-3010-000;057-2019/2021-3010-000,057-3010,31.0: Equipment,0001: COMBAT AIRCRAFT;OPTN: FIELD IS OPTIONAL PRIOR TO FY21,X,NOT APPLICABLE,,,SJDEB3MKJEW5,,LOCKHEED MARTIN CORP,LOCKHEED MARTIN CORPORATION,LOCKHEED MARTIN AERONAUTICS,98897,ZFN2JJXBLZT3,,LOCKHEED MARTIN CORP,LOCKHEED MARTIN CORP,USA,UNITED STATES,86 SOUTH COBB DR,,MARIETTA,13067,COBB,13,GA,GEORGIA,300630001,GA-11,GA-11,4106820755,,USA,UNITED STATES,MARIETTA,13067,COBB,13,GA,GEORGIA,300630001,GA-11,GA-11,AWARD,C,DELIVERY ORDER,,,,,,,J,FIRM FIXED PRICE,HC-130J_DEFENSIVE SYSTEMS SUITE EFFORT ENGINEERING CHANGE PROPOSAL 18-00210,,1,,,1510,"AIRCRAFT, FIXED WING",H,NOT BUNDLED,A1A,AIRFRAMES AND SPARES,336411,AIRCRAFT MANUFACTURING,C,NO CLAUSES INCLUDED AND NO SUSTAINABILITY INCLUDED,A,U.S. OWNED BUSINESS,257,HC/MC-130 RECAP,Z,NOT IT PRODUCTS OR SERVICES,E,NOT REQUIRED,USA,UNITED STATES,D,MFG IN U.S.,H,DOD COMPREHENSIVE SUBCONTRACT PLAN,C,NOT COMPETED,SSS,ONLY ONE SOURCE,,,NONE,NO PREFERENCE USED,,,,,FOC,FOLLOW-ON CONTRACT (FAR 6.302-1(A)(2)(II/III)),,D,COMMERCIAL PRODUCTS/SERVICES PROCEDURES NOT USED,f,N,NO,N,NO,Y,YES,N,NO,0.00,N,NO,Y,YES,X,NOT APPLICABLE,X,NOT APPLICABLE,X,NOT APPLICABLE,,,B,IDC,S,SINGLE AWARD,,,,N,NO,,,Y,Y,U,UNKNOWN,D,NOT CONSOLIDATED,X,NOT APPLICABLE,N,NO,Z,NOT APPLICABLE,N,NO,X,NOT APPLICABLE,f,f,f,f,f,f,f,f,f,f,f,f,f,f,f,f,f,f,f,OTHER THAN SMALL BUSINESS,O,f,f,f,f,f,f,f,f,f,f,f,f,f,f,f,f,f,CORPORATE NOT TAX EXEMPT,t,f,f,f,f,f,f,f,f,f,f,f,t,f,f,f,f,t,f,f,f,f,f,f,f,f,f,f,t,f,f,f,f,f,f,f,f,f,f,f,f,f,f,f,f,f,f,f,f,f,,,,,,,,,,,https://www.usaspending.gov/award/CONT_AWD_FA862920F7171_9700_FA862516D6458_9700/,2026-01-13
CONT_AWD_FA862922F3051_9700_FA862520D3000_9700,FA862922F3051,9700,DEPT OF DEFENSE,FA862520D3000,,,,,,36314805.19,,38418868.86,38418868.86,2022-03-11,2022,2025-10-22,2026,2022-03-11,2025-10-22,2025-10-22 00:00:00,,2022-01-24,097,Department of Defense,5700,Department of the Air Force,FA8629,FA8629 AFLCMC WISK SOF/PR,097,Department of Defense,5700,Department of the Air Force,F4FDHB,F4FDHB AFLCMC WIS,,,,,X,NOT APPLICABLE,,,SJDEB3MKJEW5,,LOCKHEED MARTIN CORP,LOCKHEED MARTIN CORPORATION,LOCKHEED MARTIN AERONAUTICS,98897,ZFN2JJXBLZT3,,LOCKHEED MARTIN CORP,LOCKHEED MARTIN CORP,USA,UNITED STATES,86 SOUTH COBB DR,,MARIETTA,13067,COBB,13,GA,GEORGIA,300630001,GA-11,GA-11,4106820755,,USA,UNITED STATES,MARIETTA,13067,COBB,13,GA,GEORGIA,300630001,GA-11,GA-11,AWARD,C,DELIVERY ORDER,,,,,,,V,COST PLUS INCENTIVE FEE,COMMUNICATIONS MODERNIZATION PHASE I,FA862922R3051,1,,,1510,"AIRCRAFT, FIXED WING",H,NOT BUNDLED,A7,ELECTRONICS AND COMMUNICATION EQUIPMENT,336411,AIRCRAFT MANUFACTURING,C,NO CLAUSES INCLUDED AND NO SUSTAINABILITY INCLUDED,A,U.S. OWNED BUSINESS,257,HC/MC-130 RECAP,Z,NOT IT PRODUCTS OR SERVICES,E,NOT REQUIRED,USA,UNITED STATES,D,MFG IN U.S.,H,DOD COMPREHENSIVE SUBCONTRACT PLAN,C,NOT COMPETED,SSS,ONLY ONE SOURCE,,,NONE,NO PREFERENCE USED,,,,,ONE,ONLY ONE SOURCE-OTHER (FAR 6.302-1 OTHER),,D,COMMERCIAL PRODUCTS/SERVICES PROCEDURES NOT USED,f,N,NO,N,NO,X,NOT APPLICABLE,N,NO,,N,NO,X,NOT APPLICABLE,X,NOT APPLICABLE,X,NOT APPLICABLE,X,NOT APPLICABLE,,,B,IDC,S,SINGLE AWARD,,,,N,NO,,,Y,Y,U,UNKNOWN,D,NOT CONSOLIDATED,X,NOT APPLICABLE,N,NO,Z,NOT APPLICABLE,N,NO,X,NOT APPLICABLE,f,f,f,f,f,f,f,f,f,f,f,f,f,f,f,f,f,f,f,OTHER THAN SMALL BUSINESS,O,f,f,f,f,f,f,f,f,f,f,f,f,f,f,f,f,f,CORPORATE NOT TAX EXEMPT,t,f,f,f,f,f,f,f,f,f,f,f,t,f,f,f,f,t,f,f,f,f,f,f,f,f,f,f,t,f,f,f,f,f,f,f,f,f,f,f,f,f,f,f,f,f,f,f,f,f,,,,,,,,,,,https://www.usaspending.gov/award/CONT_AWD_FA862922F3051_9700_FA862520D3000_9700/,2025-10-22
CONT_AWD_FA862922F3055_9700_FA862520D3000_9700,FA862922F3055,9700,DEPT OF DEFENSE,FA862520D3000,,,,,,43421565.99,,43529999.64,43529999.64,2022-04-12,2022,2025-09-30,2025,2022-04-12,2026-07-31,2026-07-31 00:00:00,,2021-12-17,097,Department of Defense,5700,Department of the Air Force,FA8629,FA8629 AFLCMC WISK SOF/PR,097,Department of Defense,5700,Department of the Air Force,F4FDHB,F4FDHB AFLCMC WIS,,,,,X,NOT APPLICABLE,,,SJDEB3MKJEW5,,LOCKHEED MARTIN CORP,LOCKHEED MARTIN CORPORATION,LOCKHEED MARTIN AERONAUTICS,98897,ZFN2JJXBLZT3,,LOCKHEED MARTIN CORP,LOCKHEED MARTIN CORP,USA,UNITED STATES,86 SOUTH COBB DR,,MARIETTA,13067,COBB,13,GA,GEORGIA,300630001,GA-11,GA-11,4106820755,,USA,UNITED STATES,MARIETTA,13067,COBB,13,GA,GEORGIA,300630001,GA-11,GA-11,AWARD,C,DELIVERY ORDER,,,,,,,J,FIRM FIXED PRICE,MC-130 TERRAIN FOLLOWING KITS LOW RATE INITIAL PRODUCTION II,,1,,,1510,"AIRCRAFT, FIXED WING",H,NOT BUNDLED,A1A,AIRFRAMES AND SPARES,336411,AIRCRAFT MANUFACTURING,C,NO CLAUSES INCLUDED AND NO SUSTAINABILITY INCLUDED,A,U.S. OWNED BUSINESS,000,NONE,Z,NOT IT PRODUCTS OR SERVICES,E,NOT REQUIRED,USA,UNITED STATES,D,MFG IN U.S.,H,DOD COMPREHENSIVE SUBCONTRACT PLAN,C,NOT COMPETED,SSS,ONLY ONE SOURCE,,,NONE,NO PREFERENCE USED,,,,,ONE,ONLY ONE SOURCE-OTHER (FAR 6.302-1 OTHER),,D,COMMERCIAL PRODUCTS/SERVICES PROCEDURES NOT USED,f,N,NO,N,NO,X,NOT APPLICABLE,N,NO,,N,NO,X,NOT APPLICABLE,X,NOT APPLICABLE,X,NOT APPLICABLE,X,NOT APPLICABLE,,,B,IDC,S,SINGLE AWARD,,,,N,NO,,,Y,Y,U,UNKNOWN,D,NOT CONSOLIDATED,X,NOT APPLICABLE,N,NO,Z,NOT APPLICABLE,N,NO,X,NOT APPLICABLE,f,f,f,f,f,f,f,f,f,f,f,f,f,f,f,f,f,f,f,OTHER THAN SMALL BUSINESS,O,f,f,f,f,f,f,f,f,f,f,f,f,f,f,f,f,f,CORPORATE NOT TAX EXEMPT,t,f,f,f,f,f,f,f,f,f,f,f,t,f,f,f,f,t,f,f,f,f,f,f,f,f,f,f,t,f,f,f,f,f,f,f,f,f,f,f,f,f,f,f,f,f,f,f,f,f,,,,,,,,,,,https://www.usaspending.gov/award/CONT_AWD_FA862922F3055_9700_FA862520D3000_9700/,2026-01-09
CONT_AWD_FA864121C0002_9700_-NONE-_-NONE-,FA864121C0002,,,,,,,,,23770000.00,,23770000.00,30000000.00,2021-07-30,2021,2024-12-18,2025,2021-07-30,2026-08-31,2026-08-31 00:00:00,,2021-01-21,097,Department of Defense,5700,Department of the Air Force,FA8641,FA8641 PRES ALFT DIR AFLCMC WVBK,097,Department of Defense,5700,Department of the Air Force,F4FBEQ,F4FBEQ AFRL RGF,,,,,X,NOT APPLICABLE,,,Y3D9D7QN2LP3,,HERMEUS CORP,HERMEUS CORPORATION,,880Y7,WECLTKA3VPT6,,HERMEUS CORP,HERMEUS CORP,USA,UNITED STATES,3960 DEKALB TECHNOLOGY PKWY,,ATLANTA,13089,DEKALB,13,GA,GEORGIA,303402754,GA-04,GA-04,7274887670,,USA,UNITED STATES,ATLANTA,13089,DEKALB,13,GA,GEORGIA,303402754,GA-04,GA-04,AWARD,D,DEFINITIVE CONTRACT,,,,,,,J,FIRM FIXED PRICE,VC-25B HYPERSONIC SBIR PHASE 2,,1,CT,CRITICAL FUNCTIONS,AS11,"TRANSPORTATION R&D SERVICES; SURFACE TRANSPORTATION, PUBLIC TRANSIT, AND RAIL; BASIC RESEARCH",H,NOT BUNDLED,C9E,ALL OTHERS NOT IDENTIFIABLE TO ANY OTHER PROCUREMENT PROGRAM,541715,"RESEARCH AND DEVELOPMENT IN THE PHYSICAL, ENGINEERING, AND LIFE SCIENCES (EXCEPT NANOTECHNOLOGY AND BIOTECHNOLOGY)",C,NO CLAUSES INCLUDED AND NO SUSTAINABILITY INCLUDED,A,U.S. OWNED BUSINESS,425,VC-25B,Z,NOT IT PRODUCTS OR SERVICES,E,NOT REQUIRED,USA,UNITED STATES,C,NOT A MANUFACTURED END PRODUCT,B,PLAN NOT REQUIRED,D,FULL AND OPEN COMPETITION AFTER EXCLUSION OF SOURCES,NP,NEGOTIATED PROPOSAL/QUOTE,SBA,SMALL BUSINESS SET ASIDE - TOTAL,NONE,NO PREFERENCE USED,SR2,SMALL BUSINESS INNOVATION RESEARCH PROGRAM PHASE II ACTION,,,,,1,A,COMMERCIAL PRODUCTS/SERVICES,f,N,NO,N,NO,N,NO,N,NO,0.00,N,NO,X,NOT APPLICABLE,X,NOT APPLICABLE,X,NOT APPLICABLE,X,NOT APPLICABLE,,,,,,,,,,N,NO,X,NOT APPLICABLE EXEMPT FROM CAS,N,N,U,UNKNOWN,D,NOT CONSOLIDATED,N,NO - SERVICE WHERE PBA IS NOT USED.,N,NO,Z,NOT APPLICABLE,N,NO,X,NOT APPLICABLE,f,f,f,f,f,f,f,f,f,f,f,f,f,f,f,f,f,f,f,SMALL BUSINESS,S,f,f,f,f,f,f,f,f,f,f,f,f,f,f,f,f,f,CORPORATE NOT TAX EXEMPT,t,f,f,f,f,f,f,f,f,f,f,f,f,f,f,f,f,t,f,f,f,f,f,f,f,f,f,f,t,f,f,f,f,f,f,f,f,f,f,f,f,f,f,f,f,t,f,f,f,f,ZACHARY  SHORE,769415.00,ANTHONY  PIPLICA,520487.00,SKYLER  SHUFORD,520487.00,MARIA  VEKLICH,500704.00,CASE  ERLE,479687.00,https://www.usaspending.gov/award/CONT_AWD_FA864121C0002_9700_-NONE-_-NONE-/,2025-08-08
CONT_AWD_FA865022F9321_9700_FA873021D0001_9700,FA865022F9321,9700,DEPT OF DEFENSE,FA873021D0001,,,,,,29871955.98,,30279983.00,30279983.00,2021-12-21,2022,2025-07-24,2025,2021-12-21,2025-08-31,2025-08-31 00:00:00,,2021-09-23,097,Department of Defense,5700,Department of the Air Force,FA8650,FA8650  USAF AFMC AFRL PZL AFRL/PZL,097,Department of Defense,5700,Department of the Air Force,F4FBGK,F4FBGK AFRL RS,,,,,X,NOT APPLICABLE,,,L3G5SBQ2PLK5,,GEORGIA TECH APPLIED RESEARCH CORP,GEORGIA TECH APPLIED RESEARCH CORPORATION,GTARC,1FEZ4,L3G5SBQ2PLK5,,GEORGIA TECH APPLIED RESEARCH CORP,GEORGIA TECH RESEARCH CORPORATION,USA,UNITED STATES,926 DALNEY ST NW,,ATLANTA,13121,FULTON,13,GA,GEORGIA,30318,GA-05,GA-90,4048946934,4043852081,USA,UNITED STATES,ATLANTA,13121,FULTON,13,GA,GEORGIA,303186395,GA-05,GA-05,AWARD,C,DELIVERY ORDER,,,,,,,U,COST PLUS FIXED FEE,GEORGIA TECH RESEARCH INSTITUTE (GTRI) SUPPORT TO DEPARTMENT OF THE AIR FORCE CHIEF ARCHITECT'S OFFICE,,1,OT,OTHER FUNCTIONS,AC13,NATIONAL DEFENSE R&D SERVICES; DEPARTMENT OF DEFENSE - MILITARY; EXPERIMENTAL DEVELOPMENT,H,NOT BUNDLED,S1,SERVICES,541715,"RESEARCH AND DEVELOPMENT IN THE PHYSICAL, ENGINEERING, AND LIFE SCIENCES (EXCEPT NANOTECHNOLOGY AND BIOTECHNOLOGY)",C,NO CLAUSES INCLUDED AND NO SUSTAINABILITY INCLUDED,A,U.S. OWNED BUSINESS,000,NONE,Z,NOT IT PRODUCTS OR SERVICES,E,NOT REQUIRED,USA,UNITED STATES,C,NOT A MANUFACTURED END PRODUCT,F,INDIVIDUAL SUBCONTRACT PLAN,C,NOT COMPETED,SSS,ONLY ONE SOURCE,,,NONE,NO PREFERENCE USED,,,,,MES,"MOBILIZATION, ESSENTIAL R&D (FAR 6.302-3)",,D,COMMERCIAL PRODUCTS/SERVICES PROCEDURES NOT USED,f,N,NO,N,NO,N,NO,N,NO,,N,NO,N,NO,N,NO,N,NO,X,NOT APPLICABLE,,,B,IDC,S,SINGLE AWARD,,,,Y,YES,X,NOT APPLICABLE EXEMPT FROM CAS,N,N,U,UNKNOWN,D,NOT CONSOLIDATED,Y,YES - SERVICE WHERE PBA IS USED.,N,NO,Z,NOT APPLICABLE,N,NO,X,NOT APPLICABLE,f,f,f,f,f,f,f,f,f,f,f,f,f,f,f,f,f,f,f,OTHER THAN SMALL BUSINESS,O,f,f,f,f,f,f,f,f,f,f,f,f,f,f,f,f,f,CORPORATE TAX EXEMPT,f,t,f,f,f,f,f,f,f,t,f,f,f,f,f,f,f,t,f,f,f,f,f,f,f,f,f,f,f,t,f,f,f,t,f,f,f,f,f,f,f,f,f,f,f,f,f,f,f,f,,,,,,,,,,,https://www.usaspending.gov/award/CONT_AWD_FA865022F9321_9700_FA873021D0001_9700/,2025-07-24
CONT_AWD_FA872120F0001_9700_GS00Q14OADS315_4732,FA872120F0001,4732,FEDERAL ACQUISITION SERVICE,GS00Q14OADS315,N: Emergency P.L. 116-136;Q: Not Designated Nonemergency/Emergency/Disaster/Wildfire Suppression,15975.10,-76557.00,,,23035473.07,274404.64,8603616.68,5982647.98,2019-11-22,2020,2025-09-22,2025,2019-11-22,2025-08-31,2025-08-31 00:00:00,,2019-08-12,097,Department of Defense,5700,Department of the Air Force,FA8721,FA8721  AFLCMC PZE CM,097,Department of Defense,5700,Department of the Air Force,F3QLC1,F3QLC1 ARMAMENT SUSMNT DIV EBU,017-2020/2020-1804-000;057-2018/2020-3010-000;057-2018/2020-3011-000;057-2019/2020-3600-000;057-2019/2021-3011-000;057-2019/2021-3020-000;057-2020/2020-3400-000;057-2020/2021-3600-000;057-2020/2022-3011-000;057-2020/2022-3020-000;057-2021/2021-3400-000;057-2021/2022-3600-000;057-2021/2023-3011-000;057-2021/2023-3020-000,017-1804;057-3010;057-3011;057-3020;057-3400;057-3600,25.1: Advisory and assistance services;31.0: Equipment,0001: AMMUNITION AND SUPPORT;0001: BASIC RESEARCH;0001: OPERATING FORCES;0001: WEAPONS PROCUREMENT AND MODIFICATION;0002: AIRLIFT AIRCRAFT;OPTN: FIELD IS OPTIONAL PRIOR TO FY21,A,FOREIGN FUNDS FMS,,,FZNCSKF4X6D9,,CREDENCE MANAGEMENT SOLUTIONS LIMITED LIABILITY COMPANY,CREDENCE MANAGEMENT SOLUTIONS LIMITED LIABILITY COMPANY,,4WPK2,FZNCSKF4X6D9,,CREDENCE MANAGEMENT SOLUTIONS LIMITED LIABILITY COMPANY,CREDENCE MANAGEMENT SOLUTIONS LIMITED LIABILITY COMPANY,USA,UNITED STATES,1775 TYSONS BLVD,STE 800,MCLEAN,51059,FAIRFAX,51,VA,VIRGINIA,221024272,VA-11,VA-11,5713958822,2023153030,USA,UNITED STATES,WARNER ROBINS,13153,HOUSTON,13,GA,GEORGIA,310885512,GA-08,GA-08,AWARD,C,DELIVERY ORDER,,,,,,,U,COST PLUS FIXED FEE,"PROCUREMENT OF ENGINEERING, PROFESSIONAL,AND ADMINISTRATIVE SUPPORT SERVICES (EPASS) FOR ADVISORY&ASSISTANCE SERVICES (A&AS) FOR EB ROBINS",,1,"CL,CT","CLOSELY ASSOCIATED,CRITICAL FUNCTIONS",R707,SUPPORT- MANAGEMENT: CONTRACT/PROCUREMENT/ACQUISITION SUPPORT,H,NOT BUNDLED,S1,SERVICES,541330,ENGINEERING SERVICES,C,NO CLAUSES INCLUDED AND NO SUSTAINABILITY INCLUDED,A,U.S. OWNED BUSINESS,000,NONE,Z,NOT IT PRODUCTS OR SERVICES,E,NOT REQUIRED,USA,UNITED STATES,C,NOT A MANUFACTURED END PRODUCT,B,PLAN NOT REQUIRED,D,FULL AND OPEN COMPETITION AFTER EXCLUSION OF SOURCES,MAFO,SUBJECT TO MULTIPLE AWARD FAIR OPPORTUNITY,,,NONE,NO PREFERENCE USED,,,FAIR,FAIR OPPORTUNITY GIVEN,,,1,D,COMMERCIAL PRODUCTS/SERVICES PROCEDURES NOT USED,f,N,NO,N,NO,Y,YES,N,NO,0.00,N,NO,X,NOT APPLICABLE,N,NO,X,NOT APPLICABLE,X,NOT APPLICABLE,,,B,IDC,M,MULTIPLE AWARD,,,,N,NO,,,N,N,U,UNKNOWN,A,CONSOLIDATED REQUIREMENTS,Y,YES - SERVICE WHERE PBA IS USED.,N,NO,Z,NOT APPLICABLE,N,NO,X,NOT APPLICABLE,f,f,f,f,f,f,f,f,f,f,f,f,t,t,f,f,f,f,f,SMALL BUSINESS,S,f,f,f,f,f,f,f,f,f,f,f,f,f,f,f,f,f,PARTNERSHIP,f,f,t,f,f,f,f,f,f,f,f,f,f,f,f,f,f,t,f,f,f,f,f,f,f,f,t,f,t,f,f,f,f,f,f,f,f,f,f,f,f,f,f,f,t,t,f,t,f,f,SIDDHARTHA  CHOWDHARY,534000.00,PRASHANT  GAUR,534000.00,JEETENDRA  AHUJA,500000.00,RADHAKRISHNAN  SRINIVASAN,500000.00,ATUL  MATHUR,450000.00,https://www.usaspending.gov/award/CONT_AWD_FA872120F0001_9700_GS00Q14OADS315_4732/,2025-09-24
CONT_AWD_FA872321F9003_9700_FA873021D0001_9700,FA872321F9003,9700,DEPT OF DEFENSE,FA873021D0001,,,,,,46225336.26,,45992740.26,45992740.26,2021-07-30,2021,2025-08-04,2025,2021-07-30,2025-12-19,2025-12-19 00:00:00,,2021-04-02,097,Department of Defense,5700,Department of the Air Force,FA8723,FA8723  AFLCMC HBQK C BM,097,Department of Defense,5700,Department of the Air Force,F3LABA,MSL WRNG AND DEF SENSORS,,,,,X,NOT APPLICABLE,,,L3G5SBQ2PLK5,,GEORGIA TECH APPLIED RESEARCH CORP,GEORGIA TECH APPLIED RESEARCH CORPORATION,GTARC,1FEZ4,L3G5SBQ2PLK5,,GEORGIA TECH APPLIED RESEARCH CORP,GEORGIA TECH RESEARCH CORPORATION,USA,UNITED STATES,926 DALNEY ST NW,,ATLANTA,13121,FULTON,13,GA,GEORGIA,30318,GA-05,GA-90,4048946934,4043852081,USA,UNITED STATES,ATLANTA,13121,FULTON,13,GA,GEORGIA,303180407,GA-06,GA-06,AWARD,C,DELIVERY ORDER,,,,,,,U,COST PLUS FIXED FEE,BALLISTIC MISSILE EARLY WARNING SYSTEMS (BMEWS) PAVE PAWS T-REX,,1,OT,OTHER FUNCTIONS,R425,SUPPORT- PROFESSIONAL: ENGINEERING/TECHNICAL,H,NOT BUNDLED,S1,SERVICES,541715,"RESEARCH AND DEVELOPMENT IN THE PHYSICAL, ENGINEERING, AND LIFE SCIENCES (EXCEPT NANOTECHNOLOGY AND BIOTECHNOLOGY)",C,NO CLAUSES INCLUDED AND NO SUSTAINABILITY INCLUDED,A,U.S. OWNED BUSINESS,000,NONE,Z,NOT IT PRODUCTS OR SERVICES,E,NOT REQUIRED,USA,UNITED STATES,C,NOT A MANUFACTURED END PRODUCT,F,INDIVIDUAL SUBCONTRACT PLAN,C,NOT COMPETED,SSS,ONLY ONE SOURCE,,,NONE,NO PREFERENCE USED,,,,,MES,"MOBILIZATION, ESSENTIAL R&D (FAR 6.302-3)",,D,COMMERCIAL PRODUCTS/SERVICES PROCEDURES NOT USED,f,N,NO,N,NO,N,NO,N,NO,,N,NO,N,NO,N,NO,N,NO,X,NOT APPLICABLE,,,B,IDC,S,SINGLE AWARD,,,,Y,YES,X,NOT APPLICABLE EXEMPT FROM CAS,N,N,U,UNKNOWN,D,NOT CONSOLIDATED,N,NO - SERVICE WHERE PBA IS NOT USED.,N,NO,Z,NOT APPLICABLE,N,NO,X,NOT APPLICABLE,f,f,f,f,f,f,f,f,f,f,f,f,f,f,f,f,f,f,f,OTHER THAN SMALL BUSINESS,O,f,f,f,f,f,f,f,f,f,f,f,f,f,f,f,f,f,CORPORATE TAX EXEMPT,f,t,f,f,f,f,f,f,f,t,f,f,f,f,f,f,f,t,f,f,f,f,f,f,f,f,f,f,f,t,f,f,f,t,f,f,f,f,f,f,f,f,f,f,f,f,f,f,f,f,,,,,,,,,,,https://www.usaspending.gov/award/CONT_AWD_FA872321F9003_9700_FA873021D0001_9700/,2025-09-10
CONT_AWD_FA872321F9009_9700_FA873021D0001_9700,FA872321F9009,9700,DEPT OF DEFENSE,FA873021D0001,,,,,,57843431.98,,57845307.98,57845307.98,2021-09-16,2021,2025-02-25,2025,2021-09-16,2025-07-01,2025-07-01 00:00:00,,2021-06-04,097,Department of Defense,5700,Department of the Air Force,FA8723,FA8723  AFLCMC HBQK C BM,097,Department of Defense,5700,Department of the Air Force,F3LABA,MSL WRNG AND DEF SENSORS,,,,,X,NOT APPLICABLE,,,L3G5SBQ2PLK5,,GEORGIA TECH APPLIED RESEARCH CORP,GEORGIA TECH APPLIED RESEARCH CORPORATION,GTARC,1FEZ4,L3G5SBQ2PLK5,,GEORGIA TECH APPLIED RESEARCH CORP,GEORGIA TECH RESEARCH CORPORATION,USA,UNITED STATES,926 DALNEY ST NW,,ATLANTA,13121,FULTON,13,GA,GEORGIA,30318,GA-05,GA-90,4048946934,4043852081,USA,UNITED STATES,ATLANTA,13121,FULTON,13,GA,GEORGIA,303186395,GA-05,GA-05,AWARD,C,DELIVERY ORDER,,,,,,,V,COST PLUS INCENTIVE FEE,BMEWS PAVE PAWS (BPP) SPARC AND REX,,1,OT,OTHER FUNCTIONS,Z1BC,MAINTENANCE OF RADAR AND NAVIGATIONAL FACILITIES,H,NOT BUNDLED,S1,SERVICES,541715,"RESEARCH AND DEVELOPMENT IN THE PHYSICAL, ENGINEERING, AND LIFE SCIENCES (EXCEPT NANOTECHNOLOGY AND BIOTECHNOLOGY)",C,NO CLAUSES INCLUDED AND NO SUSTAINABILITY INCLUDED,A,U.S. OWNED BUSINESS,000,NONE,Z,NOT IT PRODUCTS OR SERVICES,E,NOT REQUIRED,USA,UNITED STATES,C,NOT A MANUFACTURED END PRODUCT,F,INDIVIDUAL SUBCONTRACT PLAN,C,NOT COMPETED,SSS,ONLY ONE SOURCE,,,NONE,NO PREFERENCE USED,,,,,MES,"MOBILIZATION, ESSENTIAL R&D (FAR 6.302-3)",,D,COMMERCIAL PRODUCTS/SERVICES PROCEDURES NOT USED,f,N,NO,N,NO,N,NO,N,NO,,N,NO,N,NO,N,NO,N,NO,X,NOT APPLICABLE,,,B,IDC,S,SINGLE AWARD,,,,Y,YES,X,NOT APPLICABLE EXEMPT FROM CAS,N,N,U,UNKNOWN,D,NOT CONSOLIDATED,N,NO - SERVICE WHERE PBA IS NOT USED.,N,NO,Z,NOT APPLICABLE,N,NO,X,NOT APPLICABLE,f,f,f,f,f,f,f,f,f,f,f,f,f,f,f,f,f,f,f,OTHER THAN SMALL BUSINESS,O,f,f,f,f,f,f,f,f,f,f,f,f,f,f,f,f,f,CORPORATE TAX EXEMPT,f,t,f,f,f,f,f,f,f,t,f,f,f,f,f,f,f,t,f,f,f,f,f,f,f,f,f,f,f,t,f,f,f,t,f,f,f,f,f,f,f,f,f,f,f,f,f,f,f,f,,,,,,,,,,,https://www.usaspending.gov/award/CONT_AWD_FA872321F9009_9700_FA873021D0001_9700/,2025-02-25
CONT_AWD_FA872322F9001_9700_FA873021D0001_9700,FA872322F9001,9700,DEPT OF DEFENSE,FA873021D0001,,,,,,52596589.75,,52596589.75,52596589.75,2022-04-22,2022,2025-07-31,2025,2022-04-22,2025-12-15,2025-12-15 00:00:00,,2022-02-14,097,Department of Defense,5700,Department of the Air Force,FA8723,FA8723  AFLCMC HBQK C BM,097,Department of Defense,5700,Department of the Air Force,F3LABA,MSL WRNG AND DEF SENSORS,,,,,X,NOT APPLICABLE,,,L3G5SBQ2PLK5,,GEORGIA TECH APPLIED RESEARCH CORP,GEORGIA TECH APPLIED RESEARCH CORPORATION,GTARC,1FEZ4,L3G5SBQ2PLK5,,GEORGIA TECH APPLIED RESEARCH CORP,GEORGIA TECH RESEARCH CORPORATION,USA,UNITED STATES,926 DALNEY ST NW,,ATLANTA,13121,FULTON,13,GA,GEORGIA,30318,GA-05,GA-90,4048946934,4043852081,USA,UNITED STATES,ATLANTA,13121,FULTON,13,GA,GEORGIA,303186395,GA-05,GA-05,AWARD,C,DELIVERY ORDER,,,,,,,U,COST PLUS FIXED FEE,BMEWS PAVE PAWS DIGITAL EARLY WARNING RADAR PHASE 2B,,1,OT,OTHER FUNCTIONS,R425,SUPPORT- PROFESSIONAL: ENGINEERING/TECHNICAL,H,NOT BUNDLED,S1,SERVICES,541715,"RESEARCH AND DEVELOPMENT IN THE PHYSICAL, ENGINEERING, AND LIFE SCIENCES (EXCEPT NANOTECHNOLOGY AND BIOTECHNOLOGY)",C,NO CLAUSES INCLUDED AND NO SUSTAINABILITY INCLUDED,A,U.S. OWNED BUSINESS,000,NONE,Z,NOT IT PRODUCTS OR SERVICES,E,NOT REQUIRED,USA,UNITED STATES,C,NOT A MANUFACTURED END PRODUCT,F,INDIVIDUAL SUBCONTRACT PLAN,C,NOT COMPETED,SSS,ONLY ONE SOURCE,,,NONE,NO PREFERENCE USED,,,,,MES,"MOBILIZATION, ESSENTIAL R&D (FAR 6.302-3)",,D,COMMERCIAL PRODUCTS/SERVICES PROCEDURES NOT USED,f,N,NO,N,NO,N,NO,N,NO,,N,NO,N,NO,N,NO,N,NO,X,NOT APPLICABLE,,,B,IDC,S,SINGLE AWARD,,,,Y,YES,X,NOT APPLICABLE EXEMPT FROM CAS,N,N,U,UNKNOWN,D,NOT CONSOLIDATED,N,NO - SERVICE WHERE PBA IS NOT USED.,N,NO,Z,NOT APPLICABLE,N,NO,X,NOT APPLICABLE,f,f,f,f,f,f,f,f,f,f,f,f,f,f,f,f,f,f,f,OTHER THAN SMALL BUSINESS,O,f,f,f,f,f,f,f,f,f,f,f,f,f,f,f,f,f,CORPORATE TAX EXEMPT,f,t,f,f,f,f,f,f,f,t,f,f,f,f,f,f,f,t,f,f,f,f,f,f,f,f,f,f,f,t,f,f,f,t,f,f,f,f,f,f,f,f,f,f,f,f,f,f,f,f,,,,,,,,,,,https://www.usaspending.gov/award/CONT_AWD_FA872322F9001_9700_FA873021D0001_9700/,2025-09-29
CONT_AWD_FA872322F9008_9700_FA873021D0001_9700,FA872322F9008,9700,DEPT OF DEFENSE,FA873021D0001,,,,,,37073394.08,,38580175.89,39962719.72,2022-09-01,2022,2025-09-10,2025,2022-09-01,2026-06-01,2026-06-01 00:00:00,,2022-03-17,097,Department of Defense,5700,Department of the Air Force,FA8723,FA8723  AFLCMC HBQK C BM,097,Department of Defense,5700,Department of the Air Force,F3LABA,MSL WRNG AND DEF SENSORS,,,,,X,NOT APPLICABLE,,,L3G5SBQ2PLK5,,GEORGIA TECH APPLIED RESEARCH CORP,GEORGIA TECH APPLIED RESEARCH CORPORATION,GTARC,1FEZ4,L3G5SBQ2PLK5,,GEORGIA TECH APPLIED RESEARCH CORP,GEORGIA TECH RESEARCH CORPORATION,USA,UNITED STATES,926 DALNEY ST NW,,ATLANTA,13121,FULTON,13,GA,GEORGIA,30318,GA-05,GA-90,4048946934,4043852081,USA,UNITED STATES,ATLANTA,13121,FULTON,13,GA,GEORGIA,303186395,GA-05,GA-05,AWARD,C,DELIVERY ORDER,,,,,,,U,COST PLUS FIXED FEE,COBRA DANE (CD)AUTOMATED DATA PROCESSING EQUIPMENT-REHOST (ADPE-R) VIRTUAL ADDRESS EXTENSION REPLACEMENT (VAX-R),,1,CT,CRITICAL FUNCTIONS,Z1BC,MAINTENANCE OF RADAR AND NAVIGATIONAL FACILITIES,H,NOT BUNDLED,A7,ELECTRONICS AND COMMUNICATION EQUIPMENT,541715,"RESEARCH AND DEVELOPMENT IN THE PHYSICAL, ENGINEERING, AND LIFE SCIENCES (EXCEPT NANOTECHNOLOGY AND BIOTECHNOLOGY)",C,NO CLAUSES INCLUDED AND NO SUSTAINABILITY INCLUDED,A,U.S. OWNED BUSINESS,000,NONE,Z,NOT IT PRODUCTS OR SERVICES,E,NOT REQUIRED,USA,UNITED STATES,C,NOT A MANUFACTURED END PRODUCT,F,INDIVIDUAL SUBCONTRACT PLAN,C,NOT COMPETED,SSS,ONLY ONE SOURCE,,,NONE,NO PREFERENCE USED,,,,,MES,"MOBILIZATION, ESSENTIAL R&D (FAR 6.302-3)",,D,COMMERCIAL PRODUCTS/SERVICES PROCEDURES NOT USED,f,N,NO,N,NO,N,NO,N,NO,,N,NO,N,NO,N,NO,N,NO,X,NOT APPLICABLE,,,B,IDC,S,SINGLE AWARD,,,,Y,YES,X,NOT APPLICABLE EXEMPT FROM CAS,N,N,U,UNKNOWN,D,NOT CONSOLIDATED,N,NO - SERVICE WHERE PBA IS NOT USED.,N,NO,Z,NOT APPLICABLE,N,NO,X,NOT APPLICABLE,f,f,f,f,f,f,f,f,f,f,f,f,f,f,f,f,f,f,f,OTHER THAN SMALL BUSINESS,O,f,f,f,f,f,f,f,f,f,f,f,f,f,f,f,f,f,CORPORATE TAX EXEMPT,f,t,f,f,f,f,f,f,f,t,f,f,f,f,f,f,f,t,f,f,f,f,f,f,f,f,f,f,f,t,f,f,f,t,f,f,f,f,f,f,f,f,f,f,f,f,f,f,f,f,,,,,,,,,,,https://www.usaspending.gov/award/CONT_AWD_FA872322F9008_9700_FA873021D0001_9700/,2025-09-29
CONT_AWD_FA872324FB008_9700_FA873021D0001_9700,FA872324FB008,9700,DEPT OF DEFENSE,FA873021D0001,,,,,,40090122.00,,40090122.00,64532594.00,2024-09-25,2024,2025-09-25,2025,2024-09-30,2028-11-30,2029-03-31 00:00:00,,2024-05-21,097,Department of Defense,5700,Department of the Air Force,FA8723,FA8723  AFLCMC HBQK C BM,097,Department of Defense,5700,Department of the Air Force,F3LABA,MSL WRNG AND DEF SENSORS,,,,,X,NOT APPLICABLE,,,L3G5SBQ2PLK5,,GEORGIA TECH APPLIED RESEARCH CORP,GEORGIA TECH APPLIED RESEARCH CORPORATION,GTARC,1FEZ4,L3G5SBQ2PLK5,,GEORGIA TECH APPLIED RESEARCH CORP,GEORGIA TECH RESEARCH CORPORATION,USA,UNITED STATES,926 DALNEY ST NW,,ATLANTA,13121,FULTON,13,GA,GEORGIA,30318,GA-05,GA-90,4048946934,4043852081,USA,UNITED STATES,ATLANTA,13121,FULTON,13,GA,GEORGIA,303184999,GA-06,GA-06,AWARD,C,DELIVERY ORDER,,,,,,,U,COST PLUS FIXED FEE,BUILD AND DELIVER 15 TRANSITIONAL RECEIVER EXCITER (T-REX) UNITS PLUS LINE REPLACEMENT UNIT (LRU) SPARES TO COMPLETE A FULL FLEET REPLACEMENT OF LEGACY REXS FOR THE UPGRADED EARLY WARNING RADAR (UEWR) WEAPON SYSTEM.,,1,OT,OTHER FUNCTIONS,R425,SUPPORT- PROFESSIONAL: ENGINEERING/TECHNICAL,H,NOT BUNDLED,,,541715,"RESEARCH AND DEVELOPMENT IN THE PHYSICAL, ENGINEERING, AND LIFE SCIENCES (EXCEPT NANOTECHNOLOGY AND BIOTECHNOLOGY)",C,NO CLAUSES INCLUDED AND NO SUSTAINABILITY INCLUDED,A,U.S. OWNED BUSINESS,000,NONE,Z,NOT IT PRODUCTS OR SERVICES,E,NOT REQUIRED,USA,UNITED STATES,C,NOT A MANUFACTURED END PRODUCT,F,INDIVIDUAL SUBCONTRACT PLAN,C,NOT COMPETED,SSS,ONLY ONE SOURCE,,,NONE,NO PREFERENCE USED,,,,,MES,"MOBILIZATION, ESSENTIAL R&D (FAR 6.302-3)",,D,COMMERCIAL PRODUCTS/SERVICES PROCEDURES NOT USED,f,N,NO,N,NO,N,NO,N,NO,,N,NO,N,NO,N,NO,N,NO,X,NOT APPLICABLE,,,B,IDC,S,SINGLE AWARD,,,,Y,YES,X,NOT APPLICABLE EXEMPT FROM CAS,N,N,,,D,NOT CONSOLIDATED,N,NO - SERVICE WHERE PBA IS NOT USED.,N,NO,Z,NOT APPLICABLE,N,NO,X,NOT APPLICABLE,f,f,f,f,f,f,f,f,f,f,f,f,f,f,f,f,f,f,f,OTHER THAN SMALL BUSINESS,O,f,f,f,f,f,f,f,f,f,f,f,f,f,f,f,f,f,CORPORATE TAX EXEMPT,f,t,f,f,f,f,f,f,f,t,f,f,f,f,f,f,f,t,f,f,f,f,f,f,f,f,f,f,f,t,f,f,f,t,f,f,f,f,f,f,f,f,f,f,f,f,f,f,f,f,,,,,,,,,,,https://www.usaspending.gov/award/CONT_AWD_FA872324FB008_9700_FA873021D0001_9700/,2025-09-25
CONT_AWD_FA873021F0145_9700_FA873021D0001_9700,FA873021F0145,9700,DEPT OF DEFENSE,FA873021D0001,Q: Not Designated Nonemergency/Emergency/Disaster/Wildfire Suppression,,,,,50484711.72,0.00,67905528.00,67905528.00,2021-05-21,2021,2025-08-08,2025,2021-05-24,2025-09-30,2025-09-30 00:00:00,,2021-02-10,097,Department of Defense,5700,Department of the Air Force,FA2371,FA2371 US AWACS AFLCMC/HBS,097,Department of Defense,5700,Department of the Air Force,F2BDBD,F2BDBD AFLCMC WIW,057-2021/2022-3600-000;057-2021/2023-3010-000,057-3010;057-3600,31.0: Equipment,0001: BASIC RESEARCH;0001: COMBAT AIRCRAFT,X,NOT APPLICABLE,,,L3G5SBQ2PLK5,,GEORGIA TECH APPLIED RESEARCH CORP,GEORGIA TECH APPLIED RESEARCH CORPORATION,GTARC,1FEZ4,L3G5SBQ2PLK5,,GEORGIA TECH APPLIED RESEARCH CORP,GEORGIA TECH RESEARCH CORPORATION,USA,UNITED STATES,926 DALNEY ST NW,,ATLANTA,13121,FULTON,13,GA,GEORGIA,30318,GA-05,GA-90,4048946934,4043852081,USA,UNITED STATES,ATLANTA,13121,FULTON,13,GA,GEORGIA,303186395,GA-05,GA-05,AWARD,C,DELIVERY ORDER,,,,,,,U,COST PLUS FIXED FEE,COMMUNICATIONS NETWORK UPGRADE INCREMENT 3 TASK ORDER,,1,OT,OTHER FUNCTIONS,R425,SUPPORT- PROFESSIONAL: ENGINEERING/TECHNICAL,H,NOT BUNDLED,A1C,OTHER AIRCRAFT EQUIPMENT,541715,"RESEARCH AND DEVELOPMENT IN THE PHYSICAL, ENGINEERING, AND LIFE SCIENCES (EXCEPT NANOTECHNOLOGY AND BIOTECHNOLOGY)",C,NO CLAUSES INCLUDED AND NO SUSTAINABILITY INCLUDED,A,U.S. OWNED BUSINESS,277,AWACS BLK 40/45 UPGRADE,Z,NOT IT PRODUCTS OR SERVICES,E,NOT REQUIRED,USA,UNITED STATES,C,NOT A MANUFACTURED END PRODUCT,F,INDIVIDUAL SUBCONTRACT PLAN,C,NOT COMPETED,SSS,ONLY ONE SOURCE,,,NONE,NO PREFERENCE USED,,,,,MES,"MOBILIZATION, ESSENTIAL R&D (FAR 6.302-3)",,D,COMMERCIAL PRODUCTS/SERVICES PROCEDURES NOT USED,f,N,NO,N,NO,N,NO,N,NO,,N,NO,N,NO,N,NO,N,NO,X,NOT APPLICABLE,,,B,IDC,S,SINGLE AWARD,,,,Y,YES,X,NOT APPLICABLE EXEMPT FROM CAS,N,N,U,UNKNOWN,D,NOT CONSOLIDATED,N,NO - SERVICE WHERE PBA IS NOT USED.,N,NO,Z,NOT APPLICABLE,N,NO,X,NOT APPLICABLE,f,f,f,f,f,f,f,f,f,f,f,f,f,f,f,f,f,f,f,OTHER THAN SMALL BUSINESS,O,f,f,f,f,f,f,f,f,f,f,f,f,f,f,f,f,f,CORPORATE TAX EXEMPT,f,t,f,f,f,f,f,f,f,t,f,f,f,f,f,f,f,t,f,f,f,f,f,f,f,f,f,f,f,t,f,f,f,t,f,f,f,f,f,f,f,f,f,f,f,f,f,f,f,f,,,,,,,,,,,https://www.usaspending.gov/award/CONT_AWD_FA873021F0145_9700_FA873021D0001_9700/,2025-08-14
CONT_AWD_FA873023F0045_9700_FA873021D0001_9700,FA873023F0045,9700,DEPT OF DEFENSE,FA873021D0001,,,,,,32643201.80,,32643201.80,32643201.80,2023-02-15,2023,2025-10-07,2026,2023-02-07,2025-12-31,2025-12-31 00:00:00,,2022-09-08,097,Department of Defense,5700,Department of the Air Force,FA2363,FA2363 FMS AWACS AFLCMC/HBI,097,Department of Defense,5700,Department of the Air Force,F2BDAZ,F2BDAZ AFLCMC HBF,,,,,X,NOT APPLICABLE,,,L3G5SBQ2PLK5,,GEORGIA TECH APPLIED RESEARCH CORP,GEORGIA TECH APPLIED RESEARCH CORPORATION,GTARC,1FEZ4,L3G5SBQ2PLK5,,GEORGIA TECH APPLIED RESEARCH CORP,GEORGIA TECH RESEARCH CORPORATION,USA,UNITED STATES,926 DALNEY ST NW,,ATLANTA,13121,FULTON,13,GA,GEORGIA,30318,GA-05,GA-90,4048946934,4043852081,USA,UNITED STATES,ATLANTA,13121,FULTON,13,GA,GEORGIA,303186395,GA-05,GA-05,AWARD,C,DELIVERY ORDER,,,,,,,U,COST PLUS FIXED FEE,MULTI-FUNCTIONAL INFORMATION DISTRIBUTION SYSTEM. (MIDS) JOINT TACTICAL RADIO SYSTEM (JTRS) UPGRADE,FA873022R0110,1,,,5895,MISCELLANEOUS COMMUNICATION EQUIPMENT,H,NOT BUNDLED,,,541715,"RESEARCH AND DEVELOPMENT IN THE PHYSICAL, ENGINEERING, AND LIFE SCIENCES (EXCEPT NANOTECHNOLOGY AND BIOTECHNOLOGY)",C,NO CLAUSES INCLUDED AND NO SUSTAINABILITY INCLUDED,A,U.S. OWNED BUSINESS,277,AWACS BLK 40/45 UPGRADE,Z,NOT IT PRODUCTS OR SERVICES,E,NOT REQUIRED,USA,UNITED STATES,D,MFG IN U.S.,F,INDIVIDUAL SUBCONTRACT PLAN,C,NOT COMPETED,SSS,ONLY ONE SOURCE,,,NONE,NO PREFERENCE USED,,,,,MES,"MOBILIZATION, ESSENTIAL R&D (FAR 6.302-3)",,D,COMMERCIAL PRODUCTS/SERVICES PROCEDURES NOT USED,f,N,NO,N,NO,N,NO,N,NO,,N,NO,N,NO,N,NO,N,NO,X,NOT APPLICABLE,,,B,IDC,S,SINGLE AWARD,,,,Y,YES,X,NOT APPLICABLE EXEMPT FROM CAS,Y,Y,,,D,NOT CONSOLIDATED,X,NOT APPLICABLE,N,NO,A,FAR 52.232-16 PROGRESS PAYMENTS,N,NO,X,NOT APPLICABLE,f,f,f,f,f,f,f,f,f,f,f,f,f,f,f,f,f,f,f,OTHER THAN SMALL BUSINESS,O,f,f,f,f,f,f,f,f,f,f,f,f,f,f,f,f,f,CORPORATE TAX EXEMPT,f,t,f,f,f,f,f,f,f,t,f,f,f,f,f,f,f,t,f,f,f,f,f,f,f,f,f,f,f,t,f,f,f,t,f,f,f,f,f,f,f,f,f,f,f,f,f,f,f,f,,,,,,,,,,,https://www.usaspending.gov/award/CONT_AWD_FA873023F0045_9700_FA873021D0001_9700/,2025-11-25
CONT_AWD_GSQ0517BM0161_4732_GS00Q14OADS740_4732,GSQ0517BM0161,4732,FEDERAL ACQUISITION SERVICE,GS00Q14OADS740,Q: Not Designated Nonemergency/Emergency/Disaster/Wildfire Suppression,,,,,108490905.39,0.00,110391917.00,110391917.00,2017-08-02,2017,2025-05-13,2025,2017-09-23,2024-01-22,2024-01-22 00:00:00,,,047,General Services Administration,4732,Federal Acquisition Service,47QFLA,GSA FAS AAS REGION 5,097,Department of Defense,5700,Department of the Air Force,F4FDAY,F4FDAY AFLCMC WNS,047-X-4534-001,047-4534,25.1: Advisory and assistance services,0850: ASSISTED ACQUISITION SERVICES (AAS) - FLOW-THRU,X,NOT APPLICABLE,,,DFKNPV72S9M4,,"WHITNEY BRADLEY & BROWN, INC.","WHITNEY, BRADLEY & BROWN INC.",,8Z634,Z47NBM1DLAE9,,SERCO LIMITED,WHITNEY BRADLEY & BROWN  INC.,USA,UNITED STATES,12930 WORLDGATE DR STE 600,,HERNDON,51059,FAIRFAX,51,VA,VIRGINIA,201706027,VA-11,VA-11,7034145016,7038216955,USA,UNITED STATES,WARNER ROBINS,13153,HOUSTON,13,GA,GEORGIA,310981118,GA-02,GA-02,AWARD,C,DELIVERY ORDER,,,,,,,J,FIRM FIXED PRICE,JSSMO TASK ORDER IGF::OT::IGF,,1,OT,OTHER FUNCTIONS,AC16,R&D- DEFENSE SYSTEM: AIRCRAFT (MANAGEMENT/SUPPORT),H,NOT BUNDLED,,,541712,"RESEARCH AND DEVELOPMENT IN THE PHYSICAL, ENGINEERING, AND LIFE SCIENCES (EXCEPT BIOTECHNOLOGY)",C,NO CLAUSES INCLUDED AND NO SUSTAINABILITY INCLUDED,A,U.S. OWNED BUSINESS,,,Z,NOT IT PRODUCTS OR SERVICES,E,NOT REQUIRED,USA,UNITED STATES,C,NOT A MANUFACTURED END PRODUCT,B,PLAN NOT REQUIRED,D,FULL AND OPEN COMPETITION AFTER EXCLUSION OF SOURCES,MAFO,SUBJECT TO MULTIPLE AWARD FAIR OPPORTUNITY,,,NONE,NO PREFERENCE USED,,,FAIR,FAIR OPPORTUNITY GIVEN,,,1,D,COMMERCIAL PRODUCTS/SERVICES PROCEDURES NOT USED,f,N,NO,N,NO,Y,YES,N,NO,,N,NO,X,NOT APPLICABLE,N,NO,X,NOT APPLICABLE,B,OTHER STATUTORY AUTHORITY,40 U.S.C. 321 ACQUISITION SERVICES FUND,,B,IDC,M,MULTIPLE AWARD,,,,N,NO,,,Y,Y,,,D,NOT CONSOLIDATED,Y,YES - SERVICE WHERE PBA IS USED.,N,NO,,,N,NO,X,NOT APPLICABLE,f,f,f,f,f,f,f,f,f,f,f,f,f,f,f,f,f,f,f,SMALL BUSINESS,S,f,f,f,f,f,f,f,f,f,f,f,f,f,f,f,f,f,CORPORATE NOT TAX EXEMPT,t,f,f,f,f,f,f,f,f,f,f,f,f,f,f,f,f,t,f,f,f,f,f,f,f,f,f,f,t,f,f,f,f,f,f,f,f,f,f,f,f,f,f,f,f,f,f,f,f,f,GORDON  FOSTER,1008131.00,THOMAS  WATSON,1002141.00,DAVID  CUMMINS,716686.00,KAI  SKVARLA,679906.00,JULIE  VAN LEUNEN,606417.00,https://www.usaspending.gov/award/CONT_AWD_GSQ0517BM0161_4732_GS00Q14OADS740_4732/,2025-05-13
CONT_AWD_GSQ1017EC0034_4732_GS00Q14OADU108_4732,GSQ1017EC0034,4732,FEDERAL ACQUISITION SERVICE,GS00Q14OADU108,Q: Not Designated Nonemergency/Emergency/Disaster/Wildfire Suppression,,,,,20802571.57,0.00,20931120.56,29773398.09,2017-09-29,2017,2024-10-15,2025,2017-09-29,2022-03-31,2022-03-31 00:00:00,,,047,General Services Administration,4732,Federal Acquisition Service,47QFAA,GSA FAS AAS REGION 10,047,General Services Administration,4732,Federal Acquisition Service,47QFAA,GSA FAS AAS REGION 10,047-X-4534-001,047-4534,25.1: Advisory and assistance services,0850: ASSISTED ACQUISITION SERVICES (AAS) - FLOW-THRU,X,NOT APPLICABLE,,,JCBMLGPE6Z71,,BOOZ ALLEN HAMILTON INC,BOOZ ALLEN HAMILTON INC.,,17038,MBPHTU7Y9S65,,BOOZ ALLEN HAMILTON HOLDING CORPORATION,BOOZ ALLEN HAMILTON INC,USA,UNITED STATES,8283 GREENSBORO DR,,MC LEAN,51059,FAIRFAX,51,VA,VIRGINIA,221023830,VA-11,VA-11,7033770195,7039023200,USA,UNITED STATES,WARNER ROBINS,13153,HOUSTON,13,GA,GEORGIA,310981670,GA-02,GA-02,AWARD,C,DELIVERY ORDER,,,,,,,Y,TIME AND MATERIALS,AIR FORCE DISTRIBUTED COMMON GROUND SYSTEM  LIFE CYCLE SUSTAINMENT PROCESS ENGINEERING  PERFORMANCE IMPROVEMENT IGF::OT::IGF,ID10170012,1,OT,OTHER FUNCTIONS,R499,SUPPORT- PROFESSIONAL: OTHER,H,NOT BUNDLED,,,541330,ENGINEERING SERVICES,C,NO CLAUSES INCLUDED AND NO SUSTAINABILITY INCLUDED,A,U.S. OWNED BUSINESS,,,Z,NOT IT PRODUCTS OR SERVICES,E,NOT REQUIRED,USA,UNITED STATES,C,NOT A MANUFACTURED END PRODUCT,C,PLAN REQUIRED - INCENTIVE NOT INCLUDED,A,FULL AND OPEN COMPETITION,MAFO,SUBJECT TO MULTIPLE AWARD FAIR OPPORTUNITY,,,NONE,NO PREFERENCE USED,,,FAIR,FAIR OPPORTUNITY GIVEN,,,1,D,COMMERCIAL PRODUCTS/SERVICES PROCEDURES NOT USED,f,N,NO,N,NO,Y,YES,N,NO,,N,NO,X,NOT APPLICABLE,N,NO,X,NOT APPLICABLE,X,NOT APPLICABLE,,,B,IDC,M,MULTIPLE AWARD,,,,N,NO,,,N,N,,,D,NOT CONSOLIDATED,Y,YES - SERVICE WHERE PBA IS USED.,N,NO,,,N,NO,X,NOT APPLICABLE,f,f,f,f,f,f,f,f,f,f,f,f,f,f,f,f,f,f,f,OTHER THAN SMALL BUSINESS,O,f,f,f,f,f,f,f,f,f,f,f,f,f,f,f,f,f,CORPORATE NOT TAX EXEMPT,t,f,f,f,f,f,f,f,f,f,f,f,f,f,f,f,f,t,f,f,f,f,f,f,f,f,f,f,t,f,f,f,f,f,f,f,f,f,f,f,f,f,f,f,f,f,f,f,f,f,,,,,,,,,,,https://www.usaspending.gov/award/CONT_AWD_GSQ1017EC0034_4732_GS00Q14OADU108_4732/,2024-10-15
CONT_AWD_H9240822F0010_9700_H9240822D0001_9700,H9240822F0010,9700,DEPT OF DEFENSE,H9240822D0001,Q: Not Designated Nonemergency/Emergency/Disaster/Wildfire Suppression,,,,,22635545.00,0.00,28221765.92,28221765.92,2022-07-28,2022,2024-12-28,2025,2022-07-28,2025-06-30,2026-09-27 00:00:00,,2021-10-28,097,Department of Defense,97ZS,U.S. Special Operations Command,H92408,HQ USSOCOM,097,Department of Defense,97ZS,U.S. Special Operations Command,H92408,HQ USSOCOM,097-2022/2023-0400-000;097-2023/2024-0400-000,097-0400,25.1: Advisory and assistance services;25.5: Research and development contracts,009S: MISCELLANEOUS,X,NOT APPLICABLE,,,SJDEB3MKJEW5,,LOCKHEED MARTIN CORP,LOCKHEED MARTIN CORPORATION,,98897,ZFN2JJXBLZT3,,LOCKHEED MARTIN CORP,LOCKHEED MARTIN CORP,USA,UNITED STATES,86 SOUTH COBB DR,,MARIETTA,13067,COBB,13,GA,GEORGIA,300630001,GA-11,GA-11,4106820755,,USA,UNITED STATES,MARIETTA,13067,COBB,13,GA,GEORGIA,300630001,GA-11,GA-11,AWARD,C,DELIVERY ORDER,,,,,,,U,COST PLUS FIXED FEE,OMS,,1,OT,OTHER FUNCTIONS,AC15,NATIONAL DEFENSE R&D SVCS; DEPARTMENT OF DEFENSE - MILITARY; R&D FACILITIES & MAJ EQUIP,H,NOT BUNDLED,A7,ELECTRONICS AND COMMUNICATION EQUIPMENT,334511,"SEARCH, DETECTION, NAVIGATION, GUIDANCE, AERONAUTICAL, AND NAUTICAL SYSTEM AND INSTRUMENT MANUFACTURING",C,NO CLAUSES INCLUDED AND NO SUSTAINABILITY INCLUDED,A,U.S. OWNED BUSINESS,000,NONE,Z,NOT IT PRODUCTS OR SERVICES,E,NOT REQUIRED,USA,UNITED STATES,C,NOT A MANUFACTURED END PRODUCT,B,PLAN NOT REQUIRED,B,NOT AVAILABLE FOR COMPETITION,SSS,ONLY ONE SOURCE,,,NONE,NO PREFERENCE USED,,,,,UNQ,UNIQUE SOURCE (FAR 6.302-1(B)(1)),,D,COMMERCIAL PRODUCTS/SERVICES PROCEDURES NOT USED,f,N,NO,N,NO,X,NOT APPLICABLE,N,NO,,N,NO,Y,YES,X,NOT APPLICABLE,X,NOT APPLICABLE,X,NOT APPLICABLE,,,B,IDC,S,SINGLE AWARD,,,,N,NO,,,N,N,N,NO,D,NOT CONSOLIDATED,N,NO - SERVICE WHERE PBA IS NOT USED.,N,NO,Z,NOT APPLICABLE,N,NO,X,NOT APPLICABLE,f,f,f,f,f,f,f,f,f,f,f,f,f,f,f,f,f,f,f,OTHER THAN SMALL BUSINESS,O,f,f,f,f,f,f,f,f,f,f,f,f,f,f,f,f,f,CORPORATE NOT TAX EXEMPT,t,f,f,f,f,f,f,f,f,f,f,f,t,f,f,f,f,t,f,f,f,f,f,f,f,f,f,f,t,f,f,f,f,f,f,f,f,f,f,f,f,f,f,f,f,f,f,f,f,f,,,,,,,,,,,https://www.usaspending.gov/award/CONT_AWD_H9240822F0010_9700_H9240822D0001_9700/,2024-12-28
CONT_AWD_H9240824F0002_9700_H9240822D0001_9700,H9240824F0002,9700,DEPT OF DEFENSE,H9240822D0001,,,,,,66573300.62,,80073797.58,80073797.58,2024-03-07,2024,2025-06-11,2025,2024-03-01,2027-08-06,2027-08-06 00:00:00,,2023-09-19,097,Department of Defense,97ZS,U.S. Special Operations Command,H92408,HQ USSOCOM,097,Department of Defense,97ZS,U.S. Special Operations Command,H92408,HQ USSOCOM,,,,,X,NOT APPLICABLE,,,SJDEB3MKJEW5,,LOCKHEED MARTIN CORP,LOCKHEED MARTIN CORPORATION,,98897,ZFN2JJXBLZT3,,LOCKHEED MARTIN CORP,LOCKHEED MARTIN CORP,USA,UNITED STATES,86 SOUTH COBB DR,,MARIETTA,13067,COBB,13,GA,GEORGIA,300630001,GA-11,GA-11,4106820755,,USA,UNITED STATES,MARIETTA,13067,COBB,13,GA,GEORGIA,300630001,GA-11,GA-11,AWARD,C,DELIVERY ORDER,,,,,,,U,COST PLUS FIXED FEE,TACTICAL FLIGHT MANAGEMENT SYSTEM (TFMS 2.0),,1,OT,OTHER FUNCTIONS,AC15,NATIONAL DEFENSE R&D SVCS; DEPARTMENT OF DEFENSE - MILITARY; R&D FACILITIES & MAJ EQUIP,H,NOT BUNDLED,,,334511,"SEARCH, DETECTION, NAVIGATION, GUIDANCE, AERONAUTICAL, AND NAUTICAL SYSTEM AND INSTRUMENT MANUFACTURING",C,NO CLAUSES INCLUDED AND NO SUSTAINABILITY INCLUDED,A,U.S. OWNED BUSINESS,000,NONE,Z,NOT IT PRODUCTS OR SERVICES,E,NOT REQUIRED,USA,UNITED STATES,C,NOT A MANUFACTURED END PRODUCT,B,PLAN NOT REQUIRED,B,NOT AVAILABLE FOR COMPETITION,SSS,ONLY ONE SOURCE,,,NONE,NO PREFERENCE USED,,,,,UNQ,UNIQUE SOURCE (FAR 6.302-1(B)(1)),,D,COMMERCIAL PRODUCTS/SERVICES PROCEDURES NOT USED,f,N,NO,N,NO,X,NOT APPLICABLE,N,NO,,N,NO,Y,YES,X,NOT APPLICABLE,X,NOT APPLICABLE,X,NOT APPLICABLE,,,B,IDC,S,SINGLE AWARD,,,,N,NO,Y,YES - CAS CLAUSE INCLUDED,Y,Y,,,D,NOT CONSOLIDATED,N,NO - SERVICE WHERE PBA IS NOT USED.,N,NO,Z,NOT APPLICABLE,N,NO,X,NOT APPLICABLE,f,f,f,f,f,f,f,f,f,f,f,f,f,f,f,f,f,f,f,OTHER THAN SMALL BUSINESS,O,f,f,f,f,f,f,f,f,f,f,f,f,f,f,f,f,f,CORPORATE NOT TAX EXEMPT,t,f,f,f,f,f,f,f,f,f,f,f,t,f,f,f,f,t,f,f,f,f,f,f,f,f,f,f,t,f,f,f,f,f,f,f,f,f,f,f,f,f,f,f,f,f,f,f,f,f,,,,,,,,,,,https://www.usaspending.gov/award/CONT_AWD_H9240824F0002_9700_H9240822D0001_9700/,2025-09-12
CONT_AWD_HC102819C0008_9700_-NONE-_-NONE-,HC102819C0008,,,,Q: Not Designated Nonemergency/Emergency/Disaster/Wildfire Suppression,,,,,42158547.35,0.00,42158547.35,42158547.35,2019-04-26,2019,2025-03-11,2025,2019-04-28,2021-10-31,2021-10-31 00:00:00,,2019-04-19,097,Department of Defense,97AK,Defense Information Systems Agency,HC1084,IT CONTRACTING DIVISION - PL84,097,Department of Defense,97AK,Defense Information Systems Agency,HC1047,DEFENSE INFORMATION SYSTEMS AGENCY,097-X-4930-000,097-4930,"23.3: Communications, utilities, and miscellaneous charges;25.2: Other services from non-Federal sources",OPTN: FIELD IS OPTIONAL PRIOR TO FY21,X,NOT APPLICABLE,,,L3G5SBQ2PLK5,,GEORGIA TECH APPLIED RESEARCH CORP,GEORGIA TECH APPLIED RESEARCH CORPORATION,,1FEZ4,L3G5SBQ2PLK5,,GEORGIA TECH APPLIED RESEARCH CORP,GEORGIA TECH RESEARCH CORPORATION,USA,UNITED STATES,505 10TH ST,,ATLANTA,13121,FULTON,13,GA,GEORGIA,303185775,GA-05,GA-05,4048946934,4043852081,USA,UNITED STATES,ATLANTA,13121,FULTON,13,GA,GEORGIA,303185775,GA-05,GA-05,AWARD,D,DEFINITIVE CONTRACT,,,,,,,U,COST PLUS FIXED FEE,SECURE WEB SERVICES,HC102819R0039,1,OT,OTHER FUNCTIONS,R425,SUPPORT- PROFESSIONAL: ENGINEERING/TECHNICAL,H,NOT BUNDLED,S1,SERVICES,541519,OTHER COMPUTER RELATED SERVICES,C,NO CLAUSES INCLUDED AND NO SUSTAINABILITY INCLUDED,A,U.S. OWNED BUSINESS,000,NONE,Z,NOT IT PRODUCTS OR SERVICES,E,NOT REQUIRED,USA,UNITED STATES,C,NOT A MANUFACTURED END PRODUCT,B,PLAN NOT REQUIRED,C,NOT COMPETED,SSS,ONLY ONE SOURCE,NONE,NO SET ASIDE USED.,NONE,NO PREFERENCE USED,,,,,MES,"MOBILIZATION, ESSENTIAL R&D (FAR 6.302-3)",1,D,COMMERCIAL PRODUCTS/SERVICES PROCEDURES NOT USED,f,N,NO,N,NO,Y,YES,N,NO,0.00,N,NO,X,NOT APPLICABLE,X,NOT APPLICABLE,X,NOT APPLICABLE,X,NOT APPLICABLE,,,,,,,,,,N,NO,Y,YES - CAS CLAUSE INCLUDED,N,N,U,UNKNOWN,D,NOT CONSOLIDATED,Y,YES - SERVICE WHERE PBA IS USED.,N,NO,Z,NOT APPLICABLE,N,NO,X,NOT APPLICABLE,f,f,f,f,f,f,f,f,f,f,f,f,f,f,f,f,f,f,f,OTHER THAN SMALL BUSINESS,O,f,f,f,f,f,f,f,f,f,f,f,f,f,f,f,f,f,CORPORATE TAX EXEMPT,f,t,f,f,f,f,f,f,f,t,f,f,f,f,f,f,f,t,f,f,f,f,f,f,f,f,f,f,f,t,f,f,f,t,f,f,f,f,f,f,f,f,f,f,f,f,f,f,f,f,,,,,,,,,,,https://www.usaspending.gov/award/CONT_AWD_HC102819C0008_9700_-NONE-_-NONE-/,2025-04-24
CONT_AWD_HC102821F1170_9700_HC102817D0001_9700,HC102821F1170,9700,DEPT OF DEFENSE,HC102817D0001,Q: Not Designated Nonemergency/Emergency/Disaster/Wildfire Suppression,,,,,172503499.89,0.00,172503543.56,172503543.56,2021-09-22,2021,2025-09-10,2025,2021-09-30,2026-03-31,2026-03-31 00:00:00,,2021-08-17,097,Department of Defense,97AK,Defense Information Systems Agency,HC1028,IT CONTRACTING DIVISION - PL83,097,Department of Defense,2100,Department of the Army,W91K8Y,W6UX US ARMY CYBER COMMAND,097-X-4930-005,097-4930,25.1: Advisory and assistance services,0801: REIMBURSABLE,X,NOT APPLICABLE,,,FMVPEWNJGLM1,,MICROSOFT CORPORATION,MICROSOFT CORPORATION SITZ IN REDMOND CORPORATION,,60128,FMVPEWNJGLM1,,MICROSOFT CORPORATION,MICROSOFT CORPORATION,USA,UNITED STATES,ONE MICROSOFT WAY,,REDMOND,53033,KING,53,WA,WASHINGTON,980528300,WA-01,WA-01,5713532701,4257086748,USA,UNITED STATES,FORT GORDON,13245,RICHMOND,13,GA,GEORGIA,309055228,GA-12,GA-12,AWARD,C,DELIVERY ORDER,,,,,,,J,FIRM FIXED PRICE,ARMY CYBER COMMANDS MICROSOFT CONSULTING SERVICES AND MICROSOFT PREMIER SUPPORT,HC102816R0024,1,CT,CRITICAL FUNCTIONS,R425,SUPPORT- PROFESSIONAL: ENGINEERING/TECHNICAL,H,NOT BUNDLED,S1,SERVICES,541512,COMPUTER SYSTEMS DESIGN SERVICES,C,NO CLAUSES INCLUDED AND NO SUSTAINABILITY INCLUDED,A,U.S. OWNED BUSINESS,000,NONE,Z,NOT IT PRODUCTS OR SERVICES,E,NOT REQUIRED,USA,UNITED STATES,C,NOT A MANUFACTURED END PRODUCT,B,PLAN NOT REQUIRED,C,NOT COMPETED,SSS,ONLY ONE SOURCE,,,NONE,NO PREFERENCE USED,,,,,ONE,ONLY ONE SOURCE-OTHER (FAR 6.302-1 OTHER),,A,COMMERCIAL PRODUCTS/SERVICES,f,N,NO,N,NO,Y,YES,N,NO,,N,NO,X,NOT APPLICABLE,X,NOT APPLICABLE,X,NOT APPLICABLE,X,NOT APPLICABLE,,,B,IDC,S,SINGLE AWARD,,,,N,NO,,,Y,Y,U,UNKNOWN,D,NOT CONSOLIDATED,Y,YES - SERVICE WHERE PBA IS USED.,N,NO,Z,NOT APPLICABLE,N,NO,X,NOT APPLICABLE,f,f,f,f,f,f,f,f,f,f,f,f,f,f,f,f,f,f,f,OTHER THAN SMALL BUSINESS,O,f,f,f,f,f,f,f,f,f,f,f,f,f,f,f,f,f,CORPORATE NOT TAX EXEMPT,t,f,f,f,f,f,f,f,f,f,f,f,t,f,f,f,f,t,f,f,f,f,f,f,f,f,f,f,t,f,f,f,f,f,f,f,f,f,f,f,f,f,f,f,f,f,f,f,f,f,,,,,,,,,,,https://www.usaspending.gov/award/CONT_AWD_HC102821F1170_9700_HC102817D0001_9700/,2025-09-10
CONT_AWD_HC102822C0006_9700_-NONE-_-NONE-,HC102822C0006,,,,Q: Not Designated Nonemergency/Emergency/Disaster/Wildfire Suppression,,,,,59057001.52,0.00,62662061.34,62662061.34,2022-02-28,2022,2025-08-12,2025,2022-03-01,2025-08-30,2025-08-30 00:00:00,,2022-02-11,097,Department of Defense,97AK,Defense Information Systems Agency,HC1047,DEFENSE INFORMATION SYSTEMS AGENCY,097,Department of Defense,97AK,Defense Information Systems Agency,HC1047,DEFENSE INFORMATION SYSTEMS AGENCY,097-X-4930-005,097-4930,25.7: Operation and maintenance of equipment,0801: REIMBURSABLE,X,NOT APPLICABLE,,,L3G5SBQ2PLK5,,GEORGIA TECH APPLIED RESEARCH CORP,GEORGIA TECH APPLIED RESEARCH CORPORATION,,1FEZ4,L3G5SBQ2PLK5,,GEORGIA TECH APPLIED RESEARCH CORP,GEORGIA TECH RESEARCH CORPORATION,USA,UNITED STATES,926 DALNEY ST NW,,ATLANTA,13121,FULTON,13,GA,GEORGIA,30318,GA-05,GA-90,4048946934,4043852081,USA,UNITED STATES,ATLANTA,13121,FULTON,13,GA,GEORGIA,303180407,GA-06,GA-06,AWARD,D,DEFINITIVE CONTRACT,,,,,,,U,COST PLUS FIXED FEE,ENGINEERING SERVICES SUPPORT,HC102822R0019,1,"CL,CT","CLOSELY ASSOCIATED,CRITICAL FUNCTIONS",DA01,IT AND TELECOM - BUSINESS APPLICATION/APPLICATION DEVELOPMENT SUPPORT SERVICES (LABOR),H,NOT BUNDLED,S1,SERVICES,541511,CUSTOM COMPUTER PROGRAMMING SERVICES,C,NO CLAUSES INCLUDED AND NO SUSTAINABILITY INCLUDED,A,U.S. OWNED BUSINESS,000,NONE,F,NONCOMMERCIAL SERVICE,E,NOT REQUIRED,USA,UNITED STATES,C,NOT A MANUFACTURED END PRODUCT,B,PLAN NOT REQUIRED,C,NOT COMPETED,SSS,ONLY ONE SOURCE,NONE,NO SET ASIDE USED.,NONE,NO PREFERENCE USED,,,,,MES,"MOBILIZATION, ESSENTIAL R&D (FAR 6.302-3)",1,D,COMMERCIAL PRODUCTS/SERVICES PROCEDURES NOT USED,f,N,NO,N,NO,Y,YES,N,NO,0.00,N,NO,X,NOT APPLICABLE,X,NOT APPLICABLE,X,NOT APPLICABLE,X,NOT APPLICABLE,,,,,,,,,,Y,YES,Y,YES - CAS CLAUSE INCLUDED,N,N,U,UNKNOWN,D,NOT CONSOLIDATED,Y,YES - SERVICE WHERE PBA IS USED.,N,NO,Z,NOT APPLICABLE,N,NO,X,NOT APPLICABLE,f,f,f,f,f,f,f,f,f,f,f,f,f,f,f,f,f,f,f,OTHER THAN SMALL BUSINESS,O,f,f,f,f,f,f,f,f,f,f,f,f,f,f,f,f,f,CORPORATE TAX EXEMPT,f,t,f,f,f,f,f,f,f,t,f,f,f,f,f,f,f,t,f,f,f,f,f,f,f,f,f,f,f,t,f,f,f,t,f,f,f,f,f,f,f,f,f,f,f,f,f,f,f,f,,,,,,,,,,,https://www.usaspending.gov/award/CONT_AWD_HC102822C0006_9700_-NONE-_-NONE-/,2025-08-12
CONT_AWD_HC104719F0060_9700_47QTCA18D006H_4732,HC104719F0060,4732,FEDERAL ACQUISITION SERVICE,47QTCA18D006H,Q: Not Designated Nonemergency/Emergency/Disaster/Wildfire Suppression,,,,,35796061.55,0.00,35796061.55,35796061.55,2019-09-10,2019,2025-05-13,2025,2019-09-11,2023-09-10,2023-09-10 00:00:00,,2019-02-07,097,Department of Defense,97AK,Defense Information Systems Agency,HC1084,IT CONTRACTING DIVISION - PL84,097,Department of Defense,97AK,Defense Information Systems Agency,HC1047,DEFENSE INFORMATION SYSTEMS AGENCY,097-X-4930-005,097-4930,25.7: Operation and maintenance of equipment,0801: REIMBURSABLE,X,NOT APPLICABLE,,,MMLKPW9JLX64,,SCIENCE APPLICATIONS INTERNATIONAL CORPORATION,SCIENCE APPLICATIONS INTERNATIONAL CORPORATION,,6XWA8,MMLKPW9JLX64,,SCIENCE APPLICATIONS INTERNATIONAL CORPORATION,SCIENCE APPLICATIONS INTERNATIONAL CORPORATION,USA,UNITED STATES,"12010, SUNSET HILLS ROAD",,RESTON,51059,FAIRFAX,51,VA,VIRGINIA,20190,VA-11,VA-11,2404343058,,USA,UNITED STATES,AUGUSTA,13245,RICHMOND,13,GA,GEORGIA,309010411,GA-12,GA-12,AWARD,C,DELIVERY ORDER,,,,,,,J,FIRM FIXED PRICE,4TH ESTATE GLOBAL SERVICE CENTER,,1,OT,OTHER FUNCTIONS,R499,SUPPORT- PROFESSIONAL: OTHER,H,NOT BUNDLED,S1,SERVICES,541511,CUSTOM COMPUTER PROGRAMMING SERVICES,C,NO CLAUSES INCLUDED AND NO SUSTAINABILITY INCLUDED,A,U.S. OWNED BUSINESS,000,NONE,Z,NOT IT PRODUCTS OR SERVICES,E,NOT REQUIRED,USA,UNITED STATES,C,NOT A MANUFACTURED END PRODUCT,G,COMMERCIAL SUBCONTRACT PLAN,A,FULL AND OPEN COMPETITION,MAFO,SUBJECT TO MULTIPLE AWARD FAIR OPPORTUNITY,,,NONE,NO PREFERENCE USED,,,FAIR,FAIR OPPORTUNITY GIVEN,,,2,A,COMMERCIAL PRODUCTS/SERVICES,f,N,NO,N,NO,Y,YES,N,NO,,N,NO,X,NOT APPLICABLE,N,NO,X,NOT APPLICABLE,X,NOT APPLICABLE,,,C,FSS,M,MULTIPLE AWARD,,,,,,,,Y,Y,U,UNKNOWN,D,NOT CONSOLIDATED,Y,YES - SERVICE WHERE PBA IS USED.,,,Z,NOT APPLICABLE,N,NO,X,NOT APPLICABLE,f,f,f,f,f,f,f,f,f,f,f,f,f,f,f,f,f,f,f,OTHER THAN SMALL BUSINESS,O,f,f,f,f,f,f,f,f,f,f,f,f,f,f,f,f,f,CORPORATE NOT TAX EXEMPT,t,f,f,f,f,f,f,f,f,f,f,f,f,f,f,f,f,t,f,f,f,f,f,f,f,f,f,f,t,f,f,f,f,f,f,f,f,f,f,f,f,f,f,f,f,f,f,f,f,f,,,,,,,,,,,https://www.usaspending.gov/award/CONT_AWD_HC104719F0060_9700_47QTCA18D006H_4732/,2025-05-13
CONT_AWD_HC108423F0156_9700_NNG15SD82B_8000,HC108423F0156,8000,NATIONAL AERONAUTICS AND SPACE ADMINISTRATION,NNG15SD82B,Q: Not Designated Nonemergency/Emergency/Disaster/Wildfire Suppression,,,,,32096568.95,0.00,32096568.95,32096568.95,2023-06-26,2023,2025-01-21,2025,2023-06-26,2025-04-30,2025-04-30 00:00:00,,2023-06-14,097,Department of Defense,97AK,Defense Information Systems Agency,HC1084,IT CONTRACTING DIVISION - PL84,097,Department of Defense,2100,Department of the Army,W81LH7,W6DR PEO C3N,097-X-4930-005,097-4930,31.0: Equipment,0801: REIMBURSABLE,X,NOT APPLICABLE,,,R3G6PWHQRAY5,,FAIRWINDS TECHNOLOGIES LLC,FAIRWINDS TECHNOLOGIES LLC,,7NJG1,R3G6PWHQRAY5,,FAIRWINDS TECHNOLOGIES LLC,FAIRWINDS TECHNOLOGIES LLC,USA,UNITED STATES,6165 GUARDIAN GTWY STE J,,ABERDEEN PROVING GROUND,24025,HARFORD,24,MD,MARYLAND,210051331,MD-01,MD-01,8433446581,,USA,UNITED STATES,AUGUSTA,13245,RICHMOND,13,GA,GEORGIA,309099737,GA-12,GA-12,AWARD,C,DELIVERY ORDER,,,,,,,J,FIRM FIXED PRICE,MVSAT DLA TROPO ARP,,1,,,7G22,"IT AND TELECOM - NETWORK: SATELLITE AND RF COMMUNICATIONS PRODUCTS (HW, PERPETUAL LICENSE SOFTWARE)",H,NOT BUNDLED,,,541519,OTHER COMPUTER RELATED SERVICES,C,NO CLAUSES INCLUDED AND NO SUSTAINABILITY INCLUDED,A,U.S. OWNED BUSINESS,000,NONE,E,COMMERCIAL SERVICE,A,MEETS REQUIREMENTS,USA,UNITED STATES,D,MFG IN U.S.,B,PLAN NOT REQUIRED,D,FULL AND OPEN COMPETITION AFTER EXCLUSION OF SOURCES,MAFO,SUBJECT TO MULTIPLE AWARD FAIR OPPORTUNITY,SBA,SMALL BUSINESS SET ASIDE - TOTAL,NONE,NO PREFERENCE USED,,,CSA,COMPETITIVE SET ASIDE,,,1,A,COMMERCIAL PRODUCTS/SERVICES,f,N,NO,N,NO,Y,YES,N,NO,,N,NO,X,NOT APPLICABLE,X,NOT APPLICABLE,X,NOT APPLICABLE,X,NOT APPLICABLE,,,A,GWAC,M,MULTIPLE AWARD,,,,N,NO,X,NOT APPLICABLE EXEMPT FROM CAS,N,N,,,D,NOT CONSOLIDATED,X,NOT APPLICABLE,,,Z,NOT APPLICABLE,N,NO,X,NOT APPLICABLE,f,f,f,f,f,f,f,f,f,f,f,f,f,f,f,f,f,f,f,SMALL BUSINESS,S,f,f,f,f,f,f,f,f,f,f,f,f,f,f,f,f,f,CORPORATE NOT TAX EXEMPT,t,f,f,f,f,f,f,f,f,f,f,f,f,f,f,f,f,t,f,f,f,f,f,f,f,t,f,f,t,f,f,f,f,f,f,f,f,f,f,f,f,f,f,f,f,f,f,f,f,f,TIMOTHY  HILLNER,380000.00,JAMES  SPRUNGLE,380000.00,JENNIFER  SPRUNGLE,320000.00,ROBERT  MILLER,301768.00,KYLE  KOLWICZ,300000.00,https://www.usaspending.gov/award/CONT_AWD_HC108423F0156_9700_NNG15SD82B_8000/,2025-01-21
CONT_AWD_HHSD200200200732C_7523_-NONE-_-NONE-,HHSD200200200732C,,,,,,,,,186398838.70,,6011710163.08,6787917670.72,2002-09-25,2002,2025-01-08,2025,2002-09-20,2013-09-19,2013-09-19 00:00:00,,,075,Department of Health and Human Services,7523,Centers for Disease Control and Prevention,75D301,CDC OFFICE OF ACQUISITION SERVICES,075,Department of Health and Human Services,7523,Centers for Disease Control and Prevention,75D301,CDC OFFICE OF ACQUISITION SERVICES,,,,,X,NOT APPLICABLE,,,FDY8HPJHHQF3,,"AMERICA'S HEALTH INSURANCE PLANS, INC.",AMERICAS HEALTH INSURANCE PLANS,AHIP,1SDU1,FDY8HPJHHQF3,,"AMERICA'S HEALTH INSURANCE PLANS, INC.",AMERICA'S HEALTH INSURANCE PLANS  INC.,USA,UNITED STATES,601 PENNSYLVANIA AVE NW,,WASHINGTON,11001,DISTRICT OF COLUMBIA,11,DC,DISTRICT OF COLUMBIA,200042601,DC-98,DC-98,,,USA,UNITED STATES,ATLANTA,13089,DEKALB,13,GA,GEORGIA,303412221,GA-04,GA-04,AWARD,D,DEFINITIVE CONTRACT,,,,,,,U,COST PLUS FIXED FEE,"AHIP - VACCINE SAFETY DATALINK, 200-2002-00732",2002N00408,1,,,6640,LABORATORY EQUIPMENT AND SUPPLIES,D,NOT A BUNDLED REQUIREMENT,,,541710,"RESEARCH AND DEVELOPMENT IN THE PHYSICAL, ENGINEERING, AND LIFE SCIENCES",C,NO CLAUSES INCLUDED AND NO SUSTAINABILITY INCLUDED,,,,,,,E,NOT REQUIRED,USA,UNITED STATES,D,MFG IN U.S.,B,PLAN NOT REQUIRED,A,FULL AND OPEN COMPETITION,NP,NEGOTIATED PROPOSAL/QUOTE,NONE,NO SET ASIDE USED.,NONE,NO PREFERENCE USED,,,,,,,1,D,COMMERCIAL PRODUCTS/SERVICES PROCEDURES NOT USED,f,,,,,X,NOT APPLICABLE,,,0.00,N,NO,N,NO,N,NO,N,NO,X,NOT APPLICABLE,,,,,,,,,,,,,,N,N,,,,,X,NOT APPLICABLE,N,NO,,,N,NO,X,NOT APPLICABLE,f,f,f,f,f,f,f,f,f,f,f,f,f,f,f,f,f,f,f,OTHER THAN SMALL BUSINESS,O,f,f,f,f,f,f,f,f,f,f,f,f,f,f,f,f,f,,f,f,f,f,f,f,f,f,f,f,f,f,f,f,f,f,f,f,f,f,f,f,f,f,f,f,f,f,f,t,f,f,f,f,f,f,f,f,f,f,f,f,f,f,f,f,f,f,f,f,,,,,,,,,,,https://www.usaspending.gov/award/CONT_AWD_HHSD200200200732C_7523_-NONE-_-NONE-/,2025-01-08
CONT_AWD_HHSD200200301062C_7523_-NONE-_-NONE-,HHSD200200301062C,,,,,,,,,39286336.59,,342012226.95,425667423.95,2003-03-25,2003,2024-12-10,2025,2003-02-07,2008-10-31,2008-10-31 00:00:00,,,075,Department of Health and Human Services,7523,Centers for Disease Control and Prevention,75D301,CDC OFFICE OF ACQUISITION SERVICES,075,Department of Health and Human Services,7523,Centers for Disease Control and Prevention,75D301,CDC OFFICE OF ACQUISITION SERVICES,,,,,X,NOT APPLICABLE,,,P1DHVE8PH2Q3,,"LEIDOS, INC.",SCIENCE APPLICATIONS INTERNATIONAL CORPORATION,SAIC,0T5L1,ZL41ERXMPAR3,,"LEIDOS HOLDINGS, INC.",LEIDOS  INC.,USA,UNITED STATES,10260 CAMPUS POINT DR,,SAN DIEGO,06073,SAN DIEGO,06,CA,CALIFORNIA,921211522,CA-50,CA-50,,,USA,UNITED STATES,ATLANTA,13089,DEKALB,13,GA,GEORGIA,303292206,GA-04,GA-05,AWARD,D,DEFINITIVE CONTRACT,,,,,,,U,COST PLUS FIXED FEE,SELECT AGENT PROGRAM,2003N00716,1,,,6640,LABORATORY EQUIPMENT AND SUPPLIES,D,NOT A BUNDLED REQUIREMENT,,,541519,OTHER COMPUTER RELATED SERVICES,C,NO CLAUSES INCLUDED AND NO SUSTAINABILITY INCLUDED,,,,,,,E,NOT REQUIRED,USA,UNITED STATES,D,MFG IN U.S.,B,PLAN NOT REQUIRED,A,FULL AND OPEN COMPETITION,NP,NEGOTIATED PROPOSAL/QUOTE,NONE,NO SET ASIDE USED.,NONE,NO PREFERENCE USED,,,,,,,1,D,COMMERCIAL PRODUCTS/SERVICES PROCEDURES NOT USED,f,,,,,X,NOT APPLICABLE,,,0.00,N,NO,N,NO,Y,YES,N,NO,X,NOT APPLICABLE,,,,,,,,,,,,,,N,N,,,,,X,NOT APPLICABLE,N,NO,,,N,NO,X,NOT APPLICABLE,f,f,f,f,f,f,f,f,f,f,f,f,f,f,f,f,f,f,f,OTHER THAN SMALL BUSINESS,O,f,f,f,f,f,f,f,f,f,f,f,f,f,f,f,f,f,,f,f,f,f,f,f,f,f,f,f,f,f,f,f,f,f,f,f,f,f,f,f,f,f,f,f,f,f,f,f,f,f,f,f,f,f,f,f,f,f,f,f,f,f,f,f,f,f,f,f,,,,,,,,,,,https://www.usaspending.gov/award/CONT_AWD_HHSD200200301062C_7523_-NONE-_-NONE-/,2024-12-10
CONT_AWD_HHSD200200410182C_7523_-NONE-_-NONE-,HHSD200200410182C,,,,,,,,,36366464.98,,342375279.53,622019089.47,2004-08-31,2004,2024-12-09,2025,2004-09-01,2011-10-07,2011-10-07 00:00:00,,,075,Department of Health and Human Services,7523,Centers for Disease Control and Prevention,75D301,CDC OFFICE OF ACQUISITION SERVICES,075,Department of Health and Human Services,7523,Centers for Disease Control and Prevention,75D301,CDC OFFICE OF ACQUISITION SERVICES,,,,,X,NOT APPLICABLE,,,GC6GBCAWABZ1,,"CONSTELLA GROUP, LLC",CONSTELLA GROUP LIMITED LIABILITY COMPANY (3325),,0LBY9,TMM7H4CCMWN7,,STERLING PARENT INC.,STERLING PARENT INC.,USA,UNITED STATES,2605 MERIDIAN PKWY # 200,,DURHAM,37063,DURHAM,37,NC,NORTH CAROLINA,277135254,,NC-04,,,USA,UNITED STATES,ATLANTA,13089,DEKALB,13,GA,GEORGIA,303415539,GA-04,GA-04,AWARD,D,DEFINITIVE CONTRACT,,,,,,,R,COST PLUS AWARD FEE,CONSTELLA/200-2004-10182/VAERS,2004N01182,1,,,D308,IT AND TELECOM- PROGRAMMING,D,NOT A BUNDLED REQUIREMENT,,,541710,"RESEARCH AND DEVELOPMENT IN THE PHYSICAL, ENGINEERING, AND LIFE SCIENCES",C,NO CLAUSES INCLUDED AND NO SUSTAINABILITY INCLUDED,,,,,,,E,NOT REQUIRED,USA,UNITED STATES,C,NOT A MANUFACTURED END PRODUCT,B,PLAN NOT REQUIRED,A,FULL AND OPEN COMPETITION,NP,NEGOTIATED PROPOSAL/QUOTE,NONE,NO SET ASIDE USED.,NONE,NO PREFERENCE USED,,,,,,,1,D,COMMERCIAL PRODUCTS/SERVICES PROCEDURES NOT USED,f,N,NO,N,NO,Y,YES,,,0.00,Y,YES,Y,YES,N,NO,X,NOT APPLICABLE,X,NOT APPLICABLE,,,,,,,,,,,,X,NOT APPLICABLE EXEMPT FROM CAS,N,N,,,N,NO,N,NO - SERVICE WHERE PBA IS NOT USED.,Y,YES,,,N,NO,X,NOT APPLICABLE,f,f,f,f,f,f,f,f,f,f,f,f,f,f,f,f,f,f,f,OTHER THAN SMALL BUSINESS,O,f,f,f,f,f,f,f,f,f,f,f,f,f,f,f,f,f,,f,f,f,f,f,f,f,f,f,f,f,f,f,f,f,f,f,f,f,f,f,f,f,f,f,f,f,f,f,f,f,f,f,f,f,f,f,f,f,f,f,f,f,f,f,f,f,f,f,f,DR. STANTON D. SLOANE,1815679.00,MR. TIMOTHY J. ATKIN,866752.00,MR. RICHARD J. NADEAU,1089461.00,MR. JOSEPH P. BURKE,751060.00,MR. JEFFREY J. RYDANT,1023114.00,https://www.usaspending.gov/award/CONT_AWD_HHSD200200410182C_7523_-NONE-_-NONE-/,2024-12-09
CONT_AWD_HHSD200200720594C_7523_-NONE-_-NONE-,HHSD200200720594C,,,,,,,,,85470924.59,,391622443.02,557045842.20,2007-09-14,2007,2024-12-17,2025,2007-09-15,2012-09-14,2012-09-14 00:00:00,,,075,Department of Health and Human Services,7523,Centers for Disease Control and Prevention,75D301,CDC OFFICE OF ACQUISITION SERVICES,075,Department of Health and Human Services,7523,Centers for Disease Control and Prevention,75D301,CDC OFFICE OF ACQUISITION SERVICES,,,,,X,NOT APPLICABLE,,,FTZHLEADDKR9,,FOUR SEASONS ENVIRONMENTAL INC,FOUR SEASONS ENVIRONMENTAL INCORPORATED,,02PC7,FTZHLEADDKR9,,FOUR SEASONS ENVIRONMENTAL INC,FOUR SEASONS ENVIRONMENTAL  INC.,USA,UNITED STATES,60A AMERICAN WAY,,MONROE,39017,BUTLER,39,OH,OHIO,450501243,OH-08,OH-08,,,USA,UNITED STATES,ATLANTA,13089,DEKALB,13,GA,GEORGIA,303294018,GA-05,GA-05,AWARD,D,DEFINITIVE CONTRACT,,,,,,,U,COST PLUS FIXED FEE,O&M SERVICES,2005N01708,1,,,M299,OPER OF GOVT ALL OTH NON-BLDG FACS,D,NOT A BUNDLED REQUIREMENT,,,561210,FACILITIES SUPPORT SERVICES,C,NO CLAUSES INCLUDED AND NO SUSTAINABILITY INCLUDED,,,,,,,E,NOT REQUIRED,USA,UNITED STATES,C,NOT A MANUFACTURED END PRODUCT,B,PLAN NOT REQUIRED,D,FULL AND OPEN COMPETITION AFTER EXCLUSION OF SOURCES,NP,NEGOTIATED PROPOSAL/QUOTE,SBA,SMALL BUSINESS SET ASIDE - TOTAL,NONE,NO PREFERENCE USED,,,,,,,4,D,COMMERCIAL PRODUCTS/SERVICES PROCEDURES NOT USED,f,N,NO,N,NO,Y,YES,,,0.00,N,NO,X,NOT APPLICABLE,Y,YES,X,NOT APPLICABLE,X,NOT APPLICABLE,,,,,,,,,,,,X,NOT APPLICABLE EXEMPT FROM CAS,N,N,,,N,NO,N,NO - SERVICE WHERE PBA IS NOT USED.,Y,YES,,,N,NO,X,NOT APPLICABLE,f,f,f,f,f,t,f,f,f,f,f,f,f,f,f,f,f,f,f,SMALL BUSINESS,S,f,f,f,f,f,f,f,f,f,f,f,f,f,f,f,f,f,,f,f,f,f,f,f,f,f,f,f,f,f,f,f,f,f,f,f,f,f,f,f,f,f,f,f,f,f,f,f,f,f,f,f,f,f,f,f,f,f,f,f,f,f,f,f,f,f,f,f,REED D TARKINGTON,363727.00,CHRISTEL  SKORUP,309799.00,RORY P COUSINO,305649.00,DARREN  DEAN,226015.00,WES  TARKINGTON,199018.00,https://www.usaspending.gov/award/CONT_AWD_HHSD200200720594C_7523_-NONE-_-NONE-/,2024-12-17
CONT_AWD_HHSD200200828045C_7523_-NONE-_-NONE-,HHSD200200828045C,,,,Q: Not Designated Nonemergency/Emergency/Disaster/Wildfire Suppression,,,,,133905814.58,0.00,187083369.24,264096207.24,2008-09-26,2008,2025-03-31,2025,2008-09-30,2019-08-30,2019-08-30 00:00:00,,,075,Department of Health and Human Services,7523,Centers for Disease Control and Prevention,75D301,CDC OFFICE OF ACQUISITION SERVICES,075,Department of Health and Human Services,7523,Centers for Disease Control and Prevention,75D301,CDC OFFICE OF ACQUISITION SERVICES,075-2015/2019-0943-000;075-2016/2016-0943-000;075-2016/2016-0951-000;075-2017/2017-0951-000;075-2018/2018-0949-000;075-2018/2018-0951-000;075-2018/2018-0959-000;075-X-0140-000;075-X-0943-000;075-X-0951-000,075-0140;075-0943;075-0949;075-0951;075-0959,21.0: Travel and transportation of persons;25.6: Medical care;26.0: Supplies and materials,0001: PUBLIC HEALTH AND SOCIAL SERVICES EMERGENCY FUND;0002: CDC WIDE ACTIVITIES AND PROGRAM SUPPORT (0943);0005: EMERGING AND ZOONOTIC INFECTIOUS DISEASES (0949);0013: IMMUNIZATION AND RESPIRATORY DISEASES (0951);0020: PUBLIC HEALTH SCIENTIFIC SERVICES (0959);0022: EBOLA (EMERGENCY PURSUANT TO 2011 BCA),X,NOT APPLICABLE,,,KT4MLLHK99V6,,AMERICAN TYPE CULTURE COLLECTION,AMERICAN TYPE CULTURE COLLECTION,,31101,KT4MLLHK99V6,,AMERICAN TYPE CULTURE COLLECTION,AMERICAN TYPE CULTURE COLLECTION,USA,UNITED STATES,10801 UNIVERSITY BLVD,,MANASSAS,51153,PRINCE WILLIAM,51,VA,VIRGINIA,201102204,VA-10,VA-10,7033652700,7033652779,USA,UNITED STATES,ATLANTA,13089,DEKALB,13,GA,GEORGIA,303294018,GA-05,GA-05,AWARD,D,DEFINITIVE CONTRACT,,,,,,,U,COST PLUS FIXED FEE,IRR,2008N10242,1,,,Q301,REFERENCE LABORATORY TESTING,D,NOT A BUNDLED REQUIREMENT,,,541712,"RESEARCH AND DEVELOPMENT IN THE PHYSICAL, ENGINEERING, AND LIFE SCIENCES (EXCEPT BIOTECHNOLOGY)",C,NO CLAUSES INCLUDED AND NO SUSTAINABILITY INCLUDED,A,U.S. OWNED BUSINESS,,,,,E,NOT REQUIRED,USA,UNITED STATES,C,NOT A MANUFACTURED END PRODUCT,C,PLAN REQUIRED - INCENTIVE NOT INCLUDED,A,FULL AND OPEN COMPETITION,NP,NEGOTIATED PROPOSAL/QUOTE,NONE,NO SET ASIDE USED.,NONE,NO PREFERENCE USED,,,,,,,2,D,COMMERCIAL PRODUCTS/SERVICES PROCEDURES NOT USED,f,N,NO,N,NO,Y,YES,N,NO,0.00,N,NO,N,NO,N,NO,N,NO,X,NOT APPLICABLE,,,,,,,,,,N,NO,N,NO - CAS WAIVER APPROVED,N,N,,,N,NO,N,NO - SERVICE WHERE PBA IS NOT USED.,N,NO,,,N,NO,X,NOT APPLICABLE,f,f,f,f,f,f,f,f,f,f,f,f,f,f,f,f,f,f,f,OTHER THAN SMALL BUSINESS,O,f,f,f,f,f,f,f,f,f,f,f,f,f,f,f,f,f,CORPORATE TAX EXEMPT,f,t,f,f,f,f,f,f,f,f,f,f,t,f,f,f,f,t,f,f,f,f,f,f,f,f,f,f,f,f,t,f,f,f,f,f,f,f,f,f,f,f,f,f,f,f,f,f,f,f,,,,,,,,,,,https://www.usaspending.gov/award/CONT_AWD_HHSD200200828045C_7523_-NONE-_-NONE-/,2025-03-31
CONT_AWD_HHSD2002010371980003_7523_HHSD200201037198I_7523,HHSD2002010371980003,7523,CENTERS FOR DISEASE CONTROL AND PREVENTION,HHSD200201037198I,,,,,,61053157.62,0.00,61465506.91,61465506.91,2011-09-29,2011,2024-11-25,2025,2011-09-30,2015-11-03,2015-11-03 00:00:00,,,075,Department of Health and Human Services,7523,Centers for Disease Control and Prevention,75D301,CDC OFFICE OF ACQUISITION SERVICES,075,Department of Health and Human Services,7523,Centers for Disease Control and Prevention,75D301,CDC OFFICE OF ACQUISITION SERVICES,075-2012/2012-0943-000,075-0943,25.2: Other services from non-Federal sources,,X,NOT APPLICABLE,,,JCBMLGPE6Z71,,BOOZ ALLEN HAMILTON INC,BOOZ ALLEN HAMILTON INC.,,17038,MBPHTU7Y9S65,,BOOZ ALLEN HAMILTON HOLDING CORPORATION,BOOZ ALLEN HAMILTON INC,USA,UNITED STATES,8283 GREENSBORO DR,,MCLEAN,51059,FAIRFAX,51,VA,VIRGINIA,221023830,VA-11,VA-11,7033770667,7039023200,USA,UNITED STATES,ATLANTA,13089,DEKALB,13,GA,GEORGIA,303292206,GA-04,GA-05,AWARD,C,DELIVERY ORDER,,,,,,,Y,TIME AND MATERIALS,MISO INFORMATION MANAGEMENT SUPPORT SERVICES,2010N11852,1,,,D399,IT AND TELECOM- OTHER IT AND TELECOMMUNICATIONS,D,NOT A BUNDLED REQUIREMENT,,,541512,COMPUTER SYSTEMS DESIGN SERVICES,C,NO CLAUSES INCLUDED AND NO SUSTAINABILITY INCLUDED,A,U.S. OWNED BUSINESS,,,,,E,NOT REQUIRED,USA,UNITED STATES,C,NOT A MANUFACTURED END PRODUCT,,,A,FULL AND OPEN COMPETITION,MAFO,SUBJECT TO MULTIPLE AWARD FAIR OPPORTUNITY,,,NONE,NO PREFERENCE USED,,,FAIR,FAIR OPPORTUNITY GIVEN,,,3,A,COMMERCIAL PRODUCTS/SERVICES,f,N,NO,N,NO,Y,YES,N,NO,0.00,N,NO,X,NOT APPLICABLE,X,NOT APPLICABLE,X,NOT APPLICABLE,X,NOT APPLICABLE,,,B,IDC,M,MULTIPLE AWARD,,,,,,,,N,N,,,N,NO,Y,YES - SERVICE WHERE PBA IS USED.,N,NO,,,N,NO,X,NOT APPLICABLE,f,f,f,f,f,f,f,f,f,f,f,f,f,f,f,f,f,f,f,OTHER THAN SMALL BUSINESS,O,f,f,f,f,f,f,f,f,f,f,f,f,f,f,f,f,f,CORPORATE NOT TAX EXEMPT,t,f,f,f,f,f,f,f,f,f,f,f,f,f,f,f,f,t,f,f,f,f,f,f,f,f,f,f,t,f,f,f,f,f,f,f,f,f,f,f,f,f,f,f,f,f,f,f,f,f,,,,,,,,,,,https://www.usaspending.gov/award/CONT_AWD_HHSD2002010371980003_7523_HHSD200201037198I_7523/,2024-11-25
CONT_AWD_HHSD2002010371980009_7523_HHSD200201037198I_7523,HHSD2002010371980009,7523,CENTERS FOR DISEASE CONTROL AND PREVENTION,HHSD200201037198I,L: Emergency P.L. 116-123;Q: Not Designated Nonemergency/Emergency/Disaster/Wildfire Suppression,586729.90,982968.50,,,84957884.56,586729.90,199040838.62,204705555.76,2015-09-11,2015,2024-12-20,2025,2015-09-04,2020-09-03,2020-11-03 00:00:00,,,075,Department of Health and Human Services,7523,Centers for Disease Control and Prevention,75D301,CDC OFFICE OF ACQUISITION SERVICES,075,Department of Health and Human Services,7523,Centers for Disease Control and Prevention,75D301,CDC OFFICE OF ACQUISITION SERVICES,075-075-X-0125-009;075-075-X-0512-009;075-2015/2019-0943-000;075-2016/2016-0952-000;075-2017/2017-0949-000;075-2018/2018-0943-000;075-2018/2018-0944-000;075-2018/2018-0947-000;075-2018/2018-0948-000;075-2018/2018-0949-000;075-2018/2018-0950-000;075-2018/2018-0951-000;075-2018/2018-0952-000;075-2018/2018-0955-000;075-2018/2018-0956-000;075-2019/2019-0943-000;075-2019/2019-0947-000;075-2019/2019-0949-000;075-2019/2019-0950-000;075-2019/2019-0951-000;075-2019/2019-0952-000;075-2019/2019-0955-000;075-2019/2019-0956-000;075-2019/2019-0959-000;075-2020/2022-0943-000;075-X-0140-000;075-X-4553-000;075-X-8250-000,075-0125;075-0140;075-0512;075-0943;075-0944;075-0947;075-0948;075-0949;075-0950;075-0951;075-0952;075-0955;075-0956;075-0959;075-4553;075-8250,25.1: Advisory and assistance services;25.2: Other services from non-Federal sources,0002: CDC WIDE ACTIVITIES AND PROGRAM SUPPORT (0943);0015: INJURY PREVENTION AND CONTROL (0952);0801: CDC WORKING CAPITAL FUND (REIMBURSABLE),X,NOT APPLICABLE,,,JCBMLGPE6Z71,,BOOZ ALLEN HAMILTON INC,BOOZ ALLEN HAMILTON INC.,,17038,MBPHTU7Y9S65,,BOOZ ALLEN HAMILTON HOLDING CORPORATION,BOOZ ALLEN HAMILTON INC,USA,UNITED STATES,8283 GREENSBORO DR,,MCLEAN,51059,FAIRFAX,51,VA,VIRGINIA,221023830,VA-11,VA-11,7033770667,7039023200,USA,UNITED STATES,ATLANTA,13089,DEKALB,13,GA,GEORGIA,303413717,GA-04,GA-04,AWARD,C,DELIVERY ORDER,,,,,,,Y,TIME AND MATERIALS,CIMS - CDC APPLICATION PORTFOLIO SUPPORT SERVICES (CAPSS) IGF::OT::IGF,2010N11852,1,OT,OTHER FUNCTIONS,D399,IT AND TELECOM- OTHER IT AND TELECOMMUNICATIONS,D,NOT A BUNDLED REQUIREMENT,,,541512,COMPUTER SYSTEMS DESIGN SERVICES,C,NO CLAUSES INCLUDED AND NO SUSTAINABILITY INCLUDED,A,U.S. OWNED BUSINESS,,,,,E,NOT REQUIRED,USA,UNITED STATES,C,NOT A MANUFACTURED END PRODUCT,,,A,FULL AND OPEN COMPETITION,MAFO,SUBJECT TO MULTIPLE AWARD FAIR OPPORTUNITY,,,NONE,NO PREFERENCE USED,,,FAIR,FAIR OPPORTUNITY GIVEN,,,5,A,COMMERCIAL PRODUCTS/SERVICES,f,N,NO,N,NO,Y,YES,N,NO,,N,NO,X,NOT APPLICABLE,X,NOT APPLICABLE,X,NOT APPLICABLE,X,NOT APPLICABLE,,,B,IDC,M,MULTIPLE AWARD,,,,,,,,N,N,,,N,NO,Y,YES - SERVICE WHERE PBA IS USED.,N,NO,,,N,NO,C,"PRESIDENTIAL ISSUED EMERGENCY DECLARATION, OR A MAJOR DISASTER DECLARATION",f,f,f,f,f,f,f,f,f,f,f,f,f,f,f,f,f,f,f,OTHER THAN SMALL BUSINESS,O,f,f,f,f,f,f,f,f,f,f,f,f,f,f,f,f,f,CORPORATE NOT TAX EXEMPT,t,f,f,f,f,f,f,f,f,f,f,f,f,f,f,f,f,t,f,f,f,f,f,f,f,f,f,f,t,f,f,f,f,f,f,f,f,f,f,f,f,f,f,f,f,f,f,f,f,f,,,,,,,,,,,https://www.usaspending.gov/award/CONT_AWD_HHSD2002010371980009_7523_HHSD200201037198I_7523/,2024-12-20
CONT_AWD_HHSD2002010371980016_7523_HHSD200201037198I_7523,HHSD2002010371980016,7523,CENTERS FOR DISEASE CONTROL AND PREVENTION,HHSD200201037198I,C: Emergency P.L. 115-123;Q: Not Designated Nonemergency/Emergency/Disaster/Wildfire Suppression,,,,,35387409.21,0.00,37217350.79,49330099.59,2016-09-30,2016,2024-12-19,2025,2016-09-30,2021-03-28,2021-03-28 00:00:00,,,075,Department of Health and Human Services,7523,Centers for Disease Control and Prevention,75D301,CDC OFFICE OF ACQUISITION SERVICES,075,Department of Health and Human Services,7523,Centers for Disease Control and Prevention,75D301,CDC OFFICE OF ACQUISITION SERVICES,075-019-2016/2020-1031-001;075-075-X-0125-009;075-2015/2019-0943-000;075-2016/2016-0943-000;075-2016/2016-0949-000;075-2016/2016-0951-000;075-2017/2017-0943-000;075-2017/2017-0949-000;075-2017/2017-0950-000;075-2017/2017-0951-000;075-2017/2017-0952-000;075-2017/2017-0955-000;075-2017/2017-0956-000;075-2017/2018-0955-000;075-2018/2018-0943-000;075-2018/2018-0949-000;075-2018/2018-0950-000;075-2018/2018-0951-000;075-2018/2018-0955-000;075-2018/2018-0956-000;075-2018/2018-0959-000;075-2018/2019-0952-000;075-2018/2020-0943-000;075-2019/2019-0943-000;075-2019/2019-0949-000;075-2019/2019-0950-000;075-2019/2019-0955-000;075-2019/2019-0956-000;075-2019/2019-0959-000;075-2020/2020-0948-000;075-2020/2020-0949-000;075-2020/2020-0952-000;075-X-0945-000;075-X-0949-000;075-X-0951-000;075-X-0956-000;075-X-8250-000,019-1031;075-0125;075-0943;075-0945;075-0948;075-0949;075-0950;075-0951;075-0952;075-0955;075-0956;075-0959;075-8250,25.1: Advisory and assistance services,"0001: DIRECT GLOBAL HEALTH PROGRAM ACTIVITY;0001: DIRECT PROGRAM ACTIVITY;0001: NONRECURRING EXPENSES FUND PROJECTS;0002: CDC WIDE ACTIVITIES AND PROGRAM SUPPORT (0943);0002: GIFTS;0004: CHRONIC DISEASE PREVENTION AND HEALTH PROMOTION (0948);0005: EMERGING AND ZOONOTIC INFECTIOUS DISEASES (0949);0008: GLOBAL HEALTH (0955);0012: HIV/AIDS, VIRAL HEPATITIS, STD AND TB PREVENTION (0950);0013: IMMUNIZATION AND RESPIRATORY DISEASES (0951);0015: INJURY PREVENTION AND CONTROL (0952);0019: PUBLIC HEALTH PREPAREDNESS AND RESPONSE (0956);0020: PUBLIC HEALTH SCIENTIFIC SERVICES (0959);0022: EBOLA (EMERGENCY PURSUANT TO 2011 BCA)",X,NOT APPLICABLE,,,JCBMLGPE6Z71,,BOOZ ALLEN HAMILTON INC,BOOZ ALLEN HAMILTON INC.,,17038,MBPHTU7Y9S65,,BOOZ ALLEN HAMILTON HOLDING CORPORATION,BOOZ ALLEN HAMILTON INC,USA,UNITED STATES,8283 GREENSBORO DR,,MCLEAN,51059,FAIRFAX,51,VA,VIRGINIA,221023830,VA-11,VA-11,7033770667,7039023200,USA,UNITED STATES,ATLANTA,13089,DEKALB,13,GA,GEORGIA,303292206,GA-04,GA-05,AWARD,C,DELIVERY ORDER,,,,,,,Y,TIME AND MATERIALS,IGF::OT::IGF CDC INFORMATION MANAGEMENT SERVICES (CIMS) BASIC CONTRACT,2016Q66114,1,OT,OTHER FUNCTIONS,R499,SUPPORT- PROFESSIONAL: OTHER,D,NOT A BUNDLED REQUIREMENT,,,541512,COMPUTER SYSTEMS DESIGN SERVICES,C,NO CLAUSES INCLUDED AND NO SUSTAINABILITY INCLUDED,A,U.S. OWNED BUSINESS,,,,,E,NOT REQUIRED,USA,UNITED STATES,C,NOT A MANUFACTURED END PRODUCT,,,A,FULL AND OPEN COMPETITION,MAFO,SUBJECT TO MULTIPLE AWARD FAIR OPPORTUNITY,,,NONE,NO PREFERENCE USED,,,FAIR,FAIR OPPORTUNITY GIVEN,,,2,A,COMMERCIAL PRODUCTS/SERVICES,f,N,NO,N,NO,Y,YES,N,NO,,N,NO,X,NOT APPLICABLE,X,NOT APPLICABLE,X,NOT APPLICABLE,X,NOT APPLICABLE,,,B,IDC,M,MULTIPLE AWARD,,,,,,,,N,N,,,N,NO,Y,YES - SERVICE WHERE PBA IS USED.,N,NO,,,N,NO,C,"PRESIDENTIAL ISSUED EMERGENCY DECLARATION, OR A MAJOR DISASTER DECLARATION",f,f,f,f,f,f,f,f,f,f,f,f,f,f,f,f,f,f,f,OTHER THAN SMALL BUSINESS,O,f,f,f,f,f,f,f,f,f,f,f,f,f,f,f,f,f,CORPORATE NOT TAX EXEMPT,t,f,f,f,f,f,f,f,f,f,f,f,f,f,f,f,f,t,f,f,f,f,f,f,f,f,f,f,t,f,f,f,f,f,f,f,f,f,f,f,f,f,f,f,f,f,f,f,f,f,,,,,,,,,,,https://www.usaspending.gov/award/CONT_AWD_HHSD2002010371980016_7523_HHSD200201037198I_7523/,2024-12-19
CONT_AWD_HHSD2002010372080008_7523_HHSD200201037208I_7523,HHSD2002010372080008,7523,CENTERS FOR DISEASE CONTROL AND PREVENTION,HHSD200201037208I,Q: Not Designated Nonemergency/Emergency/Disaster/Wildfire Suppression,,,,,45245423.20,0.00,641312470.16,643374029.78,2014-02-06,2014,2024-12-12,2025,2014-01-01,2017-07-31,2017-07-31 00:00:00,,,075,Department of Health and Human Services,7523,Centers for Disease Control and Prevention,75D301,CDC OFFICE OF ACQUISITION SERVICES,075,Department of Health and Human Services,7523,Centers for Disease Control and Prevention,75D301,CDC OFFICE OF ACQUISITION SERVICES,075-2014/2014-0948-000;075-2015/2015-0948-000;075-2016/2016-0948-000;075-2017/2017-0943-000;075-2017/2017-0948-000,075-0943;075-0948,25.1: Advisory and assistance services,0004: CHRONIC DISEASE PREVENTION AND HEALTH PROMOTION (0948),X,NOT APPLICABLE,,,HYWMRA3B7T75,,"DB CONSULTING GROUP, INC.","DB CONSULTING GROUP, INC.",,3CD16,HYWMRA3B7T75,,"DB CONSULTING GROUP, INC.",DB CONSULTING GROUP  INC.,USA,UNITED STATES,8403 COLESVILLE RD STE 1000,,SILVER SPRING,24031,MONTGOMERY,24,MD,MARYLAND,209106378,MD-08,MD-08,3015894020,3015894122,USA,UNITED STATES,ATLANTA,13089,DEKALB,13,GA,GEORGIA,303292206,GA-04,GA-05,AWARD,C,DELIVERY ORDER,,,,,,,Y,TIME AND MATERIALS,IGF::CL::IGF IM SERVICES SUPPORT NCCPDHP,2010N11852,1,OT,OTHER FUNCTIONS,D306,IT AND TELECOM- SYSTEMS ANALYSIS,D,NOT A BUNDLED REQUIREMENT,,,541512,COMPUTER SYSTEMS DESIGN SERVICES,C,NO CLAUSES INCLUDED AND NO SUSTAINABILITY INCLUDED,A,U.S. OWNED BUSINESS,,,,,E,NOT REQUIRED,USA,UNITED STATES,C,NOT A MANUFACTURED END PRODUCT,,,A,FULL AND OPEN COMPETITION,MAFO,SUBJECT TO MULTIPLE AWARD FAIR OPPORTUNITY,,,NONE,NO PREFERENCE USED,,,FAIR,FAIR OPPORTUNITY GIVEN,,,2,A,COMMERCIAL PRODUCTS/SERVICES,f,N,NO,N,NO,Y,YES,N,NO,0.00,N,NO,X,NOT APPLICABLE,X,NOT APPLICABLE,X,NOT APPLICABLE,X,NOT APPLICABLE,,,B,IDC,M,MULTIPLE AWARD,,,,,,,,N,N,,,N,NO,N,NO - SERVICE WHERE PBA IS NOT USED.,N,NO,,,N,NO,X,NOT APPLICABLE,f,f,f,f,f,f,f,f,f,f,f,f,t,f,f,t,f,f,f,SMALL BUSINESS,S,f,f,f,f,f,f,f,f,f,f,f,f,f,f,f,f,f,CORPORATE NOT TAX EXEMPT,t,f,f,f,f,f,f,f,f,f,f,f,f,f,f,f,f,t,f,f,f,f,f,f,f,f,f,f,t,f,f,f,f,f,f,f,f,f,f,f,f,f,f,f,f,t,t,f,f,f,,,,,,,,,,,https://www.usaspending.gov/award/CONT_AWD_HHSD2002010372080008_7523_HHSD200201037208I_7523/,2024-12-12
CONT_AWD_HHSD2002010372090003_7523_HHSD200201037209I_7523,HHSD2002010372090003,7523,CENTERS FOR DISEASE CONTROL AND PREVENTION,HHSD200201037209I,Q: Not Designated Nonemergency/Emergency/Disaster/Wildfire Suppression,,,,,123644749.08,0.00,137842168.35,147842168.35,2014-07-22,2014,2024-12-06,2025,2014-06-25,2020-09-29,2020-09-29 00:00:00,,,075,Department of Health and Human Services,7523,Centers for Disease Control and Prevention,75D301,CDC OFFICE OF ACQUISITION SERVICES,075,Department of Health and Human Services,7523,Centers for Disease Control and Prevention,75D301,CDC OFFICE OF ACQUISITION SERVICES,075-075-X-0125-009;075-075-X-0512-009;075-2015/2019-0943-000;075-2017/2017-0949-000;075-2017/2017-0951-000;075-2017/2017-0956-000;075-2018/2018-0943-000;075-2018/2018-0949-000;075-2018/2018-0956-000;075-2018/2019-0952-000;075-X-0956-000;075-X-4553-000,075-0125;075-0512;075-0943;075-0949;075-0951;075-0952;075-0956;075-4553,25.2: Other services from non-Federal sources;25.7: Operation and maintenance of equipment,0005: EMERGING AND ZOONOTIC INFECTIOUS DISEASES (0949);0013: IMMUNIZATION AND RESPIRATORY DISEASES (0951);0015: INJURY PREVENTION AND CONTROL (0952);0019: PUBLIC HEALTH PREPAREDNESS AND RESPONSE (0956);0022: EBOLA (EMERGENCY PURSUANT TO 2011 BCA),X,NOT APPLICABLE,,,TMT1PKFK7XG6,,"NTT DATA SERVICES FEDERAL GOVERNMENT, LLC","DELL SERVICES FEDERAL GOVERNMENT, INC.",,4T952,TMT1PKFK7XG6,,"NTT DATA SERVICES FEDERAL GOVERNMENT, LLC",NTT DATA SERVICES FEDERAL GOVERNMENT  LLC,USA,UNITED STATES,8270 WILLOW OAKS CORPORATE DR,,FAIRFAX,51059,FAIRFAX,51,VA,VIRGINIA,220314514,VA-11,VA-11,7032898128,7032898252,USA,UNITED STATES,ATLANTA,13089,DEKALB,13,GA,GEORGIA,303292206,GA-04,GA-05,AWARD,C,DELIVERY ORDER,,,,,,,Y,TIME AND MATERIALS,IGF::CT::IGF,2010N11852,1,OT,OTHER FUNCTIONS,D318,"IT AND TELECOM- INTEGRATED HARDWARE/SOFTWARE/SERVICES SOLUTIONS, PREDOMINANTLY SERVICES",D,NOT A BUNDLED REQUIREMENT,,,541512,COMPUTER SYSTEMS DESIGN SERVICES,C,NO CLAUSES INCLUDED AND NO SUSTAINABILITY INCLUDED,A,U.S. OWNED BUSINESS,,,,,E,NOT REQUIRED,USA,UNITED STATES,C,NOT A MANUFACTURED END PRODUCT,,,A,FULL AND OPEN COMPETITION,MAFO,SUBJECT TO MULTIPLE AWARD FAIR OPPORTUNITY,,,NONE,NO PREFERENCE USED,,,FAIR,FAIR OPPORTUNITY GIVEN,,,2,A,COMMERCIAL PRODUCTS/SERVICES,f,N,NO,N,NO,Y,YES,N,NO,0.00,N,NO,X,NOT APPLICABLE,X,NOT APPLICABLE,X,NOT APPLICABLE,X,NOT APPLICABLE,,,B,IDC,M,MULTIPLE AWARD,,,,,,,,N,N,,,N,NO,Y,YES - SERVICE WHERE PBA IS USED.,N,NO,,,N,NO,X,NOT APPLICABLE,f,f,f,f,f,f,f,f,f,f,f,f,f,f,f,f,f,f,f,OTHER THAN SMALL BUSINESS,O,f,f,f,f,f,f,f,f,f,f,f,f,f,f,f,f,f,CORPORATE NOT TAX EXEMPT,t,f,f,f,f,f,f,f,f,f,f,f,f,f,f,f,f,t,f,f,f,f,f,f,f,f,f,f,t,f,f,f,f,f,f,f,f,f,f,f,f,f,f,f,f,f,f,f,f,f,,,,,,,,,,,https://www.usaspending.gov/award/CONT_AWD_HHSD2002010372090003_7523_HHSD200201037209I_7523/,2024-12-06
CONT_AWD_HHSD2002010372090004_7523_HHSD200201037209I_7523,HHSD2002010372090004,7523,CENTERS FOR DISEASE CONTROL AND PREVENTION,HHSD200201037209I,Q: Not Designated Nonemergency/Emergency/Disaster/Wildfire Suppression,,,,,48231482.76,3880222.79,48231482.76,61655464.83,2017-02-23,2017,2024-12-10,2025,2017-02-23,2022-02-11,2022-02-11 00:00:00,,,075,Department of Health and Human Services,7523,Centers for Disease Control and Prevention,75D301,CDC OFFICE OF ACQUISITION SERVICES,075,Department of Health and Human Services,7523,Centers for Disease Control and Prevention,75D301,CDC OFFICE OF ACQUISITION SERVICES,075-019-2015/2019-1031-001;075-075-X-0125-009;075-075-X-0512-009;075-2015/2016-0943-000;075-2016/2016-0943-000;075-2016/2016-0944-000;075-2016/2016-0947-000;075-2016/2016-0948-000;075-2016/2016-0949-000;075-2016/2016-0950-000;075-2016/2016-0951-000;075-2016/2016-0952-000;075-2016/2016-0953-000;075-2016/2016-0955-000;075-2016/2016-0956-000;075-2016/2016-0958-000;075-2016/2016-0959-000;075-2018/2018-0949-000;075-2019/2019-0949-000;075-2019/2019-0956-000;075-2020/2020-0956-000;075-2021/2021-0956-000;075-X-0946-000;075-X-0954-000;075-X-0956-000;075-X-4553-000,019-1031;075-0125;075-0512;075-0943;075-0944;075-0946;075-0947;075-0948;075-0949;075-0950;075-0951;075-0952;075-0953;075-0954;075-0955;075-0956;075-0958;075-0959;075-4553,21.0: Travel and transportation of persons;25.1: Advisory and assistance services;25.2: Other services from non-Federal sources,0003: VACCINES FOR CHILDREN;0019: PUBLIC HEALTH PREPAREDNESS AND RESPONSE (0956);0801: CDC WORKING CAPITAL FUND (REIMBURSABLE),X,NOT APPLICABLE,,,TMT1PKFK7XG6,,"NTT DATA SERVICES FEDERAL GOVERNMENT, LLC","DELL SERVICES FEDERAL GOVERNMENT, INC.",,4T952,TMT1PKFK7XG6,,"NTT DATA SERVICES FEDERAL GOVERNMENT, LLC",NTT DATA SERVICES FEDERAL GOVERNMENT  LLC,USA,UNITED STATES,8270 WILLOW OAKS CORPORATE DR,,FAIRFAX,51059,FAIRFAX,51,VA,VIRGINIA,220314514,VA-11,VA-11,7032898128,7032898252,USA,UNITED STATES,ATLANTA,13089,DEKALB,13,GA,GEORGIA,303414004,GA-04,GA-04,AWARD,C,DELIVERY ORDER,,,,,,,Y,TIME AND MATERIALS,IGF::OT::IGF FOR CDC INFORMATION MANAGEMENT SERVICES,2010N11852,1,OT,OTHER FUNCTIONS,D325,IT AND TELECOM- DATA CENTERS AND STORAGE,H,NOT BUNDLED,,,541512,COMPUTER SYSTEMS DESIGN SERVICES,C,NO CLAUSES INCLUDED AND NO SUSTAINABILITY INCLUDED,A,U.S. OWNED BUSINESS,,,,,E,NOT REQUIRED,USA,UNITED STATES,C,NOT A MANUFACTURED END PRODUCT,,,A,FULL AND OPEN COMPETITION,MAFO,SUBJECT TO MULTIPLE AWARD FAIR OPPORTUNITY,,,NONE,NO PREFERENCE USED,,,FAIR,FAIR OPPORTUNITY GIVEN,,,4,A,COMMERCIAL PRODUCTS/SERVICES,f,N,NO,N,NO,Y,YES,N,NO,,N,NO,X,NOT APPLICABLE,X,NOT APPLICABLE,X,NOT APPLICABLE,X,NOT APPLICABLE,,,B,IDC,M,MULTIPLE AWARD,,,,,,,,N,N,,,D,NOT CONSOLIDATED,Y,YES - SERVICE WHERE PBA IS USED.,N,NO,,,N,NO,X,NOT APPLICABLE,f,f,f,f,f,f,f,f,f,f,f,f,f,f,f,f,f,f,f,OTHER THAN SMALL BUSINESS,O,f,f,f,f,f,f,f,f,f,f,f,f,f,f,f,f,f,CORPORATE NOT TAX EXEMPT,t,f,f,f,f,f,f,f,f,f,f,f,f,f,f,f,f,t,f,f,f,f,f,f,f,f,f,f,t,f,f,f,f,f,f,f,f,f,f,f,f,f,f,f,f,f,f,f,f,f,,,,,,,,,,,https://www.usaspending.gov/award/CONT_AWD_HHSD2002010372090004_7523_HHSD200201037209I_7523/,2024-12-10
CONT_AWD_HHSD2002010372170007_7523_HHSD200201037217I_7523,HHSD2002010372170007,7523,CENTERS FOR DISEASE CONTROL AND PREVENTION,HHSD200201037217I,Q: Not Designated Nonemergency/Emergency/Disaster/Wildfire Suppression,,,,,66788663.96,0.00,72268458.68,72268458.68,2011-06-14,2011,2024-12-09,2025,2011-06-15,2015-09-01,2015-09-01 00:00:00,,,075,Department of Health and Human Services,7523,Centers for Disease Control and Prevention,75D301,CDC OFFICE OF ACQUISITION SERVICES,075,Department of Health and Human Services,7523,Centers for Disease Control and Prevention,75D301,CDC OFFICE OF ACQUISITION SERVICES,075-2012/2012-0953-000;075-2012/2012-0956-000;075-2013/2013-0943-000;075-2013/2013-0948-000;075-2013/2013-0951-000;075-2013/2013-0956-000;075-2014/2014-0943-000;075-2014/2014-0950-000;075-2014/2014-0951-000;075-2015/2015-0943-000;075-2015/2015-0947-000;075-2015/2015-0951-000;075-2015/2019-0943-000;075-X-0956-000,075-0943;075-0947;075-0948;075-0950;075-0951;075-0953;075-0956,25.3: Other goods and services from Federal sources;25.7: Operation and maintenance of equipment,0019: PUBLIC HEALTH PREPAREDNESS AND RESPONSE (0956);0022: EBOLA (EMERGENCY PURSUANT TO 2011 BCA),X,NOT APPLICABLE,,,L4HJM9JC38B3,,NORTHROP GRUMMAN SYSTEMS CORPORATION,NORTHROP GRUMMAN INFORMATION TECHNOLOGY INC,,1VXZ9,NKVZLJL93QT6,,NORTHROP GRUMMAN CORPORATION,NORTHROP GRUMMAN SYSTEMS CORPORATION,USA,UNITED STATES,7575 COLSHIRE DR,,MCLEAN,51059,FAIRFAX,51,VA,VIRGINIA,221027508,VA-08,VA-11,7035562571,7033458749,USA,UNITED STATES,ATLANTA,13089,DEKALB,13,GA,GEORGIA,303292206,GA-04,GA-05,AWARD,C,DELIVERY ORDER,,,,,,,Y,TIME AND MATERIALS,SUPPORT FOR CDC'S ELECTRONIC COMMUNICATION ACTIVITIES,2010N11852,1,,,D399,IT AND TELECOM- OTHER IT AND TELECOMMUNICATIONS,D,NOT A BUNDLED REQUIREMENT,,,541512,COMPUTER SYSTEMS DESIGN SERVICES,C,NO CLAUSES INCLUDED AND NO SUSTAINABILITY INCLUDED,A,U.S. OWNED BUSINESS,,,,,E,NOT REQUIRED,USA,UNITED STATES,C,NOT A MANUFACTURED END PRODUCT,,,A,FULL AND OPEN COMPETITION,MAFO,SUBJECT TO MULTIPLE AWARD FAIR OPPORTUNITY,,,NONE,NO PREFERENCE USED,,,FAIR,FAIR OPPORTUNITY GIVEN,,,3,A,COMMERCIAL PRODUCTS/SERVICES,f,N,NO,N,NO,Y,YES,N,NO,0.00,N,NO,X,NOT APPLICABLE,X,NOT APPLICABLE,X,NOT APPLICABLE,X,NOT APPLICABLE,,,B,IDC,M,MULTIPLE AWARD,,,,,,,,N,N,,,N,NO,Y,YES - SERVICE WHERE PBA IS USED.,N,NO,,,N,NO,X,NOT APPLICABLE,f,f,f,f,f,f,f,f,f,f,f,f,f,f,f,f,f,f,f,OTHER THAN SMALL BUSINESS,O,f,f,f,f,f,f,f,f,f,f,f,f,f,f,f,f,f,CORPORATE NOT TAX EXEMPT,t,f,f,f,f,f,f,f,f,f,f,f,f,f,f,t,f,f,f,f,f,f,f,f,f,f,f,f,t,f,f,f,f,f,f,f,f,f,f,f,f,f,f,f,f,f,f,f,f,f,,,,,,,,,,,https://www.usaspending.gov/award/CONT_AWD_HHSD2002010372170007_7523_HHSD200201037217I_7523/,2024-12-09
CONT_AWD_HHSD2002010372170015_7523_HHSD200201037217I_7523,HHSD2002010372170015,7523,CENTERS FOR DISEASE CONTROL AND PREVENTION,HHSD200201037217I,Q: Not Designated Nonemergency/Emergency/Disaster/Wildfire Suppression,,,,,24285407.00,0.00,26810880.00,33734386.00,2011-07-21,2011,2024-12-19,2025,2011-07-15,2014-09-29,2015-07-14 00:00:00,,,075,Department of Health and Human Services,7523,Centers for Disease Control and Prevention,75D301,CDC OFFICE OF ACQUISITION SERVICES,075,Department of Health and Human Services,7523,Centers for Disease Control and Prevention,75D301,CDC OFFICE OF ACQUISITION SERVICES,075-019-2012/2016-1031-001;075-019-2013/2017-1031-001;075-2012/2012-0943-000;075-2012/2012-0955-000;075-2013/2013-0955-000;075-2013/2014-0955-000,019-1031;075-0943;075-0955,25.1: Advisory and assistance services;25.2: Other services from non-Federal sources,0001: DIRECT GLOBAL HEALTH PROGRAM ACTIVITY,X,NOT APPLICABLE,,,L4HJM9JC38B3,,NORTHROP GRUMMAN SYSTEMS CORPORATION,NORTHROP GRUMMAN INFORMATION TECHNOLOGY INC,,1VXZ9,NKVZLJL93QT6,,NORTHROP GRUMMAN CORPORATION,NORTHROP GRUMMAN SYSTEMS CORPORATION,USA,UNITED STATES,7575 COLSHIRE DR,,MCLEAN,51059,FAIRFAX,51,VA,VIRGINIA,221027508,VA-08,VA-11,7035562571,7033458749,USA,UNITED STATES,ATLANTA,13089,DEKALB,13,GA,GEORGIA,303292206,GA-04,GA-05,AWARD,C,DELIVERY ORDER,,,,,,,Y,TIME AND MATERIALS,"SUPPORT TO DIV OF GLOBAL HIV/AIDS (GAP), CTR FOR GLOBAL HEALTH (CGH)",2010N11852,1,,,R499,SUPPORT- PROFESSIONAL: OTHER,D,NOT A BUNDLED REQUIREMENT,,,541512,COMPUTER SYSTEMS DESIGN SERVICES,C,NO CLAUSES INCLUDED AND NO SUSTAINABILITY INCLUDED,A,U.S. OWNED BUSINESS,,,,,E,NOT REQUIRED,USA,UNITED STATES,C,NOT A MANUFACTURED END PRODUCT,,,A,FULL AND OPEN COMPETITION,MAFO,SUBJECT TO MULTIPLE AWARD FAIR OPPORTUNITY,,,NONE,NO PREFERENCE USED,,,FAIR,FAIR OPPORTUNITY GIVEN,,,3,A,COMMERCIAL PRODUCTS/SERVICES,f,N,NO,N,NO,Y,YES,N,NO,0.00,N,NO,X,NOT APPLICABLE,X,NOT APPLICABLE,X,NOT APPLICABLE,X,NOT APPLICABLE,,,B,IDC,M,MULTIPLE AWARD,,,,,,,,N,N,,,N,NO,Y,YES - SERVICE WHERE PBA IS USED.,N,NO,,,N,NO,X,NOT APPLICABLE,f,f,f,f,f,f,f,f,f,f,f,f,f,f,f,f,f,f,f,OTHER THAN SMALL BUSINESS,O,f,f,f,f,f,f,f,f,f,f,f,f,f,f,f,f,f,CORPORATE NOT TAX EXEMPT,t,f,f,f,f,f,f,f,f,f,f,f,f,f,f,t,f,f,f,f,f,f,f,f,f,f,f,f,t,f,f,f,f,f,f,f,f,f,f,f,f,f,f,f,f,f,f,f,f,f,,,,,,,,,,,https://www.usaspending.gov/award/CONT_AWD_HHSD2002010372170015_7523_HHSD200201037217I_7523/,2024-12-19
CONT_AWD_HHSD2002010372170018_7523_HHSD200201037217I_7523,HHSD2002010372170018,7523,CENTERS FOR DISEASE CONTROL AND PREVENTION,HHSD200201037217I,Q: Not Designated Nonemergency/Emergency/Disaster/Wildfire Suppression,,,,,32592107.00,0.00,38833756.00,38833756.00,2011-10-21,2012,2024-12-18,2025,2011-10-18,2017-06-30,2017-06-30 00:00:00,,,075,Department of Health and Human Services,7523,Centers for Disease Control and Prevention,75D301,CDC OFFICE OF ACQUISITION SERVICES,075,Department of Health and Human Services,7523,Centers for Disease Control and Prevention,75D301,CDC OFFICE OF ACQUISITION SERVICES,075-2012/2012-0943-000;075-2012/2012-0948-000;075-2013/2013-0948-000;075-2014/2014-0948-000;075-2015/2015-0948-000;075-2016/2016-0948-000,075-0943;075-0948,25.1: Advisory and assistance services,0004: CHRONIC DISEASE PREVENTION AND HEALTH PROMOTION (0948),X,NOT APPLICABLE,,,L4HJM9JC38B3,,NORTHROP GRUMMAN SYSTEMS CORPORATION,NORTHROP GRUMMAN INFORMATION TECHNOLOGY INC,,1VXZ9,NKVZLJL93QT6,,NORTHROP GRUMMAN CORPORATION,NORTHROP GRUMMAN SYSTEMS CORPORATION,USA,UNITED STATES,7575 COLSHIRE DR,,MCLEAN,51059,FAIRFAX,51,VA,VIRGINIA,221027508,VA-08,VA-11,7035562571,7033458749,USA,UNITED STATES,ATLANTA,13089,DEKALB,13,GA,GEORGIA,303414133,GA-04,GA-04,AWARD,C,DELIVERY ORDER,,,,,,,Y,TIME AND MATERIALS,INFORMATION SYSTEMS SUPPORT FOR NCCDPHP,2010N11852,1,,,R499,SUPPORT- PROFESSIONAL: OTHER,D,NOT A BUNDLED REQUIREMENT,,,541512,COMPUTER SYSTEMS DESIGN SERVICES,C,NO CLAUSES INCLUDED AND NO SUSTAINABILITY INCLUDED,A,U.S. OWNED BUSINESS,,,,,E,NOT REQUIRED,USA,UNITED STATES,C,NOT A MANUFACTURED END PRODUCT,,,A,FULL AND OPEN COMPETITION,MAFO,SUBJECT TO MULTIPLE AWARD FAIR OPPORTUNITY,,,NONE,NO PREFERENCE USED,,,FAIR,FAIR OPPORTUNITY GIVEN,,,6,A,COMMERCIAL PRODUCTS/SERVICES,f,N,NO,N,NO,Y,YES,N,NO,0.00,N,NO,X,NOT APPLICABLE,X,NOT APPLICABLE,X,NOT APPLICABLE,X,NOT APPLICABLE,,,B,IDC,M,MULTIPLE AWARD,,,,,,,,N,N,,,N,NO,Y,YES - SERVICE WHERE PBA IS USED.,N,NO,,,N,NO,X,NOT APPLICABLE,f,f,f,f,f,f,f,f,f,f,f,f,f,f,f,f,f,f,f,OTHER THAN SMALL BUSINESS,O,f,f,f,f,f,f,f,f,f,f,f,f,f,f,f,f,f,CORPORATE NOT TAX EXEMPT,t,f,f,f,f,f,f,f,f,f,f,f,f,f,f,t,f,f,f,f,f,f,f,f,f,f,f,f,t,f,f,f,f,f,f,f,f,f,f,f,f,f,f,f,f,f,f,f,f,f,,,,,,,,,,,https://www.usaspending.gov/award/CONT_AWD_HHSD2002010372170018_7523_HHSD200201037217I_7523/,2024-12-18
CONT_AWD_HHSD2002010372170028_7523_HHSD200201037217I_7523,HHSD2002010372170028,7523,CENTERS FOR DISEASE CONTROL AND PREVENTION,HHSD200201037217I,Q: Not Designated Nonemergency/Emergency/Disaster/Wildfire Suppression,,,,,67284503.35,0.00,67284503.35,67688262.18,2014-07-25,2014,2024-12-20,2025,2014-07-11,2020-01-13,2020-01-13 00:00:00,,,075,Department of Health and Human Services,7523,Centers for Disease Control and Prevention,75D301,CDC OFFICE OF ACQUISITION SERVICES,075,Department of Health and Human Services,7523,Centers for Disease Control and Prevention,75D301,CDC OFFICE OF ACQUISITION SERVICES,075-019-2017/2021-1031-001;075-2014/2014-0943-000;075-2014/2014-0949-000;075-2014/2014-0951-000;075-2014/2014-0959-000;075-2015/2015-0955-000;075-2015/2015-0959-000;075-2015/2019-0943-000;075-2016/2016-0949-000;075-2016/2016-0951-000;075-2016/2016-0955-000;075-2016/2016-0956-000;075-2016/2016-0959-000;075-2017/2017-0943-000;075-2017/2017-0949-000;075-2017/2017-0950-000;075-2017/2017-0951-000;075-2017/2017-0955-000;075-2017/2017-0956-000;075-2017/2017-0959-000;075-2018/2018-0943-000;075-2018/2018-0949-000;075-2018/2018-0951-000;075-2018/2018-0956-000;075-2018/2018-0959-000;075-2019/2019-0943-000;075-2019/2019-0949-000;075-2019/2019-0951-000;075-2019/2019-0955-000;075-2019/2019-0956-000;075-X-0951-000;075-X-0956-000,019-1031;075-0943;075-0949;075-0950;075-0951;075-0955;075-0956;075-0959,25.1: Advisory and assistance services,"0005: EMERGING AND ZOONOTIC INFECTIOUS DISEASES (0949);0008: GLOBAL HEALTH (0955);0012: HIV/AIDS, VIRAL HEPATITIS, STD AND TB PREVENTION (0950);0013: IMMUNIZATION AND RESPIRATORY DISEASES (0951);0019: PUBLIC HEALTH PREPAREDNESS AND RESPONSE (0956);0020: PUBLIC HEALTH SCIENTIFIC SERVICES (0959);0022: EBOLA (EMERGENCY PURSUANT TO 2011 BCA)",X,NOT APPLICABLE,,,L4HJM9JC38B3,,NORTHROP GRUMMAN SYSTEMS CORPORATION,NORTHROP GRUMMAN INFORMATION TECHNOLOGY INC,,1VXZ9,NKVZLJL93QT6,,NORTHROP GRUMMAN CORPORATION,NORTHROP GRUMMAN SYSTEMS CORPORATION,USA,UNITED STATES,7575 COLSHIRE DR,,MCLEAN,51059,FAIRFAX,51,VA,VIRGINIA,221027508,VA-08,VA-11,7035562571,7033458749,USA,UNITED STATES,ATLANTA,13089,DEKALB,13,GA,GEORGIA,303292206,GA-04,GA-05,AWARD,C,DELIVERY ORDER,,,,,,,Y,TIME AND MATERIALS,IGF::CT::IGF,2010N11852,1,OT,OTHER FUNCTIONS,D399,IT AND TELECOM- OTHER IT AND TELECOMMUNICATIONS,D,NOT A BUNDLED REQUIREMENT,,,541512,COMPUTER SYSTEMS DESIGN SERVICES,C,NO CLAUSES INCLUDED AND NO SUSTAINABILITY INCLUDED,A,U.S. OWNED BUSINESS,,,,,E,NOT REQUIRED,USA,UNITED STATES,C,NOT A MANUFACTURED END PRODUCT,,,A,FULL AND OPEN COMPETITION,MAFO,SUBJECT TO MULTIPLE AWARD FAIR OPPORTUNITY,,,NONE,NO PREFERENCE USED,,,FAIR,FAIR OPPORTUNITY GIVEN,,,3,A,COMMERCIAL PRODUCTS/SERVICES,f,N,NO,N,NO,Y,YES,N,NO,0.00,N,NO,X,NOT APPLICABLE,X,NOT APPLICABLE,X,NOT APPLICABLE,X,NOT APPLICABLE,,,B,IDC,M,MULTIPLE AWARD,,,,,,,,N,N,,,N,NO,N,NO - SERVICE WHERE PBA IS NOT USED.,N,NO,,,N,NO,X,NOT APPLICABLE,f,f,f,f,f,f,f,f,f,f,f,f,f,f,f,f,f,f,f,OTHER THAN SMALL BUSINESS,O,f,f,f,f,f,f,f,f,f,f,f,f,f,f,f,f,f,CORPORATE NOT TAX EXEMPT,t,f,f,f,f,f,f,f,f,f,f,f,f,f,f,t,f,f,f,f,f,f,f,f,f,f,f,f,t,f,f,f,f,f,f,f,f,f,f,f,f,f,f,f,f,f,f,f,f,f,,,,,,,,,,,https://www.usaspending.gov/award/CONT_AWD_HHSD2002010372170028_7523_HHSD200201037217I_7523/,2024-12-20
CONT_AWD_HHSD2002010372170035_7523_HHSD200201037217I_7523,HHSD2002010372170035,7523,CENTERS FOR DISEASE CONTROL AND PREVENTION,HHSD200201037217I,Q: Not Designated Nonemergency/Emergency/Disaster/Wildfire Suppression,,,,,29210813.28,0.00,29210813.28,29210813.28,2015-09-08,2015,2024-12-12,2025,2015-09-04,2020-07-31,2020-07-31 00:00:00,,,075,Department of Health and Human Services,7523,Centers for Disease Control and Prevention,75D301,CDC OFFICE OF ACQUISITION SERVICES,075,Department of Health and Human Services,7523,Centers for Disease Control and Prevention,75D301,CDC OFFICE OF ACQUISITION SERVICES,075-075-X-0512-009;075-2015/2015-0949-000;075-2015/2015-0950-000;075-2015/2015-0951-000;075-2015/2015-0956-000;075-2016/2016-0949-000;075-2016/2016-0950-000;075-2016/2016-0951-000;075-2016/2016-0959-000;075-2017/2017-0948-000;075-2017/2017-0949-000;075-2017/2017-0950-000;075-2017/2017-0951-000;075-2017/2017-0959-000;075-2018/2018-0948-000;075-2018/2018-0949-000;075-2018/2018-0950-000;075-2018/2018-0951-000;075-2018/2018-0959-000;075-2018/2020-0943-000;075-2019/2019-0844-000;075-2019/2019-0948-000;075-2019/2019-0949-000;075-2019/2019-0950-000;075-2019/2019-0951-000;075-2019/2019-0959-000;075-2019/2021-0943-000;075-2020/2020-0949-000;075-2020/2020-0950-000;075-2020/2020-0951-000;075-2020/2020-0959-000;075-X-0956-000;075-X-4553-000,075-0512;075-0844;075-0943;075-0948;075-0949;075-0950;075-0951;075-0956;075-0959;075-4553,25.1: Advisory and assistance services,"0005: EMERGING AND ZOONOTIC INFECTIOUS DISEASES (0949);0012: HIV/AIDS, VIRAL HEPATITIS, STD AND TB PREVENTION (0950);0013: IMMUNIZATION AND RESPIRATORY DISEASES (0951);0020: PUBLIC HEALTH SCIENTIFIC SERVICES (0959)",X,NOT APPLICABLE,,,L4HJM9JC38B3,,NORTHROP GRUMMAN SYSTEMS CORPORATION,NORTHROP GRUMMAN INFORMATION TECHNOLOGY INC,,1VXZ9,NKVZLJL93QT6,,NORTHROP GRUMMAN CORPORATION,NORTHROP GRUMMAN SYSTEMS CORPORATION,USA,UNITED STATES,7575 COLSHIRE DR,,MCLEAN,51059,FAIRFAX,51,VA,VIRGINIA,221027508,VA-08,VA-11,7035562571,7033458749,USA,UNITED STATES,ATLANTA,13089,DEKALB,13,GA,GEORGIA,303292206,GA-04,GA-05,AWARD,C,DELIVERY ORDER,,,,,,,Y,TIME AND MATERIALS,CDC INFORMATION MANAGEMENT SERVICES IGF::OT::IGF,2010N11852,1,OT,OTHER FUNCTIONS,D399,IT AND TELECOM- OTHER IT AND TELECOMMUNICATIONS,D,NOT A BUNDLED REQUIREMENT,,,541512,COMPUTER SYSTEMS DESIGN SERVICES,C,NO CLAUSES INCLUDED AND NO SUSTAINABILITY INCLUDED,A,U.S. OWNED BUSINESS,,,,,E,NOT REQUIRED,USA,UNITED STATES,C,NOT A MANUFACTURED END PRODUCT,,,A,FULL AND OPEN COMPETITION,MAFO,SUBJECT TO MULTIPLE AWARD FAIR OPPORTUNITY,,,NONE,NO PREFERENCE USED,,,FAIR,FAIR OPPORTUNITY GIVEN,,,3,A,COMMERCIAL PRODUCTS/SERVICES,f,N,NO,N,NO,Y,YES,N,NO,0.00,N,NO,X,NOT APPLICABLE,X,NOT APPLICABLE,X,NOT APPLICABLE,X,NOT APPLICABLE,,,B,IDC,M,MULTIPLE AWARD,,,,,,,,N,N,,,N,NO,Y,YES - SERVICE WHERE PBA IS USED.,N,NO,,,N,NO,X,NOT APPLICABLE,f,f,f,f,f,f,f,f,f,f,f,f,f,f,f,f,f,f,f,OTHER THAN SMALL BUSINESS,O,f,f,f,f,f,f,f,f,f,f,f,f,f,f,f,f,f,CORPORATE NOT TAX EXEMPT,t,f,f,f,f,f,f,f,f,f,f,f,f,f,f,t,f,f,f,f,f,f,f,f,f,f,f,f,t,f,f,f,f,f,f,f,f,f,f,f,f,f,f,f,f,f,f,f,f,f,,,,,,,,,,,https://www.usaspending.gov/award/CONT_AWD_HHSD2002010372170035_7523_HHSD200201037217I_7523/,2024-12-12
CONT_AWD_HHSD2002010372170042_7523_HHSD200201037217I_7523,HHSD2002010372170042,7523,CENTERS FOR DISEASE CONTROL AND PREVENTION,HHSD200201037217I,L: Emergency P.L. 116-123;Q: Not Designated Nonemergency/Emergency/Disaster/Wildfire Suppression,1844997.99,2150000.00,,,20037679.83,1844999.27,20037679.83,21409697.83,2016-09-27,2016,2024-12-18,2025,2016-09-01,2021-03-28,2021-03-28 00:00:00,,,075,Department of Health and Human Services,7523,Centers for Disease Control and Prevention,75D301,CDC OFFICE OF ACQUISITION SERVICES,075,Department of Health and Human Services,7523,Centers for Disease Control and Prevention,75D301,CDC OFFICE OF ACQUISITION SERVICES,075-019-2015/2019-1031-001;075-019-2016/2020-1031-001;075-019-2017/2021-1031-001;075-019-2018/2022-1031-001;075-019-X-1031-001;075-075-X-0512-009;075-2015/2019-0943-000;075-2016/2016-0943-000;075-2016/2016-0959-000;075-2017/2017-0943-000;075-2017/2017-0948-000;075-2017/2017-0949-000;075-2017/2017-0950-000;075-2017/2017-0951-000;075-2017/2017-0952-000;075-2017/2017-0953-000;075-2017/2017-0959-000;075-2018/2018-0943-000;075-2018/2018-0948-000;075-2018/2018-0959-000;075-2019/2019-0943-000;075-2019/2019-0948-000;075-2019/2019-0949-000;075-2019/2019-0955-000;075-2019/2019-0959-000;075-2019/2021-0955-000;075-2020/2020-0943-000;075-2020/2020-0944-000;075-2020/2020-0947-000;075-2020/2020-0948-000;075-2020/2020-0949-000;075-2020/2020-0950-000;075-2020/2020-0951-000;075-2020/2020-0952-000;075-2020/2020-0953-000;075-2020/2020-0955-000;075-2020/2020-0956-000;075-2020/2020-0958-000;075-2020/2020-0959-000;075-2020/2022-0943-000;075-2020/2022-0955-000;075-X-0946-000;075-X-0948-000;075-X-4553-000;075-X-8250-000,019-1031;075-0512;075-0943;075-0944;075-0946;075-0947;075-0948;075-0949;075-0950;075-0951;075-0952;075-0953;075-0955;075-0956;075-0958;075-0959;075-4553;075-8250,21.0: Travel and transportation of persons;25.1: Advisory and assistance services,"0001: AGENCY FOR TOXIC SUBSTANCES AND DISEASE REGISTRY, TOXIC SUBSTANC (DIRECT);0001: BIRTH DEFECTS, DEVELOPMENTAL DISABILITIES, DISABILITY AND HEALTH (0958);0001: DIRECT GLOBAL HEALTH PROGRAM ACTIVITY;0002: CDC WIDE ACTIVITIES AND PROGRAM SUPPORT (0943);0002: GIFTS;0003: VACCINES FOR CHILDREN;0004: CHRONIC DISEASE PREVENTION AND HEALTH PROMOTION (0948);0005: EMERGING AND ZOONOTIC INFECTIOUS DISEASES (0949);0007: ENVIRONMENTAL HEALTH (0947);0008: GLOBAL HEALTH (0955);0012: HIV/AIDS, VIRAL HEPATITIS, STD AND TB PREVENTION (0950);0013: IMMUNIZATION AND RESPIRATORY DISEASES (0951);0015: INJURY PREVENTION AND CONTROL (0952);0016: OCCUPATIONAL SAFETY AND HEALTH (0953);0019: PUBLIC HEALTH PREPAREDNESS AND RESPONSE (0956);0020: PUBLIC HEALTH SCIENTIFIC SERVICES (0959);0801: CDC WORKING CAPITAL FUND (REIMBURSABLE);0802: CDC-WIDE ACTIVITIES AND PROGRAM SUPPORT (REIMBURSABLE)",X,NOT APPLICABLE,,,L4HJM9JC38B3,,NORTHROP GRUMMAN SYSTEMS CORPORATION,NORTHROP GRUMMAN INFORMATION TECHNOLOGY INC,,1VXZ9,NKVZLJL93QT6,,NORTHROP GRUMMAN CORPORATION,NORTHROP GRUMMAN SYSTEMS CORPORATION,USA,UNITED STATES,7575 COLSHIRE DR,,MCLEAN,51059,FAIRFAX,51,VA,VIRGINIA,221027508,VA-08,VA-11,7035562571,7033458749,USA,UNITED STATES,ATLANTA,13089,DEKALB,13,GA,GEORGIA,303294018,GA-05,GA-05,AWARD,C,DELIVERY ORDER,,,,,,,Y,TIME AND MATERIALS,IGF::OT::IGF MEDIA PRODUCTION,2016Q66041,1,OT,OTHER FUNCTIONS,R499,SUPPORT- PROFESSIONAL: OTHER,D,NOT A BUNDLED REQUIREMENT,,,541512,COMPUTER SYSTEMS DESIGN SERVICES,C,NO CLAUSES INCLUDED AND NO SUSTAINABILITY INCLUDED,A,U.S. OWNED BUSINESS,,,,,E,NOT REQUIRED,USA,UNITED STATES,C,NOT A MANUFACTURED END PRODUCT,,,A,FULL AND OPEN COMPETITION,MAFO,SUBJECT TO MULTIPLE AWARD FAIR OPPORTUNITY,,,NONE,NO PREFERENCE USED,,,FAIR,FAIR OPPORTUNITY GIVEN,,,2,A,COMMERCIAL PRODUCTS/SERVICES,f,N,NO,N,NO,Y,YES,N,NO,,N,NO,X,NOT APPLICABLE,X,NOT APPLICABLE,X,NOT APPLICABLE,X,NOT APPLICABLE,,,B,IDC,M,MULTIPLE AWARD,,,,,,,,N,N,,,N,NO,Y,YES - SERVICE WHERE PBA IS USED.,N,NO,,,N,NO,X,NOT APPLICABLE,f,f,f,f,f,f,f,f,f,f,f,f,f,f,f,f,f,f,f,OTHER THAN SMALL BUSINESS,O,f,f,f,f,f,f,f,f,f,f,f,f,f,f,f,f,f,CORPORATE NOT TAX EXEMPT,t,f,f,f,f,f,f,f,f,f,f,f,f,f,f,t,f,f,f,f,f,f,f,f,f,f,f,f,t,f,f,f,f,f,f,f,f,f,f,f,f,f,f,f,f,f,f,f,f,f,,,,,,,,,,,https://www.usaspending.gov/award/CONT_AWD_HHSD2002010372170042_7523_HHSD200201037217I_7523/,2024-12-18
CONT_AWD_HHSD2002010372190007_7523_HHSD200201037219I_7523,HHSD2002010372190007,7523,CENTERS FOR DISEASE CONTROL AND PREVENTION,HHSD200201037219I,Q: Not Designated Nonemergency/Emergency/Disaster/Wildfire Suppression,,,,,60576637.20,0.00,60576637.20,60576637.20,2014-07-02,2014,2024-12-09,2025,2014-05-21,2019-07-31,2019-07-31 00:00:00,,,075,Department of Health and Human Services,7523,Centers for Disease Control and Prevention,75D301,CDC OFFICE OF ACQUISITION SERVICES,075,Department of Health and Human Services,7523,Centers for Disease Control and Prevention,75D301,CDC OFFICE OF ACQUISITION SERVICES,075-2015/2015-0943-000;075-2015/2015-0949-000;075-2015/2019-0943-000;075-2016/2016-0943-000;075-2016/2016-0949-000;075-2017/2017-0943-000;075-2017/2017-0949-000;075-2018/2018-0943-000;075-2018/2018-0949-000;075-2019/2019-0949-000,075-0943;075-0949,25.1: Advisory and assistance services,0005: EMERGING AND ZOONOTIC INFECTIOUS DISEASES (0949);0022: EBOLA (EMERGENCY PURSUANT TO 2011 BCA);0802: CDC-WIDE ACTIVITIES AND PROGRAM SUPPORT (REIMBURSABLE),X,NOT APPLICABLE,,,P1DHVE8PH2Q3,,"LEIDOS, INC.",SCIENCE APPLICATIONS INTERNATIONAL CORPORATION,,0T5L1,ZL41ERXMPAR3,,"LEIDOS HOLDINGS, INC.",LEIDOS  INC.,USA,UNITED STATES,10260 CAMPUS POINT DR,,SAN DIEGO,06073,SAN DIEGO,06,CA,CALIFORNIA,921211522,CA-50,CA-50,7036765590,7036765063,USA,UNITED STATES,ATLANTA,13089,DEKALB,13,GA,GEORGIA,303292206,GA-04,GA-05,AWARD,C,DELIVERY ORDER,,,,,,,Y,TIME AND MATERIALS,IGF::OT::IGF,2010N11852,1,OT,OTHER FUNCTIONS,D306,IT AND TELECOM- SYSTEMS ANALYSIS,D,NOT A BUNDLED REQUIREMENT,,,541512,COMPUTER SYSTEMS DESIGN SERVICES,C,NO CLAUSES INCLUDED AND NO SUSTAINABILITY INCLUDED,A,U.S. OWNED BUSINESS,,,,,E,NOT REQUIRED,USA,UNITED STATES,C,NOT A MANUFACTURED END PRODUCT,,,A,FULL AND OPEN COMPETITION,MAFO,SUBJECT TO MULTIPLE AWARD FAIR OPPORTUNITY,,,NONE,NO PREFERENCE USED,,,FAIR,FAIR OPPORTUNITY GIVEN,,,2,A,COMMERCIAL PRODUCTS/SERVICES,f,N,NO,N,NO,Y,YES,N,NO,0.00,N,NO,X,NOT APPLICABLE,X,NOT APPLICABLE,N,NO,X,NOT APPLICABLE,,,B,IDC,M,MULTIPLE AWARD,,,,,,,,N,N,,,N,NO,Y,YES - SERVICE WHERE PBA IS USED.,N,NO,,,N,NO,X,NOT APPLICABLE,f,f,f,f,f,f,f,f,f,f,f,f,f,f,f,f,f,f,f,OTHER THAN SMALL BUSINESS,O,f,f,f,f,f,f,f,f,f,f,f,f,f,f,f,f,f,CORPORATE NOT TAX EXEMPT,t,f,f,f,f,f,f,f,f,f,f,f,f,f,f,f,f,t,f,f,f,f,f,f,f,f,f,f,t,f,f,f,f,f,f,f,f,f,f,f,f,f,f,f,f,f,f,f,f,f,,,,,,,,,,,https://www.usaspending.gov/award/CONT_AWD_HHSD2002010372190007_7523_HHSD200201037219I_7523/,2024-12-09
CONT_AWD_HHSD2002010372190010_7523_HHSD200201037219I_7523,HHSD2002010372190010,7523,CENTERS FOR DISEASE CONTROL AND PREVENTION,HHSD200201037219I,Q: Not Designated Nonemergency/Emergency/Disaster/Wildfire Suppression,,,,,20710910.90,384401.44,20710910.90,21185432.90,2016-09-27,2016,2024-12-05,2025,2016-09-15,2021-09-28,2021-09-28 00:00:00,,,075,Department of Health and Human Services,7523,Centers for Disease Control and Prevention,75D301,CDC OFFICE OF ACQUISITION SERVICES,075,Department of Health and Human Services,7523,Centers for Disease Control and Prevention,75D301,CDC OFFICE OF ACQUISITION SERVICES,075-075-X-0512-009;075-2015/2019-0943-000;075-2016/2016-0949-000;075-2016/2016-0951-000;075-2017/2017-0949-000;075-2017/2017-0951-000;075-2018/2018-0949-000;075-2018/2018-0951-000;075-2018/2020-0955-000;075-2019/2019-0951-000;075-2019/2019-0955-000;075-2019/2019-0959-000;075-2020/2020-0951-000;075-2020/2020-0959-000;075-2021/2021-0951-000;075-X-0943-000;075-X-0951-000,075-0512;075-0943;075-0949;075-0951;075-0955;075-0959,25.1: Advisory and assistance services,0002: CDC WIDE ACTIVITIES AND PROGRAM SUPPORT (0943);0003: VACCINES FOR CHILDREN;0005: EMERGING AND ZOONOTIC INFECTIOUS DISEASES (0949);0008: GLOBAL HEALTH (0955);0013: IMMUNIZATION AND RESPIRATORY DISEASES (0951);0020: PUBLIC HEALTH SCIENTIFIC SERVICES (0959);0022: EBOLA (EMERGENCY PURSUANT TO 2011 BCA),X,NOT APPLICABLE,,,P1DHVE8PH2Q3,,"LEIDOS, INC.",SCIENCE APPLICATIONS INTERNATIONAL CORPORATION,,0T5L1,ZL41ERXMPAR3,,"LEIDOS HOLDINGS, INC.",LEIDOS  INC.,USA,UNITED STATES,10260 CAMPUS POINT DR,,SAN DIEGO,06073,SAN DIEGO,06,CA,CALIFORNIA,921211522,CA-50,CA-50,7036765590,7036765063,USA,UNITED STATES,ATLANTA,13089,DEKALB,13,GA,GEORGIA,303292206,GA-04,GA-05,AWARD,C,DELIVERY ORDER,,,,,,,Y,TIME AND MATERIALS,IGF::OT::IGF CDC INFORMATION MANAGEMENT SERVICES,2016Q66091,1,OT,OTHER FUNCTIONS,R499,SUPPORT- PROFESSIONAL: OTHER,D,NOT A BUNDLED REQUIREMENT,,,541512,COMPUTER SYSTEMS DESIGN SERVICES,C,NO CLAUSES INCLUDED AND NO SUSTAINABILITY INCLUDED,A,U.S. OWNED BUSINESS,,,,,E,NOT REQUIRED,USA,UNITED STATES,C,NOT A MANUFACTURED END PRODUCT,,,A,FULL AND OPEN COMPETITION,MAFO,SUBJECT TO MULTIPLE AWARD FAIR OPPORTUNITY,,,NONE,NO PREFERENCE USED,,,FAIR,FAIR OPPORTUNITY GIVEN,,,3,A,COMMERCIAL PRODUCTS/SERVICES,f,N,NO,N,NO,Y,YES,N,NO,,N,NO,X,NOT APPLICABLE,X,NOT APPLICABLE,N,NO,X,NOT APPLICABLE,,,B,IDC,M,MULTIPLE AWARD,,,,,,,,N,N,,,N,NO,Y,YES - SERVICE WHERE PBA IS USED.,N,NO,,,N,NO,X,NOT APPLICABLE,f,f,f,f,f,f,f,f,f,f,f,f,f,f,f,f,f,f,f,OTHER THAN SMALL BUSINESS,O,f,f,f,f,f,f,f,f,f,f,f,f,f,f,f,f,f,CORPORATE NOT TAX EXEMPT,t,f,f,f,f,f,f,f,f,f,f,f,f,f,f,f,f,t,f,f,f,f,f,f,f,f,f,f,t,f,f,f,f,f,f,f,f,f,f,f,f,f,f,f,f,f,f,f,f,f,,,,,,,,,,,https://www.usaspending.gov/award/CONT_AWD_HHSD2002010372190010_7523_HHSD200201037219I_7523/,2024-12-05
CONT_AWD_HHSD2002012511300016_7523_HHSD200201251130I_7523,HHSD2002012511300016,7523,CENTERS FOR DISEASE CONTROL AND PREVENTION,HHSD200201251130I,Q: Not Designated Nonemergency/Emergency/Disaster/Wildfire Suppression,,,,,51421139.00,0.00,51421139.00,51421139.00,2015-02-12,2015,2024-12-11,2025,2014-12-19,2017-12-31,2017-12-31 00:00:00,,,075,Department of Health and Human Services,7523,Centers for Disease Control and Prevention,75D301,CDC OFFICE OF ACQUISITION SERVICES,075,Department of Health and Human Services,7523,Centers for Disease Control and Prevention,75D301,CDC OFFICE OF ACQUISITION SERVICES,075-2015/2015-0951-000;075-2016/2016-0951-000,075-0951,25.1: Advisory and assistance services,0013: IMMUNIZATION AND RESPIRATORY DISEASES (0951),X,NOT APPLICABLE,,,MPYFY5UMSDP4,,NATIONAL OPINION RESEARCH CENTER,NATIONAL OPINION RESEARCH CENTER,,8A395,MPYFY5UMSDP4,,NATIONAL OPINION RESEARCH CENTER,NATIONAL OPINION RESEARCH CENTER,USA,UNITED STATES,1155 E 60TH ST,,CHICAGO,17031,COOK,17,IL,ILLINOIS,606372745,IL-07,IL-01,3127594266,3127594004,USA,UNITED STATES,ATLANTA,13089,DEKALB,13,GA,GEORGIA,303294018,GA-05,GA-05,AWARD,C,DELIVERY ORDER,,,,,,,U,COST PLUS FIXED FEE,IGF::OT::IGF NIS DATA COLLECTION,2011N13399,1,OT,OTHER FUNCTIONS,R499,SUPPORT- PROFESSIONAL: OTHER,D,NOT A BUNDLED REQUIREMENT,,,541910,MARKETING RESEARCH AND PUBLIC OPINION POLLING,C,NO CLAUSES INCLUDED AND NO SUSTAINABILITY INCLUDED,A,U.S. OWNED BUSINESS,,,,,E,NOT REQUIRED,USA,UNITED STATES,C,NOT A MANUFACTURED END PRODUCT,,,A,FULL AND OPEN COMPETITION,NP,NEGOTIATED PROPOSAL/QUOTE,,,NONE,NO PREFERENCE USED,,,,,,,,D,COMMERCIAL PRODUCTS/SERVICES PROCEDURES NOT USED,f,N,NO,N,NO,Y,YES,N,NO,,N,NO,N,NO,N,NO,N,NO,X,NOT APPLICABLE,,,B,IDC,S,SINGLE AWARD,,,,Y,YES,,,N,N,,,N,NO,Y,YES - SERVICE WHERE PBA IS USED.,N,NO,,,N,NO,X,NOT APPLICABLE,f,f,f,f,f,f,f,f,f,f,f,f,f,f,f,f,f,f,f,OTHER THAN SMALL BUSINESS,O,f,f,f,f,f,f,f,f,f,f,f,f,f,f,f,f,f,CORPORATE TAX EXEMPT,f,t,f,f,f,f,f,f,f,f,f,f,f,f,f,f,f,t,f,f,f,f,f,f,f,f,f,f,f,t,f,f,f,f,f,f,f,f,f,f,f,f,f,f,f,f,f,f,f,f,,,,,,,,,,,https://www.usaspending.gov/award/CONT_AWD_HHSD2002012511300016_7523_HHSD200201251130I_7523/,2024-12-11
CONT_AWD_HHSD2002014F61262_7523_HHSD2002013M53942B_7523,HHSD2002014F61262,7523,CENTERS FOR DISEASE CONTROL AND PREVENTION,HHSD2002013M53942B,C: Emergency P.L. 115-123;Q: Not Designated Nonemergency/Emergency/Disaster/Wildfire Suppression,,,,,57832630.71,13217.87,57890248.71,142637788.32,2014-09-29,2014,2024-12-23,2025,2014-09-29,2020-12-28,2021-01-28 00:00:00,,,075,Department of Health and Human Services,7523,Centers for Disease Control and Prevention,75D301,CDC OFFICE OF ACQUISITION SERVICES,075,Department of Health and Human Services,7523,Centers for Disease Control and Prevention,75D301,CDC OFFICE OF ACQUISITION SERVICES,075-2014/2014-0951-000;075-2015/2015-0949-000;075-2015/2015-0951-000;075-2016/2016-0951-000;075-2017/2017-0951-000;075-2017/2017-0955-000;075-2018/2018-0951-000;075-2018/2020-0943-000;075-2019/2019-0951-000;075-2020/2020-0951-000;075-2021/2021-0951-000;075-2023/2023-0951-000;075-X-0943-000;075-X-0951-000;075-X-5146-000;075-X-8250-000,075-0943;075-0949;075-0951;075-0955;075-5146;075-8250,25.1: Advisory and assistance services;25.6: Medical care,0002: CDC WIDE ACTIVITIES AND PROGRAM SUPPORT (0943);0013: IMMUNIZATION AND RESPIRATORY DISEASES (0951),X,NOT APPLICABLE,,,F125YU6SWK59,,BATTELLE MEMORIAL INSTITUTE,BATTELLE MEMORIAL INSTITUTE,,79986,F125YU6SWK59,,BATTELLE MEMORIAL INSTITUTE,BATTELLE MEMORIAL INSTITUTE,USA,UNITED STATES,505 KING AVENUE,,COLUMBUS,39049,FRANKLIN,39,OH,OHIO,432012696,OH-03,OH-03,6144247068,6144587068,USA,UNITED STATES,ATLANTA,13089,DEKALB,13,GA,GEORGIA,303294018,GA-05,GA-05,AWARD,A,BPA CALL,,,,,,,Y,TIME AND MATERIALS,"IGF::OT::IGF FOR OTHER FUNCTIONS INFLUENZA SURVEILLANCE, EPIDEMIOLOGY, DIAGNOSTICS AND VACCINE RESEARCH STUDIES",,1,OT,OTHER FUNCTIONS,Q301,REFERENCE LABORATORY TESTING,D,NOT A BUNDLED REQUIREMENT,,,541712,"RESEARCH AND DEVELOPMENT IN THE PHYSICAL, ENGINEERING, AND LIFE SCIENCES (EXCEPT BIOTECHNOLOGY)",C,NO CLAUSES INCLUDED AND NO SUSTAINABILITY INCLUDED,A,U.S. OWNED BUSINESS,,,,,E,NOT REQUIRED,USA,UNITED STATES,C,NOT A MANUFACTURED END PRODUCT,,,F,COMPETED UNDER SAP,SP1,SIMPLIFIED ACQUISITION,NONE,NO SET ASIDE USED.,NONE,NO PREFERENCE USED,,,,,,,2,D,COMMERCIAL PRODUCTS/SERVICES PROCEDURES NOT USED,f,,,N,NO,X,NOT APPLICABLE,N,NO,0.00,N,NO,X,NOT APPLICABLE,X,NOT APPLICABLE,X,NOT APPLICABLE,X,NOT APPLICABLE,,,E,BPA,M,MULTIPLE AWARD,,,,,,,,N,N,,,N,NO,Y,YES - SERVICE WHERE PBA IS USED.,,,,,N,NO,X,NOT APPLICABLE,f,f,f,f,f,f,f,f,f,f,f,f,f,f,f,f,f,f,f,OTHER THAN SMALL BUSINESS,O,f,f,f,f,f,f,f,f,f,f,f,f,f,f,f,f,f,CORPORATE TAX EXEMPT,f,t,f,f,f,f,f,f,f,f,f,f,t,f,f,f,f,t,f,f,f,f,f,f,f,f,f,f,f,t,f,f,f,f,f,f,f,f,f,f,f,f,f,f,f,f,f,f,f,f,,,,,,,,,,,https://www.usaspending.gov/award/CONT_AWD_HHSD2002014F61262_7523_HHSD2002013M53942B_7523/,2024-12-23
CONT_AWD_HHSD2002016F91872_7523_GS00Q14OADU108_4732,HHSD2002016F91872,4732,FEDERAL ACQUISITION SERVICE,GS00Q14OADU108,L: Emergency P.L. 116-123;N: Emergency P.L. 116-136;Q: Not Designated Nonemergency/Emergency/Disaster/Wildfire Suppression,453235.20,536100.64,,,20862303.58,553075.25,20862303.58,20867303.58,2016-08-31,2016,2024-12-17,2025,2016-08-31,2021-08-31,2021-08-31 00:00:00,,,075,Department of Health and Human Services,7523,Centers for Disease Control and Prevention,75D301,CDC OFFICE OF ACQUISITION SERVICES,075,Department of Health and Human Services,7523,Centers for Disease Control and Prevention,75D301,CDC OFFICE OF ACQUISITION SERVICES,075-2016/2016-0951-000;075-2016/2017-0943-000;075-2017/2017-0949-000;075-2017/2017-0951-000;075-2019/2019-0951-000;075-2020/2020-0951-000;075-2020/2022-0943-000;075-2020/2024-0943-000;075-X-0951-000,075-0943;075-0949;075-0951,25.1: Advisory and assistance services,0002: CDC WIDE ACTIVITIES AND PROGRAM SUPPORT (0943);0005: EMERGING AND ZOONOTIC INFECTIOUS DISEASES (0949);0013: IMMUNIZATION AND RESPIRATORY DISEASES (0951),X,NOT APPLICABLE,,,JCBMLGPE6Z71,,BOOZ ALLEN HAMILTON INC,BOOZ ALLEN HAMILTON INC.,,17038,MBPHTU7Y9S65,,BOOZ ALLEN HAMILTON HOLDING CORPORATION,BOOZ ALLEN HAMILTON INC,USA,UNITED STATES,8283 GREENSBORO DR,,MC LEAN,51059,FAIRFAX,51,VA,VIRGINIA,221023830,VA-11,VA-11,7033770195,7039023200,USA,UNITED STATES,ATLANTA,13089,DEKALB,13,GA,GEORGIA,303294018,GA-05,GA-05,AWARD,C,DELIVERY ORDER,,,,,,,Y,TIME AND MATERIALS,IGF::OT::IGF OID QUALITY MANAGEMENT SUPPORT,2016N17908,1,CL,CLOSELY ASSOCIATED,R408,SUPPORT- PROFESSIONAL: PROGRAM MANAGEMENT/SUPPORT,D,NOT A BUNDLED REQUIREMENT,,,541330,ENGINEERING SERVICES,C,NO CLAUSES INCLUDED AND NO SUSTAINABILITY INCLUDED,A,U.S. OWNED BUSINESS,,,,,E,NOT REQUIRED,USA,UNITED STATES,C,NOT A MANUFACTURED END PRODUCT,C,PLAN REQUIRED - INCENTIVE NOT INCLUDED,A,FULL AND OPEN COMPETITION,MAFO,SUBJECT TO MULTIPLE AWARD FAIR OPPORTUNITY,,,NONE,NO PREFERENCE USED,,,FAIR,FAIR OPPORTUNITY GIVEN,,,1,D,COMMERCIAL PRODUCTS/SERVICES PROCEDURES NOT USED,f,N,NO,N,NO,Y,YES,N,NO,,N,NO,X,NOT APPLICABLE,N,NO,X,NOT APPLICABLE,X,NOT APPLICABLE,,,B,IDC,M,MULTIPLE AWARD,,,,N,NO,,,N,N,,,N,NO,N,NO - SERVICE WHERE PBA IS NOT USED.,N,NO,,,N,NO,C,"PRESIDENTIAL ISSUED EMERGENCY DECLARATION, OR A MAJOR DISASTER DECLARATION",f,f,f,f,f,f,f,f,f,f,f,f,f,f,f,f,f,f,f,OTHER THAN SMALL BUSINESS,O,f,f,f,f,f,f,f,f,f,f,f,f,f,f,f,f,f,CORPORATE NOT TAX EXEMPT,t,f,f,f,f,f,f,f,f,f,f,f,f,f,f,f,f,t,f,f,f,f,f,f,f,f,f,f,t,f,f,f,f,f,f,f,f,f,f,f,f,f,f,f,f,f,f,f,f,f,,,,,,,,,,,https://www.usaspending.gov/award/CONT_AWD_HHSD2002016F91872_7523_GS00Q14OADU108_4732/,2024-12-17
CONT_AWD_HHSN272201400004C_7529_-NONE-_-NONE-,HHSN272201400004C,,,,L: Emergency P.L. 116-123;N: Emergency P.L. 116-136;Q: Not Designated Nonemergency/Emergency/Disaster/Wildfire Suppression,3251885.64,3635501.00,,,38421073.52,4568662.38,38421073.52,105141215.52,2014-01-09,2014,2025-09-23,2025,2014-01-09,2022-07-31,2022-07-31 00:00:00,,,075,Department of Health and Human Services,7529,National Institutes of Health,75N930,NATIONAL INSTITUTES OF HEALTH NIAID,075,Department of Health and Human Services,7529,National Institutes of Health,75N930,NATIONAL INSTITUTES OF HEALTH NIAID,075-2014/2014-0885-000;075-2015/2015-0885-000;075-2016/2016-0885-000;075-2017/2017-0885-000;075-2018/2018-0885-000;075-2019/2019-0885-000;075-2020/2020-0885-000;075-2020/2024-0885-000;075-2021/2021-0885-000,075-0885,25.5: Research and development contracts,0006: NATIONAL INSTITUTE OF ALLERGY AND INFECTIOUS DISEASES (0885),X,NOT APPLICABLE,,,S352L5PJLMP8,,EMORY UNIVERSITY,EMORY UNIVERSITY,,2K291,S352L5PJLMP8,,EMORY UNIVERSITY,EMORY UNIVERSITY,USA,UNITED STATES,201 DOWMAN DR,,ATLANTA,13089,DEKALB,13,GA,GEORGIA,303221018,GA-05,GA-05,4047272138,4047272647,USA,UNITED STATES,ATLANTA,13089,DEKALB,13,GA,GEORGIA,303224250,GA-05,GA-05,AWARD,D,DEFINITIVE CONTRACT,,,,,,,S,COST NO FEE,IGF::OT::IGF NIAID CENTERS OF EXCELLENCE FOR INFLUENZA RESEARCH AND SURVEILLANCE (CEIRS),,1,OT,OTHER FUNCTIONS,AN12,HEALTH R&D SERVICES; HEALTH CARE SERVICES; APPLIED RESEARCH,D,NOT A BUNDLED REQUIREMENT,,,541711,RESEARCH AND DEVELOPMENT IN BIOTECHNOLOGY,C,NO CLAUSES INCLUDED AND NO SUSTAINABILITY INCLUDED,B,OTHER U.S. ENTITY (E.G. GOVERNMENT),,,,,E,NOT REQUIRED,USA,UNITED STATES,C,NOT A MANUFACTURED END PRODUCT,C,PLAN REQUIRED - INCENTIVE NOT INCLUDED,A,FULL AND OPEN COMPETITION,BR,BASIC RESEARCH,NONE,NO SET ASIDE USED.,NONE,NO PREFERENCE USED,,,,,,,10,D,COMMERCIAL PRODUCTS/SERVICES PROCEDURES NOT USED,f,N,NO,N,NO,Y,YES,N,NO,0.00,N,NO,X,NOT APPLICABLE,X,NOT APPLICABLE,X,NOT APPLICABLE,X,NOT APPLICABLE,,,,,,,,,,Y,YES,X,NOT APPLICABLE EXEMPT FROM CAS,N,N,,,N,NO,N,NO - SERVICE WHERE PBA IS NOT USED.,N,NO,,,N,NO,X,NOT APPLICABLE,f,f,f,f,f,f,f,f,f,f,f,f,f,f,f,f,f,f,f,OTHER THAN SMALL BUSINESS,O,f,f,f,f,f,f,f,f,f,f,f,f,f,f,f,f,f,CORPORATE TAX EXEMPT,f,t,f,f,f,f,f,f,f,t,f,f,f,f,f,f,f,t,f,f,f,f,f,f,f,f,f,f,f,t,f,f,t,f,f,f,f,f,f,f,f,f,f,f,f,f,f,f,f,f,,,,,,,,,,,https://www.usaspending.gov/award/CONT_AWD_HHSN272201400004C_7529_-NONE-_-NONE-/,2025-09-23
CONT_AWD_HR001123C0035_9700_-NONE-_-NONE-,HR001123C0035,,,,Q: Not Designated Nonemergency/Emergency/Disaster/Wildfire Suppression,,,,,21328957.00,0.00,23237167.00,25237167.00,2022-10-05,2023,2025-11-06,2026,2022-10-05,2026-10-05,2026-10-05 00:00:00,,2021-12-06,097,Department of Defense,97AE,Defense Advanced Research Projects Agency,HR0011,DEF ADVANCED RESEARCH PROJECTS AGCY,097,Department of Defense,97AE,Defense Advanced Research Projects Agency,HR0011,DEF ADVANCED RESEARCH PROJECTS AGCY,097-2022/2023-0400-000;097-2023/2024-0400-000,097-0400,25.5: Research and development contracts,009S: MISCELLANEOUS,X,NOT APPLICABLE,,,EMW9FC8J3HN4,,GEORGIA TECH RESEARCH CORP,GEORGIA TECH RESEARCH CORPORATION,,1G474,EMW9FC8J3HN4,,GEORGIA TECH RESEARCH CORP,GEORGIA TECH RESEARCH CORPORATION,USA,UNITED STATES,926 DALNEY ST NW,,ATLANTA,13121,FULTON,13,GA,GEORGIA,30332,GA-05,GA-05,4048946934,,USA,UNITED STATES,ATLANTA,13121,FULTON,13,GA,GEORGIA,303320415,GA-05,GA-05,AWARD,D,DEFINITIVE CONTRACT,,,,,,,S,COST NO FEE,SIGNATURE MANAGEMENT USING OPERATIONAL KNOWLEDGE AND ENVIRONMENTS (SMOKE) PHASE I AND II,HR001122S0006,1,OT,OTHER FUNCTIONS,AC12,NATIONAL DEFENSE R&D SERVICES; DEPARTMENT OF DEFENSE - MILITARY; APPLIED RESEARCH,H,NOT BUNDLED,C9E,ALL OTHERS NOT IDENTIFIABLE TO ANY OTHER PROCUREMENT PROGRAM,541715,"RESEARCH AND DEVELOPMENT IN THE PHYSICAL, ENGINEERING, AND LIFE SCIENCES (EXCEPT NANOTECHNOLOGY AND BIOTECHNOLOGY)",C,NO CLAUSES INCLUDED AND NO SUSTAINABILITY INCLUDED,A,U.S. OWNED BUSINESS,000,NONE,Z,NOT IT PRODUCTS OR SERVICES,E,NOT REQUIRED,USA,UNITED STATES,C,NOT A MANUFACTURED END PRODUCT,F,INDIVIDUAL SUBCONTRACT PLAN,A,FULL AND OPEN COMPETITION,NP,NEGOTIATED PROPOSAL/QUOTE,NONE,NO SET ASIDE USED.,NONE,NO PREFERENCE USED,,,,,,,26,D,COMMERCIAL PRODUCTS/SERVICES PROCEDURES NOT USED,f,N,NO,N,NO,Y,YES,N,NO,0.00,N,NO,X,NOT APPLICABLE,X,NOT APPLICABLE,X,NOT APPLICABLE,X,NOT APPLICABLE,,,,,,,,,,N,NO,Y,YES - CAS CLAUSE INCLUDED,N,N,N,NO,D,NOT CONSOLIDATED,N,NO - SERVICE WHERE PBA IS NOT USED.,N,NO,Z,NOT APPLICABLE,N,NO,X,NOT APPLICABLE,f,f,f,f,f,f,f,f,f,f,f,f,f,f,f,f,f,f,f,OTHER THAN SMALL BUSINESS,O,f,f,f,f,f,f,f,f,f,f,f,f,f,f,f,f,f,CORPORATE TAX EXEMPT,f,t,f,f,f,f,f,f,f,t,f,f,f,f,f,f,f,t,f,f,f,f,f,f,f,f,f,f,f,t,f,f,f,t,f,f,f,f,f,f,f,f,f,f,f,f,f,f,f,f,,,,,,,,,,,https://www.usaspending.gov/award/CONT_AWD_HR001123C0035_9700_-NONE-_-NONE-/,2025-11-06
CONT_AWD_HSBP1009C02278_7014_-NONE-_-NONE-,HSBP1009C02278,,,,"9: DEFC of '9' Indicates that the data for this row is not related to a COVID-19 P.L. (DEFC not one of the following: ['L', 'M', 'N', 'O', 'P', 'U', 'V']), but that the agency has declined to specify which other DEFC (or combination of DEFCs, in the case that the money hasn't been split out like it would be with a specific DEFC value) applies. This code was discontinued on July 13, 2021.;C: Emergency P.L. 115-123;Q: Not Designated Nonemergency/Emergency/Disaster/Wildfire Suppression",,,,,762695108.76,219976.26,762695108.76,945110702.00,2009-07-24,2009,2025-08-09,2025,2009-08-01,2019-12-31,2019-12-31 00:00:00,,,070,Department of Homeland Security,7014,U.S. Customs and Border Protection,70B02C,AIR AND MARINE CONTRACTING DIVISION,070,Department of Homeland Security,7014,U.S. Customs and Border Protection,70B002,OFFICE OF AIR AND MARINE OPERATIONS,070-2012/2014-0544-000;070-2013/2015-0544-000;070-2014/2016-0544-000;070-2015/2017-0544-000;070-2016/2016-0544-000;070-2016/2018-0544-000;070-2017/2017-0530-000;070-2017/2018-0530-000;070-2017/2019-0530-000;070-2017/2019-0532-000;070-2018/2018-0530-000;070-2018/2019-0530-000;070-2018/2020-0532-000;070-2019/2019-0530-000;070-2019/2020-0530-000;070-2020/2020-0530-000;070-2020/2021-0530-000;070-2021/2021-0530-000;070-X-0544-000,070-0530;070-0532;070-0544,22.0: Transportation of things;25.7: Operation and maintenance of equipment;26.0: Supplies and materials;31.0: Equipment,"0001: OPERATIONS AND MAINTENANCE;0004: NO-YEAR CARRYOVER;0007: CAS - INTEGRATED OPERATIONS;0008: EMERGENCY HURRICANE SUPPLEMENTAL;0010: CAS - INTEGRATED OPERATIONS ASSETS AND INFRASTRUCTURE;0801: AIR AND MARINE INTERDICTION, OPERATIONS, MAINTENANCE, AND PROCUR (REIMBURSABLE);0801: REIMBURSABLE ACTIVITY;OPTN: FIELD IS OPTIONAL PRIOR TO FY21",X,NOT APPLICABLE,,,VXHLJL9WVYE7,,LOCKHEED MARTIN AERONAUTICAL SYSTEMS SUPPORT COMPANY,LOCKHEED MARTIN AERONAUTICAL SYSTEMS SUPPORT COMPANY,,74703,ZFN2JJXBLZT3,,LOCKHEED MARTIN CORP,LOCKHEED MARTIN CORPORATION,USA,UNITED STATES,86 S COBB DR,,MARIETTA,13067,COBB,13,GA,GEORGIA,300630001,GA-11,GA-11,8179354920,8179354942,USA,UNITED STATES,MARIETTA,13067,COBB,13,GA,GEORGIA,300628354,GA-11,GA-11,AWARD,D,DEFINITIVE CONTRACT,,,,,,,V,COST PLUS INCENTIVE FEE,P-3 AIRCRAFT MAINTENANCE AND LOGISTICS SUPPORT,HSBP1008R1145,1,"CL,CT","CLOSELY ASSOCIATED,CRITICAL FUNCTIONS",1730,AIRCRAFT GROUND SERVICING EQUIPMENT,D,NOT A BUNDLED REQUIREMENT,,,336412,AIRCRAFT ENGINE AND ENGINE PARTS MANUFACTURING,C,NO CLAUSES INCLUDED AND NO SUSTAINABILITY INCLUDED,,,,,,,E,NOT REQUIRED,USA,UNITED STATES,,,C,PLAN REQUIRED - INCENTIVE NOT INCLUDED,A,FULL AND OPEN COMPETITION,NP,NEGOTIATED PROPOSAL/QUOTE,NONE,NO SET ASIDE USED.,NONE,NO PREFERENCE USED,,,,,,,1,D,COMMERCIAL PRODUCTS/SERVICES PROCEDURES NOT USED,f,N,NO,N,NO,X,NOT APPLICABLE,N,NO,0.00,N,NO,N,NO,X,NOT APPLICABLE,X,NOT APPLICABLE,X,NOT APPLICABLE,,,,,,,,,,,,X,NOT APPLICABLE EXEMPT FROM CAS,N,N,,,N,NO,X,NOT APPLICABLE,N,NO,,,N,NO,X,NOT APPLICABLE,f,f,f,f,f,f,f,f,f,f,f,f,f,f,f,f,f,f,f,OTHER THAN SMALL BUSINESS,O,f,f,f,f,f,f,f,f,f,f,f,f,f,f,f,f,f,CORPORATE NOT TAX EXEMPT,t,f,f,f,f,f,f,f,f,f,f,f,f,f,f,t,f,f,f,f,f,f,f,f,f,f,f,f,t,f,f,f,f,f,f,f,f,f,f,f,f,f,f,f,f,f,f,f,f,f,,,,,,,,,,,https://www.usaspending.gov/award/CONT_AWD_HSBP1009C02278_7014_-NONE-_-NONE-/,2025-08-09
CONT_AWD_HSFLGL12F00020_7015_DEAM3609GO29039_8900,HSFLGL12F00020,8900,"ENERGY, DEPARTMENT OF",DEAM3609GO29039,"9: DEFC of '9' Indicates that the data for this row is not related to a COVID-19 P.L. (DEFC not one of the following: ['L', 'M', 'N', 'O', 'P', 'U', 'V']), but that the agency has declined to specify which other DEFC (or combination of DEFCs, in the case that the money hasn't been split out like it would be with a specific DEFC value) applies. This code was discontinued on July 13, 2021.;Q: Not Designated Nonemergency/Emergency/Disaster/Wildfire Suppression",,,,,31713703.53,8591132.85,46981317.83,46981317.83,2011-12-28,2012,2025-12-09,2026,2011-12-28,2030-08-30,2033-08-31 00:00:00,,,070,Department of Homeland Security,7015,Federal Law Enforcement Training Center,70LGLY,FLETC GLYNCO PROCUREMENT OFFICE,070,Department of Homeland Security,7015,Federal Law Enforcement Training Center,70LGGA,FLETC GLYNCO OPERATIONS,070-2017/2019-0509-000;070-2018/2018-0509-000;070-2019/2019-0509-000;070-2020/2020-0509-000;070-2021/2021-0509-000;070-2022/2022-0509-000;070-2023/2023-0509-000;070-2024/2024-0509-000;070-2025/2025-0509-000;070-2026/2026-0509-000,070-0509,"23.3: Communications, utilities, and miscellaneous charges",0005: CAS - LAW ENFORCEMENT TRAINING;OPTN: FIELD IS OPTIONAL PRIOR TO FY21,X,NOT APPLICABLE,,,YJYYEDBU9Y69,,"NORESCO, LLC","NORESCO, LLC",,0R7F1,YJYYEDBU9Y69,,"NORESCO, LLC",NORESCO  LLC,USA,UNITED STATES,1 RESEARCH DR STE 400 C,,WESTBOROUGH,25027,WORCESTER,25,MA,MASSACHUSETTS,015813963,MA-02,MA-02,2039290266,2039292311,USA,UNITED STATES,BRUNSWICK,13127,GLYNN,13,GA,GEORGIA,315240001,GA-01,GA-01,AWARD,C,DELIVERY ORDER,,,,,,,J,FIRM FIXED PRICE,ESPC,,1,,,B540,SPECIAL STUDIES/ANALYSIS- BUILDING TECHNOLOGY,D,NOT A BUNDLED REQUIREMENT,,,541330,ENGINEERING SERVICES,D,ENERGY EFFICIENT,A,U.S. OWNED BUSINESS,,,,,E,NOT REQUIRED,USA,UNITED STATES,C,NOT A MANUFACTURED END PRODUCT,,,A,FULL AND OPEN COMPETITION,MAFO,SUBJECT TO MULTIPLE AWARD FAIR OPPORTUNITY,,,NONE,NO PREFERENCE USED,,,FAIR,FAIR OPPORTUNITY GIVEN,,,11,D,COMMERCIAL PRODUCTS/SERVICES PROCEDURES NOT USED,f,N,NO,N,NO,Y,YES,N,NO,,N,NO,Y,YES,Y,YES,N,NO,X,NOT APPLICABLE,,,B,IDC,M,MULTIPLE AWARD,ENERGY SAVINGS PERFORMANCE CONTRACT TASK ORDER,,,N,NO,,,N,N,,,N,NO,N,NO - SERVICE WHERE PBA IS NOT USED.,N,NO,Z,NOT APPLICABLE,N,NO,X,NOT APPLICABLE,f,f,f,f,f,f,f,f,f,f,f,f,f,f,f,f,f,f,f,OTHER THAN SMALL BUSINESS,O,f,f,f,f,f,f,f,f,f,f,f,f,f,f,f,f,f,OTHER,f,f,f,f,f,f,f,f,f,f,f,f,f,f,f,t,f,f,f,f,f,f,f,f,f,f,t,f,t,f,f,f,f,f,f,f,f,f,f,f,f,f,f,f,f,f,f,f,f,f,,,,,,,,,,,https://www.usaspending.gov/award/CONT_AWD_HSFLGL12F00020_7015_DEAM3609GO29039_8900/,2025-12-09
CONT_AWD_HSFLGL16C00013_7015_-NONE-_-NONE-,HSFLGL16C00013,,,,"9: DEFC of '9' Indicates that the data for this row is not related to a COVID-19 P.L. (DEFC not one of the following: ['L', 'M', 'N', 'O', 'P', 'U', 'V']), but that the agency has declined to specify which other DEFC (or combination of DEFCs, in the case that the money hasn't been split out like it would be with a specific DEFC value) applies. This code was discontinued on July 13, 2021.;Q: Not Designated Nonemergency/Emergency/Disaster/Wildfire Suppression",,,,,139920903.95,50404922.80,139920903.95,139920903.95,2016-08-22,2016,2025-11-20,2026,2016-10-01,2025-06-30,2025-06-30 00:00:00,,,070,Department of Homeland Security,7015,Federal Law Enforcement Training Center,70LGLY,FLETC GLYNCO PROCUREMENT OFFICE,070,Department of Homeland Security,7015,Federal Law Enforcement Training Center,70LGGA,FLETC GLYNCO OPERATIONS,070-2016/2017-0509-000;070-2017/2017-0509-000;070-2017/2018-0509-000;070-2018/2018-0509-000;070-2018/2019-0509-000;070-2019/2019-0509-000;070-2019/2020-0509-000;070-2020/2020-0509-000;070-2020/2021-0509-000;070-2021/2021-0509-000;070-2021/2022-0509-000;070-2022/2022-0509-000;070-2022/2023-0509-000;070-2023/2023-0509-000;070-2023/2024-0509-000;070-2024/2024-0509-000;070-2024/2025-0509-000;070-2025/2025-0509-000;070-2025/2026-0509-000,070-0509,25.4: Operation and maintenance of facilities;43.0: Interest and dividends,0004: CAS - MISSION SUPPORT;0005: CAS - LAW ENFORCEMENT TRAINING;0801: SALARIES AND EXPENSES (REIMBURSABLE);OPTN: FIELD IS OPTIONAL PRIOR TO FY21,X,NOT APPLICABLE,,,RCMYEL9NGU55,,"CHENEGA INFINITY, LLC","CHENEGA INFINITY, LLC",,75YQ3,RCMYEL9NGU55,,"CHENEGA INFINITY, LLC",CHENEGA INFINITY  LLC,USA,UNITED STATES,14295 PARK MEADOW DR STE 400,,CHANTILLY,51059,FAIRFAX,51,VA,VIRGINIA,20151,VA-11,VA-11,5712917632,,USA,UNITED STATES,BRUNSWICK,13127,GLYNN,13,GA,GEORGIA,315242002,GA-01,GA-01,AWARD,D,DEFINITIVE CONTRACT,,,,,,,J,FIRM FIXED PRICE,"IGF::CT::IGF ENTERPRISE SECURITY SERVICES, FEDERAL LAW ENFORCEMENT TRAINING CENTERS, INCLUDING GLYNCO, GA; ARTESIA, NM, CHARLESTON, SC AND CHELTENHAM, MD",HSFLGL-15-R-00023,1,CT,CRITICAL FUNCTIONS,S206,HOUSEKEEPING- GUARD,D,NOT A BUNDLED REQUIREMENT,,,561612,SECURITY GUARDS AND PATROL SERVICES,E,BIO-BASED,A,U.S. OWNED BUSINESS,,,,,A,MEETS REQUIREMENTS,USA,UNITED STATES,C,NOT A MANUFACTURED END PRODUCT,B,PLAN NOT REQUIRED,D,FULL AND OPEN COMPETITION AFTER EXCLUSION OF SOURCES,NP,NEGOTIATED PROPOSAL/QUOTE,8A,8A COMPETED,NONE,NO PREFERENCE USED,,,,,,,6,A,COMMERCIAL PRODUCTS/SERVICES,f,N,NO,N,NO,Y,YES,N,NO,0.00,N,NO,N,NO,Y,YES,N,NO,X,NOT APPLICABLE,,,,,,,,,,N,NO,X,NOT APPLICABLE EXEMPT FROM CAS,Y,Y,,,N,NO,Y,YES - SERVICE WHERE PBA IS USED.,N,NO,,,N,NO,X,NOT APPLICABLE,t,f,f,f,f,f,f,f,f,f,f,f,t,f,f,f,f,t,f,SMALL BUSINESS,S,f,f,f,f,f,f,f,f,f,f,f,f,f,f,f,f,f,OTHER,f,f,f,f,f,f,f,f,f,f,f,f,f,f,f,f,f,t,f,f,f,f,f,f,f,f,t,f,t,f,f,f,f,f,f,f,f,f,f,f,f,f,f,f,f,t,f,t,f,f,JON  MYERS,216333.00,PATRIS  XEGA,53894.00,ANTHONY  GWYNN,98843.00,0 0 0,0.00,0 0 0,0.00,https://www.usaspending.gov/award/CONT_AWD_HSFLGL16C00013_7015_-NONE-_-NONE-/,2025-11-20
CONT_AWD_HTC71125FR001_9700_HTC71124DR001_9700,HTC71125FR001,9700,DEPT OF DEFENSE,HTC71124DR001,Q: Not Designated Nonemergency/Emergency/Disaster/Wildfire Suppression,,,,,47958580.80,0.00,47958580.80,47958580.80,2024-10-01,2025,2024-10-01,2025,2024-10-01,2025-09-30,2025-09-30 00:00:00,,2024-10-01,097,Department of Defense,9776,USTRANSCOM,HTC711,USTRANSCOM-AQ,097,Department of Defense,9776,USTRANSCOM,HTC711,USTRANSCOM-AQ,097-X-4930-003,097-4930,25.2: Other services from non-Federal sources,0801: REIMBURSABLE,X,NOT APPLICABLE,,,FBUPGPFL74A3,,"INTERNATIONAL AUTO LOGISTICS, LLC","INTERNATIONAL AUTO LOGISTICS, LLC",,6TVH1,FBUPGPFL74A3,,"INTERNATIONAL AUTO LOGISTICS, LLC",INTERNATIONAL AUTO LOGISTICS  LLC,USA,UNITED STATES,110 OFFICE PARK LN,,SAINT SIMONS ISLAND,13127,GLYNN,13,GA,GEORGIA,315226601,GA-01,GA-01,9126025621,,USA,UNITED STATES,SAINT SIMONS ISLAND,13127,GLYNN,13,GA,GEORGIA,315226601,GA-01,GA-01,AWARD,C,DELIVERY ORDER,,,,,,,J,FIRM FIXED PRICE,GLOBAL TRANSPORTATION AND STORAGE OF PRIVATELY OWNED VEHICLES.,HTC71123RR001,1,OT,OTHER FUNCTIONS,V119,TRANSPORTATION/TRAVEL/RELOCATION- TRANSPORTATION: OTHER,H,NOT BUNDLED,,,488999,ALL OTHER SUPPORT ACTIVITIES FOR TRANSPORTATION,C,NO CLAUSES INCLUDED AND NO SUSTAINABILITY INCLUDED,A,U.S. OWNED BUSINESS,000,NONE,Z,NOT IT PRODUCTS OR SERVICES,E,NOT REQUIRED,USA,UNITED STATES,C,NOT A MANUFACTURED END PRODUCT,F,INDIVIDUAL SUBCONTRACT PLAN,A,FULL AND OPEN COMPETITION,NP,NEGOTIATED PROPOSAL/QUOTE,,,NONE,NO PREFERENCE USED,,,,,,,,A,COMMERCIAL PRODUCTS/SERVICES,f,N,NO,,,X,NOT APPLICABLE,N,NO,,N,NO,X,NOT APPLICABLE,Y,YES,X,NOT APPLICABLE,X,NOT APPLICABLE,,,B,IDC,S,SINGLE AWARD,,,,N,NO,X,NOT APPLICABLE EXEMPT FROM CAS,Y,Y,,,D,NOT CONSOLIDATED,Y,YES - SERVICE WHERE PBA IS USED.,N,NO,Z,NOT APPLICABLE,N,NO,X,NOT APPLICABLE,f,f,f,f,f,f,f,f,f,f,f,f,f,f,f,f,f,f,f,OTHER THAN SMALL BUSINESS,O,f,f,f,f,f,f,f,f,f,f,f,f,f,f,f,f,f,OTHER,f,f,f,f,f,f,f,f,f,f,f,f,f,f,f,f,f,t,f,f,f,f,f,f,f,f,f,f,t,f,f,f,f,f,f,f,f,f,f,f,f,f,f,f,f,f,f,f,f,f,ROY L MOHR,626011.00,KENNETH  QUINN,587278.00,DOUG W TIPTON,525000.00,VINCENT C WATSON,488985.00,FRED W NEWTON,364836.00,https://www.usaspending.gov/award/CONT_AWD_HTC71125FR001_9700_HTC71124DR001_9700/,2024-10-01
CONT_AWD_M6700423F3005_9700_N0017821D9287_9700,M6700423F3005,9700,DEPT OF DEFENSE,N0017821D9287,,,,,,31971765.23,,38574125.87,96632346.21,2023-09-29,2023,2025-09-25,2025,2024-03-17,2026-01-28,2029-07-28 00:00:00,,2023-05-24,097,Department of Defense,1700,Department of the Navy,M67004,COMMANDER,097,Department of Defense,1700,Department of the Navy,M38003,COMMANDING OFFICER,,,,,X,NOT APPLICABLE,,,GNGGA942RUB3,,"PRIMETECH INTERNATIONAL, INC.","PRIMETECH INTERNATIONAL, INC.",,52DA5,GNGGA942RUB3,,"PRIMETECH INTERNATIONAL, INC.",PRIMETECH INTERNATIONAL  INC.,USA,UNITED STATES,1329 SWIFT AVE,,NORTH KANSAS CITY,29047,CLAY,29,MO,MISSOURI,641164013,MO-05,MO-05,8167590431,8165694627,USA,UNITED STATES,ALBANY,13095,DOUGHERTY,13,GA,GEORGIA,317041128,GA-02,GA-02,AWARD,C,DELIVERY ORDER,,,,,,,J,FIRM FIXED PRICE,THIS REQUIREMENT WAS PREVIOUSLY RELEASED AS INTEGRATED LOGISTIC SUPPORT SERVICES (ILSS) CONSOLIDATION AND IS NOW STORAGE COMMAND CLASS VII SOLUTIONS (SC7). IT IS SET ASIDE FOR SMALL BUSINESSES.,M6700423R3005,1,OT,OTHER FUNCTIONS,R706,SUPPORT- MANAGEMENT: LOGISTICS SUPPORT,H,NOT BUNDLED,,,541330,ENGINEERING SERVICES,C,NO CLAUSES INCLUDED AND NO SUSTAINABILITY INCLUDED,A,U.S. OWNED BUSINESS,000,NONE,Z,NOT IT PRODUCTS OR SERVICES,E,NOT REQUIRED,USA,UNITED STATES,C,NOT A MANUFACTURED END PRODUCT,B,PLAN NOT REQUIRED,A,FULL AND OPEN COMPETITION,MAFO,SUBJECT TO MULTIPLE AWARD FAIR OPPORTUNITY,,,NONE,NO PREFERENCE USED,,,FAIR,FAIR OPPORTUNITY GIVEN,,,11,D,COMMERCIAL PRODUCTS/SERVICES PROCEDURES NOT USED,f,N,NO,N,NO,Y,YES,N,NO,,N,NO,N,NO,N,NO,N,NO,X,NOT APPLICABLE,,,B,IDC,M,MULTIPLE AWARD,,,,N,NO,N,NO - CAS WAIVER APPROVED,N,N,,,D,NOT CONSOLIDATED,Y,YES - SERVICE WHERE PBA IS USED.,N,NO,Z,NOT APPLICABLE,N,NO,X,NOT APPLICABLE,f,f,f,f,f,f,f,t,t,f,f,f,t,f,f,f,t,f,f,SMALL BUSINESS,S,f,f,f,f,f,f,f,f,f,f,f,f,f,f,f,f,f,CORPORATE NOT TAX EXEMPT,t,f,f,f,f,f,f,f,f,f,f,f,f,f,f,f,f,t,f,f,f,f,f,f,f,f,f,f,t,f,f,f,f,f,f,f,f,f,f,f,f,f,f,f,f,t,f,f,f,f,,,,,,,,,,,https://www.usaspending.gov/award/CONT_AWD_M6700423F3005_9700_N0017821D9287_9700/,2025-09-25
CONT_AWD_M6700424P4002_9700_-NONE-_-NONE-,M6700424P4002,,,,Q: Not Designated Nonemergency/Emergency/Disaster/Wildfire Suppression,,,,,23538431.96,0.00,24050864.02,24050864.02,2024-01-12,2024,2025-09-19,2025,2024-01-22,2024-09-21,2024-09-21 00:00:00,,2024-01-03,097,Department of Defense,1700,Department of the Navy,M67004,COMMANDER,097,Department of Defense,1700,Department of the Navy,M38003,COMMANDING OFFICER,017-2024/2024-1106-000,017-1106,25.1: Advisory and assistance services,0004: ADMIN & SRVWD ACTIVITIES,X,NOT APPLICABLE,,,VJPCB8N3JYK3,,"CHEROKEE NATION MANAGEMENT & CONSULTING, L.L.C..","CHEROKEE NATION MANAGEMENT & CONSULTING, L.L.C..",,6YW97,VJPCB8N3JYK3,,"CHEROKEE NATION MANAGEMENT & CONSULTING, L.L.C..",CHEROKEE NATION MANAGEMENT & CONSULTING  L.L.C..,USA,UNITED STATES,2 W 2ND ST STE 1500-25,,TULSA,40143,TULSA,40,OK,OKLAHOMA,741033123,OK-01,OK-01,9185754178,,USA,UNITED STATES,ALBANY,13095,DOUGHERTY,13,GA,GEORGIA,317040002,GA-02,GA-02,AWARD,B,PURCHASE ORDER,,,,,,,J,FIRM FIXED PRICE,CONSOLIDATED STORAGE PROGRAM-OPERATIONS,M6700424R0019,1,OT,OTHER FUNCTIONS,M1GZ,OPERATION OF OTHER WAREHOUSE BUILDINGS,H,NOT BUNDLED,,,493190,OTHER WAREHOUSING AND STORAGE,C,NO CLAUSES INCLUDED AND NO SUSTAINABILITY INCLUDED,A,U.S. OWNED BUSINESS,000,NONE,Z,NOT IT PRODUCTS OR SERVICES,E,NOT REQUIRED,USA,UNITED STATES,C,NOT A MANUFACTURED END PRODUCT,B,PLAN NOT REQUIRED,C,NOT COMPETED,SSS,ONLY ONE SOURCE,NONE,NO SET ASIDE USED.,NONE,NO PREFERENCE USED,,,,,ONE,ONLY ONE SOURCE-OTHER (FAR 6.302-1 OTHER),1,A,COMMERCIAL PRODUCTS/SERVICES,f,N,NO,,,Y,YES,N,NO,,N,NO,X,NOT APPLICABLE,Y,YES,X,NOT APPLICABLE,X,NOT APPLICABLE,,,,,,,,,,,,,,Y,Y,,,D,NOT CONSOLIDATED,Y,YES - SERVICE WHERE PBA IS USED.,,,Z,NOT APPLICABLE,N,NO,X,NOT APPLICABLE,f,f,f,f,t,f,f,f,f,f,f,f,t,f,f,f,f,t,f,SMALL BUSINESS,S,f,f,f,f,f,f,f,f,f,f,f,f,f,f,f,f,f,CORPORATE NOT TAX EXEMPT,t,f,f,f,f,f,f,f,f,f,f,f,f,f,f,f,f,t,f,f,f,f,f,f,f,f,t,f,t,f,f,f,f,f,f,f,f,f,f,f,f,f,f,f,f,t,f,t,f,f,SCOTT  EDWARDS,29076.00,DAN  GUINAN,51030.00,,,,,,,https://www.usaspending.gov/award/CONT_AWD_M6700424P4002_9700_-NONE-_-NONE-/,2025-09-19
CONT_AWD_M6700425F3001_9700_N0017819D7343_9700,M6700425F3001,9700,DEPT OF DEFENSE,N0017819D7343,Q: Not Designated Nonemergency/Emergency/Disaster/Wildfire Suppression,,,,,24691542.57,0.00,55834591.80,185543007.00,2024-12-05,2025,2025-10-23,2026,2024-12-06,2030-03-21,2030-03-21 00:00:00,,2023-09-02,097,Department of Defense,1700,Department of the Navy,M67004,COMMANDER,097,Department of Defense,1700,Department of the Navy,M38003,COMMANDING OFFICER,017-2025/2025-1106-000,017-1106,25.1: Advisory and assistance services;25.7: Operation and maintenance of equipment;26.0: Supplies and materials,0004: ADMIN & SRVWD ACTIVITIES;0030: UNMATCHED,X,NOT APPLICABLE,,,GTS9NLFKGEG8,,CHEROKEE NATION GOVERNMENT SOLUTIONS LLC,CHEROKEE NATION GOVERNMENT SOLUTIONS LLC,,69V24,GTS9NLFKGEG8,,CHEROKEE NATION GOVERNMENT SOLUTIONS LLC,CHEROKEE NATION GOVERNMENT SOLUTIONS LLC,USA,UNITED STATES,2 W 2ND ST STE 1500-16,,TULSA,40143,TULSA,40,OK,OKLAHOMA,741033123,OK-01,OK-01,9185754178,,USA,UNITED STATES,ALBANY,13095,DOUGHERTY,13,GA,GEORGIA,317040002,GA-02,GA-02,AWARD,C,DELIVERY ORDER,,,,,,,J,FIRM FIXED PRICE,STORAGE COMMAND CLASS II SOLUTIONS-PROVIDE MANAGEMENT AND OPERATIONS SERVICES FOR THE UNITED STATES MARINE CORPS (USMC) CONSOLIDATED STORAGE PROGRAM (CSP).,M6700423R3004,1,OT,OTHER FUNCTIONS,M1GZ,OPERATION OF OTHER WAREHOUSE BUILDINGS,H,NOT BUNDLED,,,541330,ENGINEERING SERVICES,C,NO CLAUSES INCLUDED AND NO SUSTAINABILITY INCLUDED,A,U.S. OWNED BUSINESS,000,NONE,Z,NOT IT PRODUCTS OR SERVICES,E,NOT REQUIRED,USA,UNITED STATES,C,NOT A MANUFACTURED END PRODUCT,B,PLAN NOT REQUIRED,A,FULL AND OPEN COMPETITION,MAFO,SUBJECT TO MULTIPLE AWARD FAIR OPPORTUNITY,,,NONE,NO PREFERENCE USED,,,FAIR,FAIR OPPORTUNITY GIVEN,,,4,D,COMMERCIAL PRODUCTS/SERVICES PROCEDURES NOT USED,f,N,NO,N,NO,Y,YES,N,NO,,N,NO,N,NO,N,NO,N,NO,X,NOT APPLICABLE,,,B,IDC,M,MULTIPLE AWARD,,,,N,NO,Y,YES - CAS CLAUSE INCLUDED,Y,Y,,,D,NOT CONSOLIDATED,N,NO - SERVICE WHERE PBA IS NOT USED.,N,NO,Z,NOT APPLICABLE,N,NO,X,NOT APPLICABLE,f,f,f,f,t,f,f,f,f,f,f,f,t,f,f,f,f,t,f,SMALL BUSINESS,S,f,f,f,f,f,f,f,f,f,f,f,f,f,f,f,f,f,CORPORATE NOT TAX EXEMPT,t,f,f,f,f,f,f,f,f,f,f,f,f,f,f,f,f,t,f,f,f,f,f,f,f,f,t,f,t,f,f,f,f,f,f,f,f,f,f,f,f,f,f,f,f,t,f,t,f,f,,,,,,,,,,,https://www.usaspending.gov/award/CONT_AWD_M6700425F3001_9700_N0017819D7343_9700/,2025-10-23
CONT_AWD_M9549419C0020_9700_-NONE-_-NONE-,M9549419C0020,,,,N: Emergency P.L. 116-136;Q: Not Designated Nonemergency/Emergency/Disaster/Wildfire Suppression,38988983.00,-35256679.06,,,669143216.52,241311033.68,669143216.52,669143216.52,2019-09-18,2019,2024-10-29,2025,2019-09-18,2024-12-19,2024-12-19 00:00:00,,2019-05-14,097,Department of Defense,1700,Department of the Navy,M95494,COMMANDING OFFICER,097,Department of Defense,1700,Department of the Navy,M95492,COMMANDING GENERAL,017-2020/2020-1106-000;017-2021/2021-1106-000;017-2022/2022-1106-000;017-2023/2023-1106-000;017-2024/2024-1106-000,017-1106,24.0: Printing and reproduction;25.1: Advisory and assistance services,0001: OPERATING FORCES;0003: TRAINING AND RECRUITING;0004: ADMIN & SRVWD ACTIVITIES;OPTN: FIELD IS OPTIONAL PRIOR TO FY21,X,NOT APPLICABLE,,,SF2NA13BJQU4,,WUNDERMAN THOMPSON LLC,"J. WALTER THOMPSON U.S.A., LLC",,3PMN9,SF2NA13BJQU4,,WUNDERMAN THOMPSON LLC,WUNDERMAN THOMPSON LLC,USA,UNITED STATES,3630 PEACHTREE RD NE STE 1200,,ATLANTA,13121,FULTON,13,GA,GEORGIA,303261552,GA-05,GA-06,4043657300,,USA,UNITED STATES,ATLANTA,13121,FULTON,13,GA,GEORGIA,303261500,GA-05,GA-06,AWARD,D,DEFINITIVE CONTRACT,,,,,,,J,FIRM FIXED PRICE,MCRC ADVERTISING SERVICES SUPPORT,M9549419R0020,1,OT,OTHER FUNCTIONS,R701,SUPPORT- MANAGEMENT: ADVERTISING,H,NOT BUNDLED,S1,SERVICES,541810,ADVERTISING AGENCIES,C,NO CLAUSES INCLUDED AND NO SUSTAINABILITY INCLUDED,C,FOREIGN-OWNED BUSINESS INCORPORATED IN THE U.S.,000,NONE,Z,NOT IT PRODUCTS OR SERVICES,E,NOT REQUIRED,USA,UNITED STATES,C,NOT A MANUFACTURED END PRODUCT,F,INDIVIDUAL SUBCONTRACT PLAN,A,FULL AND OPEN COMPETITION,NP,NEGOTIATED PROPOSAL/QUOTE,NONE,NO SET ASIDE USED.,NONE,NO PREFERENCE USED,,,,,,,3,A,COMMERCIAL PRODUCTS/SERVICES,f,N,NO,N,NO,X,NOT APPLICABLE,N,NO,0.00,N,NO,X,NOT APPLICABLE,X,NOT APPLICABLE,X,NOT APPLICABLE,X,NOT APPLICABLE,,,,,,,,,,N,NO,X,NOT APPLICABLE EXEMPT FROM CAS,Y,Y,N,NO,D,NOT CONSOLIDATED,Y,YES - SERVICE WHERE PBA IS USED.,N,NO,Z,NOT APPLICABLE,N,NO,X,NOT APPLICABLE,f,f,f,f,f,f,f,f,f,f,f,f,f,f,f,f,f,f,f,OTHER THAN SMALL BUSINESS,O,f,f,f,f,f,f,f,f,f,f,f,f,f,f,f,f,f,CORPORATE NOT TAX EXEMPT,t,f,f,f,f,f,f,f,f,f,f,f,f,f,f,f,f,t,f,f,f,f,f,f,f,f,f,t,t,f,f,f,f,f,f,f,f,f,f,f,f,f,f,f,f,f,f,f,f,f,,,,,,,,,,,https://www.usaspending.gov/award/CONT_AWD_M9549419C0020_9700_-NONE-_-NONE-/,2024-10-29
CONT_AWD_M9549425F7001_9700_M9549425D0001_9700,M9549425F7001,9700,DEPT OF DEFENSE,M9549425D0001,Q: Not Designated Nonemergency/Emergency/Disaster/Wildfire Suppression,,,,,109302335.60,0.00,166734127.08,166734127.08,2024-12-19,2025,2025-05-05,2025,2024-12-20,2025-12-19,2025-12-19 00:00:00,,2024-11-14,097,Department of Defense,1700,Department of the Navy,M95494,COMMANDING OFFICER,097,Department of Defense,1700,Department of the Navy,M95492,COMMANDING GENERAL,017-2025/2025-1106-000,017-1106,25.1: Advisory and assistance services,0004: ADMIN & SRVWD ACTIVITIES,X,NOT APPLICABLE,,,SF2NA13BJQU4,,WUNDERMAN THOMPSON LLC,WUNDERMAN THOMPSON LLC,,3PMN9,SF2NA13BJQU4,,WUNDERMAN THOMPSON LLC,WUNDERMAN THOMPSON LLC,USA,UNITED STATES,505 N ANGIER AVE NE STE 5000,,ATLANTA,13121,FULTON,13,GA,GEORGIA,303083197,GA-05,GA-05,9175816800,4043657333,USA,UNITED STATES,ATLANTA,13121,FULTON,13,GA,GEORGIA,303083197,GA-05,GA-05,AWARD,C,DELIVERY ORDER,,,,,,,J,FIRM FIXED PRICE,MARINE CORPS RECRUITING COMMAND ADVERTISING SERVICES,M9549424R0001,1,OT,OTHER FUNCTIONS,R701,SUPPORT- MANAGEMENT: ADVERTISING,H,NOT BUNDLED,,,541810,ADVERTISING AGENCIES,C,NO CLAUSES INCLUDED AND NO SUSTAINABILITY INCLUDED,C,FOREIGN-OWNED BUSINESS INCORPORATED IN THE U.S.,000,NONE,Z,NOT IT PRODUCTS OR SERVICES,E,NOT REQUIRED,USA,UNITED STATES,C,NOT A MANUFACTURED END PRODUCT,F,INDIVIDUAL SUBCONTRACT PLAN,A,FULL AND OPEN COMPETITION,NP,NEGOTIATED PROPOSAL/QUOTE,,,NONE,NO PREFERENCE USED,,,,,,,,A,COMMERCIAL PRODUCTS/SERVICES,f,N,NO,,,X,NOT APPLICABLE,N,NO,,N,NO,X,NOT APPLICABLE,X,NOT APPLICABLE,X,NOT APPLICABLE,X,NOT APPLICABLE,,,B,IDC,S,SINGLE AWARD,,,,N,NO,X,NOT APPLICABLE EXEMPT FROM CAS,N,N,,,D,NOT CONSOLIDATED,Y,YES - SERVICE WHERE PBA IS USED.,N,NO,Z,NOT APPLICABLE,N,NO,X,NOT APPLICABLE,f,f,f,f,f,f,f,f,f,f,f,f,f,f,f,f,f,f,f,OTHER THAN SMALL BUSINESS,O,f,f,f,f,f,f,f,f,f,f,f,f,f,f,f,f,f,OTHER,f,f,f,f,f,f,f,f,f,f,f,f,f,f,f,f,f,t,f,f,f,f,f,f,f,f,f,t,t,f,f,f,f,f,f,f,f,f,f,f,f,f,f,f,f,f,f,f,f,f,,,,,,,,,,,https://www.usaspending.gov/award/CONT_AWD_M9549425F7001_9700_M9549425D0001_9700/,2025-05-05
CONT_AWD_N0001422C1030_9700_-NONE-_-NONE-,N0001422C1030,,,,,,,,,29806457.40,,30383425.17,35237673.59,2022-01-13,2022,2025-03-13,2025,2022-01-13,2025-11-15,2025-11-15 00:00:00,,2020-10-09,097,Department of Defense,1700,Department of the Navy,N00014,OFFICE OF NAVAL RESEARCH,097,Department of Defense,1700,Department of the Navy,N00014,OFFICE OF NAVAL RESEARCH,,,,,X,NOT APPLICABLE,,,L3G5SBQ2PLK5,,GEORGIA TECH APPLIED RESEARCH CORP,GEORGIA TECH APPLIED RESEARCH CORPORATION,,1FEZ4,L3G5SBQ2PLK5,,GEORGIA TECH APPLIED RESEARCH CORP,GEORGIA TECH RESEARCH CORPORATION,USA,UNITED STATES,926 DALNEY ST NW,,ATLANTA,13121,FULTON,13,GA,GEORGIA,30318,GA-05,GA-90,4048946934,4043852081,USA,UNITED STATES,ATLANTA,13121,FULTON,13,GA,GEORGIA,303320420,GA-05,GA-05,AWARD,D,DEFINITIVE CONTRACT,,,,,,,U,COST PLUS FIXED FEE,"THIS WORK EFFORT WILL INVESTIGATE THE EXTENSION OF SWARMING AUTONOMY FROM EXPENDABLE, AUTONOMOUS UNMANNED AERIAL VEHICLES (UAVS) TO ENABLE HETEROGENEITY ACROSS SENSOR MODALITIES, AND SUPER SWARM SYSTEM EO14042",N0001421SB001,1,CT,CRITICAL FUNCTIONS,AC12,NATIONAL DEFENSE R&D SERVICES; DEPARTMENT OF DEFENSE - MILITARY; APPLIED RESEARCH,H,NOT BUNDLED,S1,SERVICES,541715,"RESEARCH AND DEVELOPMENT IN THE PHYSICAL, ENGINEERING, AND LIFE SCIENCES (EXCEPT NANOTECHNOLOGY AND BIOTECHNOLOGY)",C,NO CLAUSES INCLUDED AND NO SUSTAINABILITY INCLUDED,A,U.S. OWNED BUSINESS,000,NONE,Z,NOT IT PRODUCTS OR SERVICES,E,NOT REQUIRED,USA,UNITED STATES,C,NOT A MANUFACTURED END PRODUCT,F,INDIVIDUAL SUBCONTRACT PLAN,A,FULL AND OPEN COMPETITION,BR,BASIC RESEARCH,NONE,NO SET ASIDE USED.,NONE,NO PREFERENCE USED,,,,,,,999,D,COMMERCIAL PRODUCTS/SERVICES PROCEDURES NOT USED,f,N,NO,N,NO,Y,YES,N,NO,0.00,N,NO,X,NOT APPLICABLE,X,NOT APPLICABLE,X,NOT APPLICABLE,X,NOT APPLICABLE,,,,,,,,,,Y,YES,X,NOT APPLICABLE EXEMPT FROM CAS,N,N,N,NO,D,NOT CONSOLIDATED,N,NO - SERVICE WHERE PBA IS NOT USED.,N,NO,Z,NOT APPLICABLE,N,NO,X,NOT APPLICABLE,f,f,f,f,f,f,f,f,f,f,f,f,f,f,f,f,f,f,f,OTHER THAN SMALL BUSINESS,O,f,f,f,f,f,f,f,f,f,f,f,f,f,f,f,f,f,CORPORATE TAX EXEMPT,f,t,f,f,f,f,f,f,f,t,f,f,f,f,f,f,f,t,f,f,f,f,f,f,f,f,f,f,f,t,f,f,f,t,f,f,f,f,f,f,f,f,f,f,f,f,f,f,f,f,,,,,,,,,,,https://www.usaspending.gov/award/CONT_AWD_N0001422C1030_9700_-NONE-_-NONE-/,2025-03-13
CONT_AWD_N0016425CJR94_9700_-NONE-_-NONE-,N0016425CJR94,,,,,,,,,93994917.00,,93994917.00,93994917.00,2025-02-11,2025,2025-06-18,2025,2025-02-11,2028-01-27,2028-01-27 00:00:00,,2024-12-20,097,Department of Defense,1700,Department of the Navy,N00164,NSWC CRANE,097,Department of Defense,1700,Department of the Navy,N00024,NAVSEA HQ,,,,,A,FOREIGN FUNDS FMS,,,T7XMQQPLGTJ1,,"ANDURIL INDUSTRIES, INC.","ANDURIL INDUSTRIES, INC.",,9URS8,T7XMQQPLGTJ1,,"ANDURIL INDUSTRIES, INC.",ANDURIL INDUSTRIES  INC.,USA,UNITED STATES,1435 HILLS PL NW,,ATLANTA,13121,FULTON,13,GA,GEORGIA,303182812,GA-05,GA-06,9498911607,,USA,UNITED STATES,ATLANTA,13121,FULTON,13,GA,GEORGIA,303182812,GA-06,GA-06,AWARD,D,DEFINITIVE CONTRACT,,,,,,,J,FIRM FIXED PRICE,PRODUCTION AND DELIVERY OF ALTIUS 600M-V LOITERING MUNITIONS AND SUPPORTING HARDWARE,N0016425RJR94,1,,,1550,UNMANNED AIRCRAFT,H,NOT BUNDLED,,,336411,AIRCRAFT MANUFACTURING,C,NO CLAUSES INCLUDED AND NO SUSTAINABILITY INCLUDED,A,U.S. OWNED BUSINESS,000,NONE,Z,NOT IT PRODUCTS OR SERVICES,A,MEETS REQUIREMENTS,USA,UNITED STATES,D,MFG IN U.S.,B,PLAN NOT REQUIRED,C,NOT COMPETED,SSS,ONLY ONE SOURCE,NONE,NO SET ASIDE USED.,NONE,NO PREFERENCE USED,SR3,SMALL BUSINESS INNOVATION RESEARCH PROGRAM PHASE III ACTION,,,ONE,ONLY ONE SOURCE-OTHER (FAR 6.302-1 OTHER),1,A,COMMERCIAL PRODUCTS/SERVICES,f,N,NO,,,Y,YES,N,NO,0.00,N,NO,X,NOT APPLICABLE,X,NOT APPLICABLE,X,NOT APPLICABLE,X,NOT APPLICABLE,,,,,,,,,,N,NO,X,NOT APPLICABLE EXEMPT FROM CAS,N,N,,,D,NOT CONSOLIDATED,X,NOT APPLICABLE,N,NO,Z,NOT APPLICABLE,N,NO,X,NOT APPLICABLE,f,f,f,f,f,f,f,f,f,f,f,f,f,f,f,f,f,f,f,SMALL BUSINESS,S,f,f,f,f,f,f,f,f,f,f,f,f,f,f,f,f,f,CORPORATE NOT TAX EXEMPT,t,f,f,f,f,f,f,f,f,f,f,f,f,f,f,f,f,t,f,f,f,f,f,f,f,f,f,f,t,f,f,f,f,f,f,f,f,f,f,f,f,f,f,f,f,f,f,f,f,f,,,,,,,,,,,https://www.usaspending.gov/award/CONT_AWD_N0016425CJR94_9700_-NONE-_-NONE-/,2025-06-18
CONT_AWD_N0018920CZ004_9700_-NONE-_-NONE-,N0018920CZ004,,,,,,,,,29094300.00,,29094300.00,29094300.00,2019-12-19,2020,2025-02-06,2025,2020-01-01,2024-12-31,2024-12-31 00:00:00,,2019-08-28,097,Department of Defense,1700,Department of the Navy,N00189,NAVSUP FLT LOG CTR NORFOLK,097,Department of Defense,1700,Department of the Navy,N68870,NAVAL EDUCATION AND TRAINING,,,,,A,FOREIGN FUNDS FMS,,,QJLWVXNY3FU5,,"PARAGON BENEFITS, INC.","PARAGON BENEFITS, INC.",,4GA71,QJLWVXNY3FU5,,"PARAGON BENEFITS, INC.",PARAGON BENEFITS  INC.,USA,UNITED STATES,6065 BUSINESS PARK DR,,COLUMBUS,13215,MUSCOGEE,13,GA,GEORGIA,319095593,GA-02,GA-02,7063279218,7062563870,USA,UNITED STATES,COLUMBUS,13215,MUSCOGEE,13,GA,GEORGIA,319095593,GA-02,GA-02,AWARD,D,DEFINITIVE CONTRACT,,,,,,,J,FIRM FIXED PRICE,MEDICAL EXPENSES,N0018919RZ095,1,OT,OTHER FUNCTIONS,R799,SUPPORT- MANAGEMENT: OTHER,H,NOT BUNDLED,S1,SERVICES,524292,PHARMACY BENEFIT MANAGEMENT AND OTHER THIRD PARTY ADMINISTRATION OF INSURANCE AND PENSION FUNDS,C,NO CLAUSES INCLUDED AND NO SUSTAINABILITY INCLUDED,A,U.S. OWNED BUSINESS,000,NONE,Z,NOT IT PRODUCTS OR SERVICES,E,NOT REQUIRED,USA,UNITED STATES,C,NOT A MANUFACTURED END PRODUCT,B,PLAN NOT REQUIRED,F,COMPETED UNDER SAP,SP1,SIMPLIFIED ACQUISITION,SBA,SMALL BUSINESS SET ASIDE - TOTAL,NONE,NO PREFERENCE USED,,,,,,,1,D,COMMERCIAL PRODUCTS/SERVICES PROCEDURES NOT USED,f,N,NO,N,NO,Y,YES,N,NO,0.00,N,NO,X,NOT APPLICABLE,X,NOT APPLICABLE,X,NOT APPLICABLE,X,NOT APPLICABLE,,,,,,,,,,N,NO,Y,YES - CAS CLAUSE INCLUDED,N,N,U,UNKNOWN,D,NOT CONSOLIDATED,Y,YES - SERVICE WHERE PBA IS USED.,N,NO,Z,NOT APPLICABLE,N,NO,X,NOT APPLICABLE,f,f,f,f,f,f,f,f,f,f,f,f,f,f,f,f,f,f,f,SMALL BUSINESS,S,f,f,f,f,f,f,f,f,f,f,f,f,f,f,f,f,f,CORPORATE NOT TAX EXEMPT,t,f,f,f,f,f,f,f,f,f,f,f,f,f,f,f,f,t,f,f,f,f,f,f,f,f,f,f,t,f,f,f,f,f,f,f,f,f,f,f,f,f,f,f,f,f,f,f,f,f,,,,,,,,,,,https://www.usaspending.gov/award/CONT_AWD_N0018920CZ004_9700_-NONE-_-NONE-/,2025-02-06
CONT_AWD_N3943016F1838_9700_DEAM3609GO29033_8900,N3943016F1838,8900,"ENERGY, DEPARTMENT OF",DEAM3609GO29033,Q: Not Designated Nonemergency/Emergency/Disaster/Wildfire Suppression,,,,,34773324.79,0.00,161248082.79,161248082.79,2016-09-30,2016,2025-09-19,2025,2016-09-30,2041-09-29,2041-09-29 00:00:00,,,097,Department of Defense,1700,Department of the Navy,N39430,NAVFAC SYSTEMS AND EXP WARFARE CTR,097,Department of Defense,1700,Department of the Navy,M95028,COMMANDING OFFICER,017-2017/2017-1106-000;017-2021/2021-1106-000;017-2022/2022-1106-000;017-2023/2023-1106-000;017-2024/2024-1106-000;017-2025/2025-1106-000,017-1106,"23.3: Communications, utilities, and miscellaneous charges;25.4: Operation and maintenance of facilities",0001: OPERATING FORCES;0004: ADMIN & SRVWD ACTIVITIES;0801: REIMBURSABLE,X,NOT APPLICABLE,,,XVPREJLB2MY6,,"CONSTELLATION ENERGY SOLUTIONS, LLC","CONSTELLATION ENERGY SOLUTIONS, LLC",,8EPG0,T3VXNBN5U2F7,,EXELON CORPORATION,CONSTELLATION ENERGY SOLUTIONS  LLC,USA,UNITED STATES,1310 POINT ST FL 8,,BALTIMORE,24510,BALTIMORE (CITY),24,MD,MARYLAND,212313380,MD-07,MD-07,9788486058,4432133625,USA,UNITED STATES,ALBANY,13095,DOUGHERTY,13,GA,GEORGIA,317041128,GA-02,GA-02,AWARD,C,DELIVERY ORDER,,,,,,,J,FIRM FIXED PRICE,"IGF::OT::IGF ESPC AT MARINE CORPS LOGISTICS BASE ALBANY.  CONSTRUCTION AND PERFORMANCE PERIOD SERVICES FOR BOILER PLANT IMPROVEMENTS, LIGHTING IMPROVEMENTS, ELECTRIC MOTORS AND DRIVES, RENEWABLE ENERGY SYSTEMS, AND ENERGY/UTILITY DISTRIBUTION SYSTEMS.",,1,OT,OTHER FUNCTIONS,R499,SUPPORT- PROFESSIONAL: OTHER,D,NOT A BUNDLED REQUIREMENT,S1,SERVICES,541330,ENGINEERING SERVICES,C,NO CLAUSES INCLUDED AND NO SUSTAINABILITY INCLUDED,A,U.S. OWNED BUSINESS,000,NONE,Z,NOT IT PRODUCTS OR SERVICES,E,NOT REQUIRED,USA,UNITED STATES,C,NOT A MANUFACTURED END PRODUCT,,,A,FULL AND OPEN COMPETITION,MAFO,SUBJECT TO MULTIPLE AWARD FAIR OPPORTUNITY,,,NONE,NO PREFERENCE USED,,,FAIR,FAIR OPPORTUNITY GIVEN,,,9,D,COMMERCIAL PRODUCTS/SERVICES PROCEDURES NOT USED,f,N,NO,N,NO,Y,YES,N,NO,,N,NO,Y,YES,Y,YES,N,NO,X,NOT APPLICABLE,,,B,IDC,M,MULTIPLE AWARD,,,,N,NO,,,N,N,U,UNKNOWN,N,NO,Y,YES - SERVICE WHERE PBA IS USED.,N,NO,Z,NOT APPLICABLE,N,NO,X,NOT APPLICABLE,f,f,f,f,f,f,f,f,f,f,f,f,f,f,f,f,f,f,f,OTHER THAN SMALL BUSINESS,O,f,f,f,f,f,f,f,f,f,f,f,f,f,f,f,f,f,CORPORATE TAX EXEMPT,f,t,f,f,f,f,f,f,f,f,f,f,f,f,f,f,f,t,f,f,f,f,f,f,f,f,t,f,t,f,f,f,f,f,f,f,f,f,f,f,f,f,f,f,f,f,f,f,f,f,,,,,,,,,,,https://www.usaspending.gov/award/CONT_AWD_N3943016F1838_9700_DEAM3609GO29033_8900/,2025-09-19
CONT_AWD_N4008517F1111_9700_GS00P15BSD1134_4740,N4008517F1111,4740,PUBLIC BUILDINGS SERVICE,GS00P15BSD1134,N: Emergency P.L. 116-136;Q: Not Designated Nonemergency/Emergency/Disaster/Wildfire Suppression,0,615177.00,,,20760904.00,615177.00,20760904.00,20760904.00,2017-02-23,2017,2025-01-13,2025,2017-02-16,2023-09-25,2023-09-25 00:00:00,,,097,Department of Defense,1700,Department of the Navy,N69450,NAVFACSYSCOM SOUTHEAST,097,Department of Defense,1700,Department of the Navy,N68732,DEFENSE FINANCE AND ACCOUNTING SERV,017-2018/2018-1106-000;017-2019/2019-1106-000;017-2020/2020-1106-000;017-2021/2021-1106-000,017-1106,25.4: Operation and maintenance of facilities,0001: OPERATING FORCES;OPTN: FIELD IS OPTIONAL PRIOR TO FY21,X,NOT APPLICABLE,,,JKC9LGLDQDV4,,GEORGIA POWER COMPANY,GEORGIA POWER COMPANY,,1KY73,SXU3LDF7K6Z5,,SOUTHERN CO SERVICES INC,THE SOUTHERN COMPANY,USA,UNITED STATES,241 RALPH MCGILL BLVD NE,,ATLANTA,13121,FULTON,13,GA,GEORGIA,303083374,GA-05,GA-05,4045061464,4045062506,USA,UNITED STATES,ALBANY,13095,DOUGHERTY,13,GA,GEORGIA,317010400,GA-02,GA-02,AWARD,C,DELIVERY ORDER,,,,,,,J,FIRM FIXED PRICE,IGF::OT::IGF MCLB ALBANY TORNADO RECOVERY REPAIRS,,1,OT,OTHER FUNCTIONS,S112,UTILITIES- ELECTRIC,H,NOT BUNDLED,C2,CONSTRUCTION,221122,ELECTRIC POWER DISTRIBUTION,C,NO CLAUSES INCLUDED AND NO SUSTAINABILITY INCLUDED,A,U.S. OWNED BUSINESS,000,NONE,Z,NOT IT PRODUCTS OR SERVICES,E,NOT REQUIRED,USA,UNITED STATES,C,NOT A MANUFACTURED END PRODUCT,G,COMMERCIAL SUBCONTRACT PLAN,B,NOT AVAILABLE FOR COMPETITION,SSS,ONLY ONE SOURCE,,,NONE,NO PREFERENCE USED,,,,,UT,UTILITIES (FAR 6.302-1(B)(3)),,A,COMMERCIAL PRODUCTS/SERVICES,f,N,NO,N,NO,X,NOT APPLICABLE,N,NO,0.00,N,NO,N,NO,N,NO,N,NO,X,NOT APPLICABLE,,,B,IDC,S,SINGLE AWARD,,,,N,NO,,,N,N,U,UNKNOWN,N,NO,Y,YES - SERVICE WHERE PBA IS USED.,Y,YES,Z,NOT APPLICABLE,N,NO,X,NOT APPLICABLE,f,f,f,f,f,f,f,f,f,f,f,f,f,f,f,f,f,f,f,OTHER THAN SMALL BUSINESS,O,f,f,f,f,f,f,f,f,f,f,f,f,f,f,f,f,f,CORPORATE NOT TAX EXEMPT,t,f,f,f,f,f,f,f,f,f,f,f,f,f,f,f,f,t,f,f,f,f,f,f,f,f,f,f,t,f,f,f,f,f,f,f,f,f,f,f,f,f,f,f,f,f,f,f,f,f,,,,,,,,,,,https://www.usaspending.gov/award/CONT_AWD_N4008517F1111_9700_GS00P15BSD1134_4740/,2025-01-13
CONT_AWD_N6258310F0311_9700_DEAM3698OR22646_8900,N6258310F0311,8900,"ENERGY, DEPARTMENT OF",DEAM3698OR22646,N: Emergency P.L. 116-136;Q: Not Designated Nonemergency/Emergency/Disaster/Wildfire Suppression,,2644316.00,,,37305075.00,0.00,63877110.00,63877110.00,2009-12-18,2010,2025-08-06,2025,2009-12-18,2033-04-30,2033-04-30 00:00:00,,,097,Department of Defense,1700,Department of the Navy,N39430,NAVFAC SYSTEMS AND EXP WARFARE CTR,097,Department of Defense,1700,Department of the Navy,M95028,COMMANDING OFFICER,017-2019/2019-1106-000;017-2020/2020-1106-000;017-2021/2021-1106-000;017-2022/2022-1106-000;017-2023/2023-1106-000;017-2024/2024-1106-000;017-2025/2025-1106-000,017-1106,25.4: Operation and maintenance of facilities,0001: OPERATING FORCES;0004: ADMIN & SRVWD ACTIVITIES;0801: REIMBURSABLE,X,NOT APPLICABLE,,,JBZELFBMX1J4,,ENERGY SYSTEMS GROUP LLC,"ENERGY SYSTEMS GROUP, LLC",,3FU33,JBZELFBMX1J4,,ENERGY SYSTEMS GROUP LLC,ENERGY SYSTEMS GROUP LLC,USA,UNITED STATES,4655 ROSEBUD LN,,NEWBURGH,18173,WARRICK,18,IN,INDIANA,476309366,IN-08,IN-08,8124923703,8124928430,USA,UNITED STATES,ALBANY,13095,DOUGHERTY,13,GA,GEORGIA,317040315,GA-02,GA-02,AWARD,C,DELIVERY ORDER,,,,,,,J,FIRM FIXED PRICE,ESPC AT MCLB ALBANY,,1,,,R499,SUPPORT- PROFESSIONAL: OTHER,D,NOT A BUNDLED REQUIREMENT,S1,SERVICES,541330,ENGINEERING SERVICES,C,NO CLAUSES INCLUDED AND NO SUSTAINABILITY INCLUDED,A,U.S. OWNED BUSINESS,000,NONE,Z,NOT IT PRODUCTS OR SERVICES,E,NOT REQUIRED,USA,UNITED STATES,C,NOT A MANUFACTURED END PRODUCT,B,PLAN NOT REQUIRED,A,FULL AND OPEN COMPETITION,MAFO,SUBJECT TO MULTIPLE AWARD FAIR OPPORTUNITY,,,,,,,FAIR,FAIR OPPORTUNITY GIVEN,,,1,D,COMMERCIAL PRODUCTS/SERVICES PROCEDURES NOT USED,f,N,NO,N,NO,X,NOT APPLICABLE,N,NO,0.00,N,NO,X,NOT APPLICABLE,X,NOT APPLICABLE,Y,YES,X,NOT APPLICABLE,,,B,IDC,M,MULTIPLE AWARD,,,,,,X,NOT APPLICABLE EXEMPT FROM CAS,N,N,N,NO,N,NO,Y,YES - SERVICE WHERE PBA IS USED.,N,NO,Z,NOT APPLICABLE,N,NO,X,NOT APPLICABLE,f,f,f,f,f,f,f,f,f,f,f,f,f,f,f,f,f,f,f,OTHER THAN SMALL BUSINESS,O,f,f,f,f,f,f,f,f,f,f,f,f,f,f,f,f,f,OTHER,f,f,f,f,f,f,f,f,f,f,f,f,f,f,f,f,f,t,f,f,f,f,f,f,f,f,f,f,t,f,f,f,f,f,f,f,f,f,f,f,f,f,f,f,f,f,f,f,f,f,,,,,,,,,,,https://www.usaspending.gov/award/CONT_AWD_N6258310F0311_9700_DEAM3698OR22646_8900/,2025-08-06
CONT_AWD_N6523619F3074_9700_N6523619D4809_9700,N6523619F3074,9700,DEPT OF DEFENSE,N6523619D4809,C: Emergency P.L. 115-123;N: Emergency P.L. 116-136;Q: Not Designated Nonemergency/Emergency/Disaster/Wildfire Suppression,1309926.77,-2054859.00,,,45899247.75,3782986.23,47709570.09,47709570.09,2019-09-23,2019,2025-08-22,2025,2019-09-23,2025-09-22,2025-09-22 00:00:00,,2019-04-30,097,Department of Defense,1700,Department of the Navy,N65236,NIWC ATLANTIC,097,Department of Defense,1700,Department of the Navy,N00039,NAVAL INFORMATION WARFARE SYSTEMS,017-2018/2020-1810-000;017-2019/2019-1804-000;017-2019/2021-1810-000;017-2020/2020-1804-000;017-2020/2022-1810-000;017-2021/2021-1804-000;017-2021/2023-1810-000;017-2022/2022-1804-000,017-1804;017-1810,25.1: Advisory and assistance services;25.7: Operation and maintenance of equipment;31.0: Equipment,0001: OPERATING FORCES;0001: SUPPORT VEHICLES AND EQUIPMENT;0002: COMMUNICATIONS AND ELECTRONICS EQUIPMENT;0004: ADMINISTRATION AND SERVICE-WIDE ACTIVITIES;OPTN: FIELD IS OPTIONAL PRIOR TO FY21,X,NOT APPLICABLE,,,FAK7LNGRNAN5,,SCIENTIFIC RESEARCH CORPORATION,SCIENTIFIC RESEARCH CORPORATION,,0D5A6,FAK7LNGRNAN5,,SCIENTIFIC RESEARCH CORPORATION,SCIENTIFIC RESEARCH CORP,USA,UNITED STATES,2300 WINDY RIDGE PKWY STE 400S,,ATLANTA,13067,COBB,13,GA,GEORGIA,303398431,GA-11,GA-11,7709899466,7709899424,USA,UNITED STATES,ATLANTA,13067,COBB,13,GA,GEORGIA,303398431,GA-11,GA-11,AWARD,C,DELIVERY ORDER,,,,,,,U,COST PLUS FIXED FEE,CYBER MISSION ENGINEERING TASK ORDER,,1,OT,OTHER FUNCTIONS,AD26,R&D- DEFENSE OTHER: SERVICES (MANAGEMENT/SUPPORT),H,NOT BUNDLED,S1,SERVICES,541330,ENGINEERING SERVICES,C,NO CLAUSES INCLUDED AND NO SUSTAINABILITY INCLUDED,A,U.S. OWNED BUSINESS,000,NONE,Z,NOT IT PRODUCTS OR SERVICES,E,NOT REQUIRED,USA,UNITED STATES,C,NOT A MANUFACTURED END PRODUCT,F,INDIVIDUAL SUBCONTRACT PLAN,A,FULL AND OPEN COMPETITION,MAFO,SUBJECT TO MULTIPLE AWARD FAIR OPPORTUNITY,,,NONE,NO PREFERENCE USED,,,FAIR,FAIR OPPORTUNITY GIVEN,,,5,D,COMMERCIAL PRODUCTS/SERVICES PROCEDURES NOT USED,f,N,NO,N,NO,Y,YES,N,NO,,N,NO,X,NOT APPLICABLE,Y,YES,X,NOT APPLICABLE,X,NOT APPLICABLE,,,B,IDC,M,MULTIPLE AWARD,,,,N,NO,,,N,N,N,NO,D,NOT CONSOLIDATED,N,NO - SERVICE WHERE PBA IS NOT USED.,N,NO,Z,NOT APPLICABLE,N,NO,X,NOT APPLICABLE,f,f,f,f,f,f,f,f,f,f,f,f,f,f,f,f,f,f,f,OTHER THAN SMALL BUSINESS,O,f,f,f,f,f,f,f,f,f,f,f,f,f,f,f,f,f,CORPORATE NOT TAX EXEMPT,t,f,f,f,f,f,f,f,f,f,f,f,t,f,f,f,f,t,f,f,f,f,f,f,f,t,f,f,t,f,f,f,f,f,f,f,f,f,f,f,f,f,f,f,f,f,f,f,f,f,MICHAEL L WATT,1048584.00,STEVEN K WATT,740954.00,TIMOTHY L WASHINGTON,762014.00,JAMES D WARD,705376.00,THOMAS L PAPST,529104.00,https://www.usaspending.gov/award/CONT_AWD_N6523619F3074_9700_N6523619D4809_9700/,2025-08-22
CONT_AWD_N6523620F3023_9700_N6523619D4809_9700,N6523620F3023,9700,DEPT OF DEFENSE,N6523619D4809,6: Emergency P.L. 117-128;N: Emergency P.L. 116-136;Q: Not Designated Nonemergency/Emergency/Disaster/Wildfire Suppression,0,289957.27,,,35610611.43,256738.24,36290190.96,36290190.96,2020-06-19,2020,2025-08-21,2025,2020-06-19,2025-06-21,2025-06-21 00:00:00,,2020-04-01,097,Department of Defense,1700,Department of the Navy,N65236,NIWC ATLANTIC,097,Department of Defense,1700,Department of the Navy,M95450,COMMANDER,017-2020/2020-1106-000;017-2020/2022-1109-000;017-2021/2021-1106-000;017-2021/2023-1109-000;017-2022/2022-1106-000;017-2022/2024-1109-000;017-2023/2023-1106-000;017-2023/2024-1319-000;017-2023/2025-1109-000;017-X-1106-000;017-X-1109-000;017-X-1319-000,017-1106;017-1109;017-1319,25.1: Advisory and assistance services;25.7: Operation and maintenance of equipment;31.0: Equipment,0001: OPERATING FORCES;0002: WEAPONS AND COMBAT VEHICLES;0004: ADMIN & SRVWD ACTIVITIES;0004: COMMUNICATIONS & ELECTRONICS EQUIPMENT;0007: SPARES AND REPAIR PARTS;0008: SOFTWARE AND DIGITAL TECHNOLOGY PILOT PROGRAMS;0020: UNDISTRIBUTED;0030: UNMATCHED;009S: UNDISTRIBUTED;OPTN: FIELD IS OPTIONAL PRIOR TO FY21,X,NOT APPLICABLE,,,FAK7LNGRNAN5,,SCIENTIFIC RESEARCH CORPORATION,SCIENTIFIC RESEARCH CORPORATION,,0D5A6,FAK7LNGRNAN5,,SCIENTIFIC RESEARCH CORPORATION,SCIENTIFIC RESEARCH CORP,USA,UNITED STATES,2300 WINDY RIDGE PKWY STE 400S,,ATLANTA,13067,COBB,13,GA,GEORGIA,303398431,GA-11,GA-11,7709899466,7709899424,USA,UNITED STATES,ATLANTA,13067,COBB,13,GA,GEORGIA,303398431,GA-11,GA-11,AWARD,C,DELIVERY ORDER,,,,,,,U,COST PLUS FIXED FEE,"CYBER MISSION ENGINEERING (CME) TASK ORDER FOR CYBER ENGINEERING, OPERATIONS AND SECURITY SUPPORT SERVICES",N6523620R3906,1,OT,OTHER FUNCTIONS,J058,"MAINT/REPAIR/REBUILD OF EQUIPMENT- COMMUNICATION, DETECTION, AND COHERENT RADIATION EQUIPMENT",H,NOT BUNDLED,S1,SERVICES,541330,ENGINEERING SERVICES,C,NO CLAUSES INCLUDED AND NO SUSTAINABILITY INCLUDED,A,U.S. OWNED BUSINESS,000,NONE,Z,NOT IT PRODUCTS OR SERVICES,E,NOT REQUIRED,USA,UNITED STATES,C,NOT A MANUFACTURED END PRODUCT,F,INDIVIDUAL SUBCONTRACT PLAN,A,FULL AND OPEN COMPETITION,MAFO,SUBJECT TO MULTIPLE AWARD FAIR OPPORTUNITY,,,NONE,NO PREFERENCE USED,,,FAIR,FAIR OPPORTUNITY GIVEN,,,3,D,COMMERCIAL PRODUCTS/SERVICES PROCEDURES NOT USED,f,N,NO,N,NO,Y,YES,N,NO,,N,NO,X,NOT APPLICABLE,Y,YES,X,NOT APPLICABLE,X,NOT APPLICABLE,,,B,IDC,M,MULTIPLE AWARD,,,,N,NO,,,N,N,N,NO,D,NOT CONSOLIDATED,N,NO - SERVICE WHERE PBA IS NOT USED.,N,NO,Z,NOT APPLICABLE,N,NO,X,NOT APPLICABLE,f,f,f,f,f,f,f,f,f,f,f,f,f,f,f,f,f,f,f,OTHER THAN SMALL BUSINESS,O,f,f,f,f,f,f,f,f,f,f,f,f,f,f,f,f,f,CORPORATE NOT TAX EXEMPT,t,f,f,f,f,f,f,f,f,f,f,f,t,f,f,f,f,t,f,f,f,f,f,f,f,t,f,f,t,f,f,f,f,f,f,f,f,f,f,f,f,f,f,f,f,f,f,f,f,f,MICHAEL L WATT,1048584.00,STEVEN K WATT,740954.00,TIMOTHY L WASHINGTON,762014.00,JAMES D WARD,705376.00,THOMAS L PAPST,529104.00,https://www.usaspending.gov/award/CONT_AWD_N6523620F3023_9700_N6523619D4809_9700/,2025-08-21
CONT_AWD_N6523620F3909_9700_N0017804D4121_9700,N6523620F3909,9700,DEPT OF DEFENSE,N0017804D4121,,,,,,23437415.18,,32637329.56,32637329.56,2019-11-22,2020,2025-07-23,2025,2019-11-22,2025-05-21,2025-05-21 00:00:00,,2019-03-19,097,Department of Defense,1700,Department of the Navy,N65236,NIWC ATLANTIC,097,Department of Defense,1700,Department of the Navy,N00039,NAVAL INFORMATION WARFARE SYSTEMS,,,,,X,NOT APPLICABLE,,,FAK7LNGRNAN5,,SCIENTIFIC RESEARCH CORPORATION,SCIENTIFIC RESEARCH CORPORATIO,,0D5A6,FAK7LNGRNAN5,,SCIENTIFIC RESEARCH CORPORATION,SCIENTIFIC RESEARCH CORP,USA,UNITED STATES,"2300 WINDY RIDGE PARKWAY,",,ATLANTA,13067,COBB,13,GA,GEORGIA,30339,GA-11,GA-06,,,USA,UNITED STATES,ATLANTA,13067,COBB,13,GA,GEORGIA,303392446,GA-06,GA-06,AWARD,C,DELIVERY ORDER,,,,,,,U,COST PLUS FIXED FEE,TASK ORDER,N6523619R3021,1,OT,OTHER FUNCTIONS,AD26,R&D- DEFENSE OTHER: SERVICES (MANAGEMENT/SUPPORT),H,NOT BUNDLED,S1,SERVICES,541330,ENGINEERING SERVICES,C,NO CLAUSES INCLUDED AND NO SUSTAINABILITY INCLUDED,,,000,NONE,Z,NOT IT PRODUCTS OR SERVICES,E,NOT REQUIRED,USA,UNITED STATES,C,NOT A MANUFACTURED END PRODUCT,C,PLAN REQUIRED - INCENTIVE NOT INCLUDED,A,FULL AND OPEN COMPETITION,MAFO,SUBJECT TO MULTIPLE AWARD FAIR OPPORTUNITY,,,NONE,NO PREFERENCE USED,,,FAIR,FAIR OPPORTUNITY GIVEN,,,4,D,COMMERCIAL PRODUCTS/SERVICES PROCEDURES NOT USED,f,N,NO,N,NO,X,NOT APPLICABLE,N,NO,,N,NO,X,NOT APPLICABLE,X,NOT APPLICABLE,X,NOT APPLICABLE,X,NOT APPLICABLE,,,B,IDC,M,MULTIPLE AWARD,,,,N,NO,,,N,N,N,NO,D,NOT CONSOLIDATED,Y,YES - SERVICE WHERE PBA IS USED.,N,NO,Z,NOT APPLICABLE,N,NO,X,NOT APPLICABLE,f,f,f,f,f,f,f,f,f,f,f,f,f,f,f,f,f,f,f,OTHER THAN SMALL BUSINESS,O,f,f,f,f,f,f,f,f,f,f,f,f,f,f,f,f,f,,f,f,f,f,f,f,f,f,f,f,f,f,f,f,f,f,f,f,f,f,f,f,f,f,f,f,f,f,f,f,f,f,f,f,f,f,f,f,f,f,f,f,f,f,f,f,f,f,f,f,MICHAEL L WATT,1048584.00,STEVEN K WATT,740954.00,TIMOTHY L WASHINGTON,762014.00,JAMES D WARD,705376.00,THOMAS L PAPST,529104.00,https://www.usaspending.gov/award/CONT_AWD_N6523620F3909_9700_N0017804D4121_9700/,2025-08-05
CONT_AWD_N6523622F3027_9700_N0017819D8474_9700,N6523622F3027,9700,DEPT OF DEFENSE,N0017819D8474,,,,,,43368826.90,,83369885.54,105178752.90,2022-09-28,2022,2025-11-10,2026,2022-09-29,2026-09-28,2027-09-28 00:00:00,,2021-12-02,097,Department of Defense,1700,Department of the Navy,N65236,NIWC ATLANTIC,097,Department of Defense,1700,Department of the Navy,M95450,COMMANDER,,,,,X,NOT APPLICABLE,,,FAK7LNGRNAN5,,SCIENTIFIC RESEARCH CORPORATION,SCIENTIFIC RESEARCH CORPORATION,,0D5A6,FAK7LNGRNAN5,,SCIENTIFIC RESEARCH CORPORATION,SCIENTIFIC RESEARCH CORP,USA,UNITED STATES,2300 WINDY RIDGE PKWY,STE 400S,ATLANTA,13067,COBB,13,GA,GEORGIA,303395665,GA-11,GA-11,7709899466,7709899424,USA,UNITED STATES,ATLANTA,13067,COBB,13,GA,GEORGIA,303398431,GA-11,GA-11,AWARD,C,DELIVERY ORDER,,,,,,,U,COST PLUS FIXED FEE,"NIWC ATLANTIC IS REQUIRED TO PROVIDE INTEGRATED PRODUCT SUPPORT (IPS)(C6I) SYSTEMS. THIS WORK WILL FULFILL NIWC DEVELOPMENT, SUPPORT, AND SUSTAINMENT OF THE NAVWAR C61 SYSTEMS AND EQUIPMENT.",N6523621R3049,1,OT,OTHER FUNCTIONS,R425,SUPPORT- PROFESSIONAL: ENGINEERING/TECHNICAL,H,NOT BUNDLED,S1,SERVICES,541330,ENGINEERING SERVICES,C,NO CLAUSES INCLUDED AND NO SUSTAINABILITY INCLUDED,A,U.S. OWNED BUSINESS,000,NONE,Z,NOT IT PRODUCTS OR SERVICES,E,NOT REQUIRED,USA,UNITED STATES,C,NOT A MANUFACTURED END PRODUCT,F,INDIVIDUAL SUBCONTRACT PLAN,A,FULL AND OPEN COMPETITION,MAFO,SUBJECT TO MULTIPLE AWARD FAIR OPPORTUNITY,,,NONE,NO PREFERENCE USED,,,FAIR,FAIR OPPORTUNITY GIVEN,,,3,D,COMMERCIAL PRODUCTS/SERVICES PROCEDURES NOT USED,f,N,NO,N,NO,Y,YES,N,NO,,N,NO,N,NO,N,NO,N,NO,X,NOT APPLICABLE,,,B,IDC,M,MULTIPLE AWARD,,,,N,NO,,,N,N,N,NO,D,NOT CONSOLIDATED,Y,YES - SERVICE WHERE PBA IS USED.,N,NO,Z,NOT APPLICABLE,N,NO,X,NOT APPLICABLE,f,f,f,f,f,f,f,f,f,f,f,f,f,f,f,f,f,f,f,OTHER THAN SMALL BUSINESS,O,f,f,f,f,f,f,f,f,f,f,f,f,f,f,f,f,f,CORPORATE NOT TAX EXEMPT,t,f,f,f,f,f,f,f,f,f,f,f,t,f,f,f,f,t,f,f,f,f,f,f,f,t,f,f,t,f,f,f,f,f,f,f,f,f,f,f,f,f,f,f,f,f,f,f,f,f,MICHAEL L WATT,1048584.00,STEVEN K WATT,740954.00,TIMOTHY L WASHINGTON,762014.00,JAMES D WARD,705376.00,THOMAS L PAPST,529104.00,https://www.usaspending.gov/award/CONT_AWD_N6523622F3027_9700_N0017819D8474_9700/,2025-11-10
CONT_AWD_N6833517C0226_9700_-NONE-_-NONE-,N6833517C0226,,,,Q: Not Designated Nonemergency/Emergency/Disaster/Wildfire Suppression,,,,,65298951.86,580218.59,67703894.00,81852518.00,2017-02-08,2017,2025-09-25,2025,2017-02-07,2023-10-31,2023-10-31 00:00:00,,,097,Department of Defense,1700,Department of the Navy,N68335,NAVAIR WARFARE CTR AIRCRAFT DIV,097,Department of Defense,1700,Department of the Navy,N68335,NAVAIR WARFARE CTR AIRCRAFT DIV,057-2018/2019-3600-000;057-2020/2021-3600-000;057-2021/2022-3600-000;097-2018/2019-0400-000;097-2019/2020-0400-000;097-2020/2021-0400-000;097-2021/2022-0400-000,057-3600;097-0400,25.5: Research and development contracts;31.0: Equipment,0001: BASIC RESEARCH;0002: APPLIED RESEARCH;00CA: N/A,X,NOT APPLICABLE,,,L3G5SBQ2PLK5,,GEORGIA TECH APPLIED RESEARCH CORP,GEORGIA TECH APPLIED RESEARCH CORPORATION,,1FEZ4,L3G5SBQ2PLK5,,GEORGIA TECH APPLIED RESEARCH CORP,GEORGIA TECH RESEARCH CORPORATION,USA,UNITED STATES,505 10TH ST,,ATLANTA,13121,FULTON,13,GA,GEORGIA,303185775,GA-05,GA-05,4048946934,4043852081,USA,UNITED STATES,ATLANTA,13121,FULTON,13,GA,GEORGIA,303185775,GA-05,GA-05,AWARD,D,DEFINITIVE CONTRACT,,,,,,,U,COST PLUS FIXED FEE,IGF::OT::IGF CLPS ARRAY DEVELOPMENT&PRODUCTION,N6833516R0066,1,OT,OTHER FUNCTIONS,AC64,R&D- DEFENSE SYSTEM: ELECTRONICS/COMMUNICATION EQUIPMENT (ENGINEERING DEVELOPMENT),H,NOT BUNDLED,A7,ELECTRONICS AND COMMUNICATION EQUIPMENT,339999,ALL OTHER MISCELLANEOUS MANUFACTURING,C,NO CLAUSES INCLUDED AND NO SUSTAINABILITY INCLUDED,B,OTHER U.S. ENTITY (E.G. GOVERNMENT),000,NONE,Z,NOT IT PRODUCTS OR SERVICES,E,NOT REQUIRED,USA,UNITED STATES,C,NOT A MANUFACTURED END PRODUCT,F,INDIVIDUAL SUBCONTRACT PLAN,C,NOT COMPETED,SSS,ONLY ONE SOURCE,NONE,NO SET ASIDE USED.,NONE,NO PREFERENCE USED,,,,,NS,NATIONAL SECURITY (FAR 6.302-6),1,D,COMMERCIAL PRODUCTS/SERVICES PROCEDURES NOT USED,f,N,NO,N,NO,N,NO,N,NO,0.00,Y,YES,Y,YES,Y,YES,N,NO,X,NOT APPLICABLE,,,,,,,,,,Y,YES,Y,YES - CAS CLAUSE INCLUDED,Y,Y,N,NO,D,NOT CONSOLIDATED,Y,YES - SERVICE WHERE PBA IS USED.,Y,YES,A,FAR 52.232-16 PROGRESS PAYMENTS,N,NO,X,NOT APPLICABLE,f,f,f,f,f,f,f,f,f,f,f,f,f,f,f,f,f,f,f,OTHER THAN SMALL BUSINESS,O,f,f,f,f,f,f,f,f,f,f,f,f,f,f,f,f,f,CORPORATE TAX EXEMPT,f,t,f,f,f,f,f,f,f,t,f,f,f,f,f,f,f,t,f,f,f,f,f,f,f,f,f,f,f,t,f,f,f,t,f,f,f,f,f,f,f,f,f,f,f,f,f,f,f,f,,,,,,,,,,,https://www.usaspending.gov/award/CONT_AWD_N6833517C0226_9700_-NONE-_-NONE-/,2025-09-25
CONT_AWD_N6893624F0760_9700_N6893622D0023_9700,N6893624F0760,9700,DEPT OF DEFENSE,N6893622D0023,,,,,,39249049.17,,39249049.34,56021329.42,2024-09-23,2024,2025-06-11,2025,2024-09-23,2029-09-29,2029-09-29 00:00:00,,2024-05-31,097,Department of Defense,1700,Department of the Navy,N68936,NAVAL AIR WARFARE CENTER,097,Department of Defense,1700,Department of the Navy,N68936,NAVAL AIR WARFARE CENTER,,,,,X,NOT APPLICABLE,,,FAK7LNGRNAN5,,SCIENTIFIC RESEARCH CORPORATION,SCIENTIFIC RESEARCH CORPORATION,,0D5A6,FAK7LNGRNAN5,,SCIENTIFIC RESEARCH CORPORATION,SCIENTIFIC RESEARCH CORP,USA,UNITED STATES,2300 WINDY RIDGE PKWY STE 400S,,ATLANTA,13067,COBB,13,GA,GEORGIA,303398431,GA-11,GA-11,7709899466,7709899424,USA,UNITED STATES,ATLANTA,13067,COBB,13,GA,GEORGIA,303395665,GA-11,GA-11,AWARD,C,DELIVERY ORDER,,,,,,,U,COST PLUS FIXED FEE,MODULAR REMOTE THREAT EMITTER,N6893620R0081,1,,,5840,"RADAR EQUIPMENT, EXCEPT AIRBORNE",H,NOT BUNDLED,,,334511,"SEARCH, DETECTION, NAVIGATION, GUIDANCE, AERONAUTICAL, AND NAUTICAL SYSTEM AND INSTRUMENT MANUFACTURING",C,NO CLAUSES INCLUDED AND NO SUSTAINABILITY INCLUDED,A,U.S. OWNED BUSINESS,000,NONE,Z,NOT IT PRODUCTS OR SERVICES,A,MEETS REQUIREMENTS,USA,UNITED STATES,D,MFG IN U.S.,F,INDIVIDUAL SUBCONTRACT PLAN,A,FULL AND OPEN COMPETITION,NP,NEGOTIATED PROPOSAL/QUOTE,,,NONE,NO PREFERENCE USED,,,,,,,,D,COMMERCIAL PRODUCTS/SERVICES PROCEDURES NOT USED,f,N,NO,N,NO,X,NOT APPLICABLE,N,NO,,N,NO,N,NO,Y,YES,N,NO,X,NOT APPLICABLE,,,B,IDC,S,SINGLE AWARD,,,,N,NO,Y,YES - CAS CLAUSE INCLUDED,N,N,,,D,NOT CONSOLIDATED,X,NOT APPLICABLE,N,NO,Z,NOT APPLICABLE,N,NO,X,NOT APPLICABLE,f,f,f,f,f,f,f,f,f,f,f,f,f,f,f,f,f,f,f,OTHER THAN SMALL BUSINESS,O,f,f,f,f,f,f,f,f,f,f,f,f,f,f,f,f,f,CORPORATE NOT TAX EXEMPT,t,f,f,f,f,f,f,f,f,f,f,f,t,f,f,f,f,t,f,f,f,f,f,f,f,t,f,f,t,f,f,f,f,f,f,f,f,f,f,f,f,f,f,f,f,f,f,f,f,f,MICHAEL L WATT,1048584.00,STEVEN K WATT,740954.00,TIMOTHY L WASHINGTON,762014.00,JAMES D WARD,705376.00,THOMAS L PAPST,529104.00,https://www.usaspending.gov/award/CONT_AWD_N6893624F0760_9700_N6893622D0023_9700/,2025-06-11
CONT_AWD_N6945018C0905_9700_-NONE-_-NONE-,N6945018C0905,,,,Q: Not Designated Nonemergency/Emergency/Disaster/Wildfire Suppression,,,,,154554192.38,3224994.72,154554192.38,154554192.38,2018-09-26,2018,2025-10-14,2026,2018-09-26,2024-09-16,2024-09-16 00:00:00,,2018-06-28,097,Department of Defense,1700,Department of the Navy,N69450,NAVFACSYSCOM SOUTHEAST,097,Department of Defense,1700,Department of the Navy,N42237,COMMANDING OFFICER,017-2018/2018-1804-000;017-2019/2019-1804-000;017-2020/2020-1804-000,017-1804,25.4: Operation and maintenance of facilities;32.0: Land and structures,0001: OPERATING FORCES;OPTN: FIELD IS OPTIONAL PRIOR TO FY21,X,NOT APPLICABLE,,,GPXRWUEUHZ19,,M. A. MORTENSON COMPANY,M. A. MORTENSON COMPANY,,0MUM7,FCR1T448LGZ3,,"M. A. MORTENSON COMPANIES, INC.",M. A. MORTENSON COMPANIES  INC.,USA,UNITED STATES,700 MEADOW LN N,,MINNEAPOLIS,27053,HENNEPIN,27,MN,MINNESOTA,554224837,MN-05,MN-05,7632875227,7632875370,USA,UNITED STATES,KINGS BAY,13039,CAMDEN,13,GA,GEORGIA,315470001,GA-01,GA-01,AWARD,D,DEFINITIVE CONTRACT,,,,,,,J,FIRM FIXED PRICE,IGF::OT::IGF CLIN 0001 BASE BID REPAIR EHW 1 PHASE 2 NSB KINGS BAY GA,N6945018R0905,1,OT,OTHER FUNCTIONS,Z2PZ,REPAIR OR ALTERATION OF OTHER NON-BUILDING FACILITIES,H,NOT BUNDLED,C2,CONSTRUCTION,237990,OTHER HEAVY AND CIVIL ENGINEERING CONSTRUCTION,C,NO CLAUSES INCLUDED AND NO SUSTAINABILITY INCLUDED,A,U.S. OWNED BUSINESS,000,NONE,Z,NOT IT PRODUCTS OR SERVICES,E,NOT REQUIRED,USA,UNITED STATES,C,NOT A MANUFACTURED END PRODUCT,F,INDIVIDUAL SUBCONTRACT PLAN,A,FULL AND OPEN COMPETITION,NP,NEGOTIATED PROPOSAL/QUOTE,NONE,NO SET ASIDE USED.,NONE,NO PREFERENCE USED,,,,,,,2,D,COMMERCIAL PRODUCTS/SERVICES PROCEDURES NOT USED,f,N,NO,N,NO,Y,YES,N,NO,0.00,N,NO,Y,YES,Y,YES,Y,YES,X,NOT APPLICABLE,,,,,,,,,,N,NO,X,NOT APPLICABLE EXEMPT FROM CAS,N,N,U,UNKNOWN,D,NOT CONSOLIDATED,Y,YES - SERVICE WHERE PBA IS USED.,N,NO,Z,NOT APPLICABLE,N,NO,X,NOT APPLICABLE,f,f,f,f,f,f,f,f,f,f,f,f,f,f,f,f,f,f,f,OTHER THAN SMALL BUSINESS,O,f,f,f,f,f,f,f,f,f,f,f,f,f,f,f,f,f,CORPORATE NOT TAX EXEMPT,t,f,f,f,f,f,f,f,f,f,f,f,f,f,f,f,f,t,f,f,f,f,f,f,f,f,f,f,t,f,f,f,f,f,f,f,f,f,f,f,f,f,f,f,f,f,f,f,f,f,,,,,,,,,,,https://www.usaspending.gov/award/CONT_AWD_N6945018C0905_9700_-NONE-_-NONE-/,2025-10-14
CONT_AWD_N6945018F0085_9700_N6247013D6022_9700,N6945018F0085,9700,DEPT OF DEFENSE,N6247013D6022,C: Emergency P.L. 115-123;Q: Not Designated Nonemergency/Emergency/Disaster/Wildfire Suppression,,,,,36583454.95,3921368.91,36583454.95,36583454.95,2018-09-24,2018,2025-03-19,2025,2018-09-24,2022-04-30,2022-04-30 00:00:00,,,097,Department of Defense,1700,Department of the Navy,N69450,NAVFACSYSCOM SOUTHEAST,097,Department of Defense,1700,Department of the Navy,N42237,COMMANDING OFFICER,017-2018/2018-1804-000;017-2020/2020-1804-000,017-1804,25.4: Operation and maintenance of facilities,0001: OPERATING FORCES;OPTN: FIELD IS OPTIONAL PRIOR TO FY21,X,NOT APPLICABLE,,,MNNLTHAPEDN7,,"URS GROUP, INC.","URS GROUP, INC.",,1N4E1,NACNFSZD87F6,,AECOM,URS GROUP  INC.,USA,UNITED STATES,1600 PERIMETER PARK DR STE 400,,MORRISVILLE,37183,WAKE,37,NC,NORTH CAROLINA,275608421,NC-02,NC-04,2127364444,2126294249,USA,UNITED STATES,KINGS BAY,13039,CAMDEN,13,GA,GEORGIA,315470001,GA-01,GA-01,AWARD,C,DELIVERY ORDER,,,,,,,J,FIRM FIXED PRICE,IGF::OT::IGF HURRICANE IRMA REPAIRS - KINGS BAY,,1,OT,OTHER FUNCTIONS,Z2JZ,REPAIR OR ALTERATION OF MISCELLANEOUS BUILDINGS,H,NOT BUNDLED,C2,CONSTRUCTION,236220,COMMERCIAL AND INSTITUTIONAL BUILDING CONSTRUCTION,C,NO CLAUSES INCLUDED AND NO SUSTAINABILITY INCLUDED,A,U.S. OWNED BUSINESS,000,NONE,Z,NOT IT PRODUCTS OR SERVICES,E,NOT REQUIRED,USA,UNITED STATES,C,NOT A MANUFACTURED END PRODUCT,D,PLAN REQUIRED - INCENTIVE INCLUDED,A,FULL AND OPEN COMPETITION,MAFO,SUBJECT TO MULTIPLE AWARD FAIR OPPORTUNITY,,,NONE,NO PREFERENCE USED,,,FAIR,FAIR OPPORTUNITY GIVEN,,,1,D,COMMERCIAL PRODUCTS/SERVICES PROCEDURES NOT USED,f,N,NO,N,NO,Y,YES,N,NO,,N,NO,N,NO,N,NO,Y,YES,X,NOT APPLICABLE,,,B,IDC,M,MULTIPLE AWARD,,,,Y,YES,,,N,N,U,UNKNOWN,D,NOT CONSOLIDATED,Y,YES - SERVICE WHERE PBA IS USED.,N,NO,Z,NOT APPLICABLE,N,NO,X,NOT APPLICABLE,f,f,f,f,f,f,f,f,f,f,f,f,f,f,f,f,f,f,f,OTHER THAN SMALL BUSINESS,O,f,f,f,f,f,f,f,f,f,f,f,f,f,f,f,f,f,CORPORATE NOT TAX EXEMPT,t,f,f,f,f,f,f,f,f,f,f,f,f,f,f,f,f,t,f,f,f,f,f,f,f,f,f,f,t,f,f,f,f,f,f,f,f,f,f,f,f,f,f,f,f,f,f,f,f,f,,,,,,,,,,,https://www.usaspending.gov/award/CONT_AWD_N6945018F0085_9700_N6247013D6022_9700/,2025-04-29
CONT_AWD_N6945020C0016_9700_-NONE-_-NONE-,N6945020C0016,,,,Q: Not Designated Nonemergency/Emergency/Disaster/Wildfire Suppression,,,,,619014958.39,7276973.53,619014958.39,619014958.39,2020-03-20,2020,2024-03-29,2024,2020-03-20,2023-09-22,2023-09-22 00:00:00,,2019-05-24,097,Department of Defense,1700,Department of the Navy,N69450,NAVFACSYSCOM SOUTHEAST,097,Department of Defense,1700,Department of the Navy,N00207,NAVAL AIR STATION JACKSONVILLE,017-2020/2020-1804-000;017-2021/2021-1804-000,017-1804,25.4: Operation and maintenance of facilities,0001: OPERATING FORCES;OPTN: FIELD IS OPTIONAL PRIOR TO FY21,X,NOT APPLICABLE,,,G1BYZKBA88D7,,ALBERICI-MORTENSON A JOINT VENTURE,ALBERICI-MORTENSON A JOINT VENTURE,,8BZU4,G1BYZKBA88D7,,ALBERICI-MORTENSON A JOINT VENTURE,ALBERICI-MORTENSON A JOINT VENTURE,USA,UNITED STATES,8800 PAGE AVE,,SAINT LOUIS,29189,ST. LOUIS,29,MO,MISSOURI,631146106,MO-01,MO-01,3147332528,,USA,UNITED STATES,KINGS BAY,13039,CAMDEN,13,GA,GEORGIA,315472613,GA-01,GA-01,AWARD,D,DEFINITIVE CONTRACT,,,,,,,M,FIXED PRICE AWARD FEE,NSB KINGS BAY DRY DOCK RECAPITALIZATION PHASE A,N6945019R0508,1,OT,OTHER FUNCTIONS,Z2ED,REPAIR OR ALTERATION OF SHIP CONSTRUCTION AND REPAIR FACILITIES,H,NOT BUNDLED,C2,CONSTRUCTION,237990,OTHER HEAVY AND CIVIL ENGINEERING CONSTRUCTION,C,NO CLAUSES INCLUDED AND NO SUSTAINABILITY INCLUDED,A,U.S. OWNED BUSINESS,000,NONE,Z,NOT IT PRODUCTS OR SERVICES,E,NOT REQUIRED,USA,UNITED STATES,C,NOT A MANUFACTURED END PRODUCT,F,INDIVIDUAL SUBCONTRACT PLAN,A,FULL AND OPEN COMPETITION,NP,NEGOTIATED PROPOSAL/QUOTE,NONE,NO SET ASIDE USED.,NONE,NO PREFERENCE USED,,,,,,,4,D,COMMERCIAL PRODUCTS/SERVICES PROCEDURES NOT USED,f,N,NO,N,NO,Y,YES,N,NO,0.00,N,NO,X,NOT APPLICABLE,X,NOT APPLICABLE,Y,YES,X,NOT APPLICABLE,,,,,,,,,,N,NO,X,NOT APPLICABLE EXEMPT FROM CAS,N,N,N,NO,D,NOT CONSOLIDATED,N,NO - SERVICE WHERE PBA IS NOT USED.,N,NO,Z,NOT APPLICABLE,N,NO,X,NOT APPLICABLE,f,f,f,f,f,f,f,f,f,f,f,f,f,f,f,f,f,f,f,OTHER THAN SMALL BUSINESS,O,f,f,f,f,f,f,f,f,f,f,f,f,f,f,f,f,f,OTHER,f,f,f,f,f,f,f,f,f,f,f,f,f,f,f,f,f,t,f,f,f,f,f,f,f,f,f,f,t,f,f,f,f,f,f,f,f,f,f,f,f,f,f,f,f,f,f,f,f,f,,,,,,,,,,,https://www.usaspending.gov/award/CONT_AWD_N6945020C0016_9700_-NONE-_-NONE-/,2024-03-29
CONT_AWD_N6945022C0056_9700_-NONE-_-NONE-,N6945022C0056,,,,,,,,,20785547.00,,20785547.00,20785547.00,2022-09-27,2022,2025-10-16,2026,2022-09-21,2027-01-04,2027-01-04 00:00:00,,2022-06-02,097,Department of Defense,1700,Department of the Navy,N69450,NAVFACSYSCOM SOUTHEAST,097,Department of Defense,1700,Department of the Navy,N69450,NAVFACSYSCOM SOUTHEAST,,,,,X,NOT APPLICABLE,,,ZE98MPEDJD37,,AKTARIUS LLC,AKTARIUS LLC,,5UV89,ZE98MPEDJD37,,AKTARIUS LLC,AKTARIUS LLC,USA,UNITED STATES,243 SOUTHWOOD DR,,PANAMA CITY,12005,BAY,12,FL,FLORIDA,324054905,FL-02,FL-02,8506247506,,USA,UNITED STATES,KINGS BAY,13039,CAMDEN,13,GA,GEORGIA,315470007,GA-01,GA-01,AWARD,D,DEFINITIVE CONTRACT,,,,,,,J,FIRM FIXED PRICE,BASE CLIN CHILL WATER/ HVAC UPGRADES AND OPTION CLIN RADON MITIGATION,N6945022R0102,1,OT,OTHER FUNCTIONS,Z2EC,REPAIR OR ALTERATION OF PRODUCTION BUILDINGS,H,NOT BUNDLED,C2,CONSTRUCTION,236220,COMMERCIAL AND INSTITUTIONAL BUILDING CONSTRUCTION,F,ENVIRONMENTALLY PREFERABLE,A,U.S. OWNED BUSINESS,000,NONE,Z,NOT IT PRODUCTS OR SERVICES,A,MEETS REQUIREMENTS,USA,UNITED STATES,C,NOT A MANUFACTURED END PRODUCT,B,PLAN NOT REQUIRED,B,NOT AVAILABLE FOR COMPETITION,SSS,ONLY ONE SOURCE,8AN,8(A) SOLE SOURCE,NONE,NO PREFERENCE USED,,,,,OTH,AUTHORIZED BY STATUTE (FAR 6.302-5(A)(2)(I)),1,D,COMMERCIAL PRODUCTS/SERVICES PROCEDURES NOT USED,f,N,NO,N,NO,Y,YES,N,NO,0.00,N,NO,X,NOT APPLICABLE,N,NO,Y,YES,X,NOT APPLICABLE,,,,,,,,,,Y,YES,X,NOT APPLICABLE EXEMPT FROM CAS,N,N,U,UNKNOWN,D,NOT CONSOLIDATED,Y,YES - SERVICE WHERE PBA IS USED.,N,NO,C,PERCENTAGE OF COMPLETION PROGRESS PAYMENTS,N,NO,X,NOT APPLICABLE,f,f,f,t,f,f,f,f,f,f,f,f,t,f,f,f,f,t,f,SMALL BUSINESS,S,f,f,f,f,f,f,f,f,f,f,f,f,f,f,f,f,f,CORPORATE NOT TAX EXEMPT,t,f,f,f,f,f,f,f,f,f,f,f,f,f,f,f,f,t,f,f,f,f,f,f,f,f,t,f,t,f,f,f,f,f,f,f,f,f,f,f,f,f,f,f,f,t,f,t,f,f,MICHAEL  GELSLEICHTER,345953.00,KEITH  DARBY,189511.00,JASON  SEE,234988.00,ACKERT  CHRISTOPHER,229763.00,MICHAEL  BURNS,234407.00,https://www.usaspending.gov/award/CONT_AWD_N6945022C0056_9700_-NONE-_-NONE-/,2025-10-16
CONT_AWD_N6945022F0170_9700_N6945020D0052_9700,N6945022F0170,9700,DEPT OF DEFENSE,N6945020D0052,Q: Not Designated Nonemergency/Emergency/Disaster/Wildfire Suppression,,,,,25918814.00,0.00,25918814.00,25918814.00,2022-01-20,2022,2025-01-22,2025,2022-01-20,2027-03-31,2027-03-31 00:00:00,,2021-10-20,097,Department of Defense,1700,Department of the Navy,N69450,NAVFACSYSCOM SOUTHEAST,097,Department of Defense,1700,Department of the Navy,N69450,NAVFACSYSCOM SOUTHEAST,017-2019/2023-1205-000;017-2022/2026-1205-000;017-2023/2027-1205-000;017-2024/2028-1205-000,017-1205,32.0: Land and structures,0003: PLANNING AND DESIGN;0003: PLANNING & DESIGN,X,NOT APPLICABLE,,,EPUXNLX5EYC4,,"AECOM TECHNICAL SERVICES, INC.","AECOM TECHNICAL SERVICES, INC.",,4L767,EPUXNLX5EYC4,,"AECOM TECHNICAL SERVICES, INC.",AECOM TECHNICAL SERVICES  INC.,USA,UNITED STATES,300 S GRAND AVE STE 1100,,LOS ANGELES,06037,LOS ANGELES,06,CA,CALIFORNIA,900713173,CA-34,CA-34,7573066741,,USA,UNITED STATES,KINGS BAY,13039,CAMDEN,13,GA,GEORGIA,315470001,GA-01,GA-01,AWARD,C,DELIVERY ORDER,,,,,,,J,FIRM FIXED PRICE,AES: PDA FOR P684,,1,OT,OTHER FUNCTIONS,C211,"ARCHITECT AND ENGINEERING- GENERAL: LANDSCAPING, INTERIOR LAYOUT, AND DESIGNING",H,NOT BUNDLED,S1,SERVICES,541330,ENGINEERING SERVICES,C,NO CLAUSES INCLUDED AND NO SUSTAINABILITY INCLUDED,A,U.S. OWNED BUSINESS,000,NONE,Z,NOT IT PRODUCTS OR SERVICES,E,NOT REQUIRED,USA,UNITED STATES,C,NOT A MANUFACTURED END PRODUCT,F,INDIVIDUAL SUBCONTRACT PLAN,A,FULL AND OPEN COMPETITION,AE,ARCHITECT-ENGINEER FAR 6.102,,,NONE,NO PREFERENCE USED,,,,,,,,D,COMMERCIAL PRODUCTS/SERVICES PROCEDURES NOT USED,f,N,NO,N,NO,X,NOT APPLICABLE,N,NO,,N,NO,N,NO,N,NO,N,NO,X,NOT APPLICABLE,,,B,IDC,S,SINGLE AWARD,,,,Y,YES,,,N,N,U,UNKNOWN,D,NOT CONSOLIDATED,N,NO - SERVICE WHERE PBA IS NOT USED.,N,NO,Z,NOT APPLICABLE,N,NO,X,NOT APPLICABLE,f,f,f,f,f,f,f,f,f,f,f,f,f,f,f,f,f,f,f,OTHER THAN SMALL BUSINESS,O,f,f,f,f,f,f,f,f,f,f,f,f,f,f,f,f,f,CORPORATE NOT TAX EXEMPT,t,f,f,f,f,f,f,f,f,f,f,f,f,f,f,f,f,t,f,f,f,f,f,f,f,f,f,f,t,f,f,f,f,f,f,f,f,f,f,f,f,f,f,f,f,f,f,f,f,f,,,,,,,,,,,https://www.usaspending.gov/award/CONT_AWD_N6945022F0170_9700_N6945020D0052_9700/,2025-01-22
CONT_AWD_N6945022F0786_9700_N6945021D0060_9700,N6945022F0786,9700,DEPT OF DEFENSE,N6945021D0060,,,,,,116264141.92,,116264141.92,116264141.92,2022-09-22,2022,2025-08-04,2025,2022-09-22,2026-05-15,2026-05-15 00:00:00,,2022-05-26,097,Department of Defense,1700,Department of the Navy,N69450,NAVFACSYSCOM SOUTHEAST,097,Department of Defense,1700,Department of the Navy,N42237,COMMANDING OFFICER,,,,,X,NOT APPLICABLE,,,NE61LN4FM1A5,,"RQ CONSTRUCTION, LLC","RQ CONSTRUCTION, LLC",,68JG2,NE61LN4FM1A5,,"RQ CONSTRUCTION, LLC",RQ CONSTRUCTION  LLC,USA,UNITED STATES,1620 FARADAY AVE,,CARLSBAD,06073,SAN DIEGO,06,CA,CALIFORNIA,920087313,CA-49,CA-49,4423256086,,USA,UNITED STATES,KINGS BAY,13039,CAMDEN,13,GA,GEORGIA,315472606,GA-01,GA-01,AWARD,C,DELIVERY ORDER,,,,,,,J,FIRM FIXED PRICE,"HURRICANE ELSA REPAIRS TO TRF BUILDINGS B4026, B4027 AND B4028, NAVAL SUBMARINE BASE KINGS BAY, GA",N6945020R0097,1,OT,OTHER FUNCTIONS,Y1JZ,CONSTRUCTION OF MISCELLANEOUS BUILDINGS,H,NOT BUNDLED,C2,CONSTRUCTION,236220,COMMERCIAL AND INSTITUTIONAL BUILDING CONSTRUCTION,C,NO CLAUSES INCLUDED AND NO SUSTAINABILITY INCLUDED,A,U.S. OWNED BUSINESS,000,NONE,Z,NOT IT PRODUCTS OR SERVICES,E,NOT REQUIRED,USA,UNITED STATES,C,NOT A MANUFACTURED END PRODUCT,F,INDIVIDUAL SUBCONTRACT PLAN,A,FULL AND OPEN COMPETITION,MAFO,SUBJECT TO MULTIPLE AWARD FAIR OPPORTUNITY,,,NONE,NO PREFERENCE USED,,,FAIR,FAIR OPPORTUNITY GIVEN,,,3,D,COMMERCIAL PRODUCTS/SERVICES PROCEDURES NOT USED,f,N,NO,N,NO,X,NOT APPLICABLE,N,NO,,N,NO,X,NOT APPLICABLE,Y,YES,Y,YES,X,NOT APPLICABLE,,,B,IDC,M,MULTIPLE AWARD,,,,N,NO,,,N,N,U,UNKNOWN,D,NOT CONSOLIDATED,N,NO - SERVICE WHERE PBA IS NOT USED.,N,NO,Z,NOT APPLICABLE,N,NO,X,NOT APPLICABLE,f,f,f,f,f,f,f,f,f,f,f,f,f,f,f,f,f,f,f,OTHER THAN SMALL BUSINESS,O,f,f,f,f,f,f,f,f,f,f,f,f,f,f,f,f,f,OTHER,f,f,f,f,f,f,f,f,f,f,f,f,f,f,f,f,f,t,f,f,f,f,f,f,f,f,f,f,t,f,f,f,f,f,f,f,f,f,f,f,f,f,f,f,f,f,f,f,f,f,"GEORGE  ROGERS, III",402000.00,"GEORGE  ROGERS, IV",385000.00,KEVIN  KURZ,374000.00,CRAIG  SHADLE,365000.00,ERIC  TAYLOR,359000.00,https://www.usaspending.gov/award/CONT_AWD_N6945022F0786_9700_N6945021D0060_9700/,2025-08-04
CONT_AWD_N6945023F0148_9700_N6945021D0061_9700,N6945023F0148,9700,DEPT OF DEFENSE,N6945021D0061,Q: Not Designated Nonemergency/Emergency/Disaster/Wildfire Suppression,,,,,47086864.46,0.00,47143883.46,47143883.46,2022-12-30,2023,2025-10-16,2026,2022-12-30,2025-12-22,2025-12-22 00:00:00,,2022-07-29,097,Department of Defense,1700,Department of the Navy,N69450,NAVFACSYSCOM SOUTHEAST,097,Department of Defense,1700,Department of the Navy,N69450,NAVFACSYSCOM SOUTHEAST,017-2023/2027-1205-000,017-1205,32.0: Land and structures,0003: PLANNING & DESIGN,X,NOT APPLICABLE,,,SBVUVJ2G3NL4,,"SAUER CONSTRUCTION, LLC","SAUER CONSTRUCTION, LLC",,0DX52,FQ7GFK8RDCY3,,"SAUER HOLDINGS, INC.",SAUER CONSTRUCTION  LLC,USA,UNITED STATES,6621 SOUTHPOINT DR N STE 200,,JACKSONVILLE,12031,DUVAL,12,FL,FLORIDA,322160952,FL-05,FL-05,9042626444,9042627774,USA,UNITED STATES,KINGS BAY,13039,CAMDEN,13,GA,GEORGIA,315470007,GA-01,GA-01,AWARD,C,DELIVERY ORDER,,,,,,,J,FIRM FIXED PRICE,SSP ADDITION,N6945020R0097,1,OT,OTHER FUNCTIONS,Y1CZ,CONSTRUCTION OF OTHER EDUCATIONAL BUILDINGS,H,NOT BUNDLED,,,236220,COMMERCIAL AND INSTITUTIONAL BUILDING CONSTRUCTION,C,NO CLAUSES INCLUDED AND NO SUSTAINABILITY INCLUDED,A,U.S. OWNED BUSINESS,000,NONE,Z,NOT IT PRODUCTS OR SERVICES,E,NOT REQUIRED,USA,UNITED STATES,C,NOT A MANUFACTURED END PRODUCT,F,INDIVIDUAL SUBCONTRACT PLAN,A,FULL AND OPEN COMPETITION,MAFO,SUBJECT TO MULTIPLE AWARD FAIR OPPORTUNITY,,,NONE,NO PREFERENCE USED,,,FAIR,FAIR OPPORTUNITY GIVEN,,,3,D,COMMERCIAL PRODUCTS/SERVICES PROCEDURES NOT USED,f,N,NO,N,NO,X,NOT APPLICABLE,N,NO,,N,NO,X,NOT APPLICABLE,Y,YES,Y,YES,X,NOT APPLICABLE,,,B,IDC,M,MULTIPLE AWARD,,,,N,NO,,,N,N,U,UNKNOWN,D,NOT CONSOLIDATED,N,NO - SERVICE WHERE PBA IS NOT USED.,N,NO,Z,NOT APPLICABLE,N,NO,X,NOT APPLICABLE,f,f,f,f,f,f,f,f,f,f,f,f,f,f,f,f,f,f,f,OTHER THAN SMALL BUSINESS,O,f,f,f,f,f,f,f,f,f,f,f,f,f,f,f,f,f,CORPORATE NOT TAX EXEMPT,t,f,f,f,f,f,f,f,f,f,f,f,f,f,f,f,f,t,f,f,f,f,f,f,f,f,t,f,t,f,f,f,f,f,f,f,f,f,f,f,f,f,f,f,f,f,f,f,f,f,,,,,,,,,,,https://www.usaspending.gov/award/CONT_AWD_N6945023F0148_9700_N6945021D0061_9700/,2025-10-16
CONT_AWD_N6945024C0001_9700_-NONE-_-NONE-,N6945024C0001,,,,Q: Not Designated Nonemergency/Emergency/Disaster/Wildfire Suppression,,,,,137368601.00,0.00,137683540.00,138655609.00,2023-12-13,2024,2025-11-04,2026,2023-12-13,2028-08-28,2028-08-28 00:00:00,,2023-03-10,097,Department of Defense,1700,Department of the Navy,N69450,NAVFACSYSCOM SOUTHEAST,097,Department of Defense,1700,Department of the Navy,N42237,COMMANDING OFFICER,017-2023/2027-1205-000,017-1205,32.0: Land and structures,0003: PLANNING & DESIGN,X,NOT APPLICABLE,,,XXNJCWMAKNH8,,BL HARBERT INTERNATIONAL LLC,BL HARBERT INTERNATIONAL LLC,,1NRU1,XXNJCWMAKNH8,,BL HARBERT INTERNATIONAL LLC,BL HARBERT INTERNATIONAL LLC,USA,UNITED STATES,820 SHADES CREEK PKWY,STE 3000,BIRMINGHAM,01073,JEFFERSON,01,AL,ALABAMA,352094564,AL-06,AL-06,2058022800,,USA,UNITED STATES,KINGSLAND,13039,CAMDEN,13,GA,GEORGIA,315485833,GA-01,GA-01,AWARD,D,DEFINITIVE CONTRACT,,,,,,,J,FIRM FIXED PRICE,"P658 NUCLEAR REGIONAL MAINT. FACILITY NSB KINGS BAY, GA",N6945023R0005,1,OT,OTHER FUNCTIONS,Y1JZ,CONSTRUCTION OF MISCELLANEOUS BUILDINGS,H,NOT BUNDLED,,,236220,COMMERCIAL AND INSTITUTIONAL BUILDING CONSTRUCTION,C,NO CLAUSES INCLUDED AND NO SUSTAINABILITY INCLUDED,A,U.S. OWNED BUSINESS,000,NONE,Z,NOT IT PRODUCTS OR SERVICES,E,NOT REQUIRED,USA,UNITED STATES,C,NOT A MANUFACTURED END PRODUCT,F,INDIVIDUAL SUBCONTRACT PLAN,A,FULL AND OPEN COMPETITION,NP,NEGOTIATED PROPOSAL/QUOTE,NONE,NO SET ASIDE USED.,NONE,NO PREFERENCE USED,,,,,,,2,D,COMMERCIAL PRODUCTS/SERVICES PROCEDURES NOT USED,f,N,NO,,,Y,YES,N,NO,0.00,N,NO,X,NOT APPLICABLE,X,NOT APPLICABLE,Y,YES,X,NOT APPLICABLE,,,,,,,,,,N,NO,X,NOT APPLICABLE EXEMPT FROM CAS,N,N,,,D,NOT CONSOLIDATED,N,NO - SERVICE WHERE PBA IS NOT USED.,N,NO,C,PERCENTAGE OF COMPLETION PROGRESS PAYMENTS,N,NO,X,NOT APPLICABLE,f,f,f,f,f,f,f,f,f,f,f,f,f,f,f,f,f,f,f,OTHER THAN SMALL BUSINESS,O,f,f,f,f,f,f,f,f,f,f,f,f,f,f,f,f,f,PARTNERSHIP,f,f,t,f,f,f,f,f,f,f,f,f,f,f,f,f,f,t,f,f,f,f,f,f,f,f,t,f,t,f,f,f,f,f,f,f,f,f,f,f,f,f,f,f,f,f,f,f,f,f,CHARLES A BOHN,1199181.00,JOHN E GARLINGTON,1088821.00,JAMES J MCGREGOR,1029615.00,MATTHEW W THOMPSON,1021077.00,BILLY L HARBERT,943478.00,https://www.usaspending.gov/award/CONT_AWD_N6945024C0001_9700_-NONE-_-NONE-/,2025-11-04
CONT_AWD_N6945024C0004_9700_-NONE-_-NONE-,N6945024C0004,,,,Q: Not Designated Nonemergency/Emergency/Disaster/Wildfire Suppression,,,,,97124154.04,0.00,191406609.27,193713369.27,2023-11-09,2024,2025-10-02,2026,2023-11-09,2027-07-29,2027-07-29 00:00:00,,2023-05-10,097,Department of Defense,1700,Department of the Navy,N69450,NAVFACSYSCOM SOUTHEAST,097,Department of Defense,1700,Department of the Navy,N69450,NAVFACSYSCOM SOUTHEAST,017-2024/2028-1205-000,017-1205,32.0: Land and structures,0003: PLANNING & DESIGN,X,NOT APPLICABLE,,,NE61LN4FM1A5,,"RQ CONSTRUCTION, LLC","RQ CONSTRUCTION, LLC",,68JG2,NE61LN4FM1A5,,"RQ CONSTRUCTION, LLC",RQ CONSTRUCTION  LLC,USA,UNITED STATES,1620 FARADAY AVE,,CARLSBAD,06073,SAN DIEGO,06,CA,CALIFORNIA,920087313,CA-49,CA-49,4423256086,,USA,UNITED STATES,KINGS BAY,13039,CAMDEN,13,GA,GEORGIA,315470007,GA-01,GA-01,AWARD,D,DEFINITIVE CONTRACT,,,,,,,J,FIRM FIXED PRICE,"PRECONSTRUCTION SERVICES (ECI), P684 TRIDENT REFIT FACILITY (TRF) EXPANSION",N6945023R0021,1,OT,OTHER FUNCTIONS,Y1EB,CONSTRUCTION OF MAINTENANCE BUILDINGS,H,NOT BUNDLED,,,236220,COMMERCIAL AND INSTITUTIONAL BUILDING CONSTRUCTION,C,NO CLAUSES INCLUDED AND NO SUSTAINABILITY INCLUDED,A,U.S. OWNED BUSINESS,000,NONE,Z,NOT IT PRODUCTS OR SERVICES,E,NOT REQUIRED,USA,UNITED STATES,C,NOT A MANUFACTURED END PRODUCT,F,INDIVIDUAL SUBCONTRACT PLAN,A,FULL AND OPEN COMPETITION,NP,NEGOTIATED PROPOSAL/QUOTE,NONE,NO SET ASIDE USED.,NONE,NO PREFERENCE USED,,,,,,,2,D,COMMERCIAL PRODUCTS/SERVICES PROCEDURES NOT USED,f,N,NO,,,X,NOT APPLICABLE,N,NO,0.00,N,NO,X,NOT APPLICABLE,X,NOT APPLICABLE,Y,YES,X,NOT APPLICABLE,,,,,,,,,,N,NO,X,NOT APPLICABLE EXEMPT FROM CAS,N,N,,,D,NOT CONSOLIDATED,N,NO - SERVICE WHERE PBA IS NOT USED.,N,NO,Z,NOT APPLICABLE,N,NO,X,NOT APPLICABLE,f,f,f,f,f,f,f,f,f,f,f,f,f,f,f,f,f,f,f,OTHER THAN SMALL BUSINESS,O,f,f,f,f,f,f,f,f,f,f,f,f,f,f,f,f,f,OTHER,f,f,f,f,f,f,f,f,f,f,f,f,f,f,f,f,f,t,f,f,f,f,f,f,f,f,f,f,t,f,f,f,f,f,f,f,f,f,f,f,f,f,f,f,f,f,f,f,f,f,"GEORGE  ROGERS, III",402000.00,"GEORGE  ROGERS, IV",385000.00,KEVIN  KURZ,374000.00,CRAIG  SHADLE,365000.00,ERIC  TAYLOR,359000.00,https://www.usaspending.gov/award/CONT_AWD_N6945024C0004_9700_-NONE-_-NONE-/,2025-10-02
CONT_AWD_N6945024F0531_9700_N6945020D0045_9700,N6945024F0531,9700,DEPT OF DEFENSE,N6945020D0045,Q: Not Designated Nonemergency/Emergency/Disaster/Wildfire Suppression,,,,,21589523.30,23503.50,39888998.20,39888998.20,2024-06-03,2024,2025-09-23,2025,2024-06-01,2025-05-31,2025-05-31 00:00:00,,2024-06-01,097,Department of Defense,1700,Department of the Navy,N69450,NAVFACSYSCOM SOUTHEAST,097,Department of Defense,1700,Department of the Navy,N69450,NAVFACSYSCOM SOUTHEAST,097-2024/2024-0130-000,097-0130,25.4: Operation and maintenance of facilities,0001: OPERATION AND MAINTENANCE,X,NOT APPLICABLE,,,K8QPQLGTRM33,,"AMENTUM TECHNOLOGY, INC.","AMENTUM TECHNOLOGY, INC.",,7EBH0,TU4KCXMM9AP6,,"PAE-PARSONS GLOBAL LOGISTICS SERVICES, LLC",AMENTUM TECHNOLOGY  INC.,USA,UNITED STATES,604 WILLIAM NORTHERN BLVD.,,TULLAHOMA,47031,COFFEE,47,TN,TENNESSEE,37388,TN-04,TN-04,7035790410,,USA,UNITED STATES,KINGS BAY,13039,CAMDEN,13,GA,GEORGIA,315472613,GA-01,GA-01,AWARD,C,DELIVERY ORDER,,,,,,,J,FIRM FIXED PRICE,OY3 FFP FUNDING FOR CLIN 0009,N6945019R1900,1,OT,OTHER FUNCTIONS,S216,HOUSEKEEPING- FACILITIES OPERATIONS SUPPORT,H,NOT BUNDLED,,,561210,FACILITIES SUPPORT SERVICES,C,NO CLAUSES INCLUDED AND NO SUSTAINABILITY INCLUDED,A,U.S. OWNED BUSINESS,000,NONE,,,E,NOT REQUIRED,USA,UNITED STATES,C,NOT A MANUFACTURED END PRODUCT,F,INDIVIDUAL SUBCONTRACT PLAN,A,FULL AND OPEN COMPETITION,NP,NEGOTIATED PROPOSAL/QUOTE,,,NONE,NO PREFERENCE USED,,,,,,,,D,COMMERCIAL PRODUCTS/SERVICES PROCEDURES NOT USED,f,N,NO,N,NO,Y,YES,N,NO,,N,NO,N,NO,Y,YES,Y,YES,X,NOT APPLICABLE,,,B,IDC,S,SINGLE AWARD,,,,N,NO,X,NOT APPLICABLE EXEMPT FROM CAS,N,N,,,D,NOT CONSOLIDATED,Y,YES - SERVICE WHERE PBA IS USED.,N,NO,Z,NOT APPLICABLE,N,NO,X,NOT APPLICABLE,f,f,f,f,f,f,f,f,f,f,f,f,f,f,f,f,f,f,f,OTHER THAN SMALL BUSINESS,O,f,f,f,f,f,f,f,f,f,f,f,f,f,f,f,f,f,CORPORATE NOT TAX EXEMPT,t,f,f,f,f,f,f,f,f,f,f,f,f,f,f,f,f,t,f,f,f,f,f,f,f,f,f,f,t,f,f,f,f,f,f,f,f,f,f,f,f,f,f,f,f,f,f,f,f,f,,,,,,,,,,,https://www.usaspending.gov/award/CONT_AWD_N6945024F0531_9700_N6945020D0045_9700/,2025-09-23
CONT_AWD_N6945024F0748_9700_N6945021D0060_9700,N6945024F0748,9700,DEPT OF DEFENSE,N6945021D0060,,,,,,50687947.00,,50687947.00,50687947.00,2024-08-22,2024,2025-08-25,2025,2024-08-22,2027-05-20,2027-05-20 00:00:00,,2024-04-22,097,Department of Defense,1700,Department of the Navy,N69450,NAVFACSYSCOM SOUTHEAST,097,Department of Defense,1700,Department of the Navy,N42237,COMMANDING OFFICER,,,,,X,NOT APPLICABLE,,,NE61LN4FM1A5,,"RQ CONSTRUCTION, LLC","RQ CONSTRUCTION, LLC",,68JG2,NE61LN4FM1A5,,"RQ CONSTRUCTION, LLC",RQ CONSTRUCTION  LLC,USA,UNITED STATES,1620 FARADAY AVE,,CARLSBAD,06073,SAN DIEGO,06,CA,CALIFORNIA,920087313,CA-49,CA-49,4423256086,,USA,UNITED STATES,KINGS BAY,13039,CAMDEN,13,GA,GEORGIA,315470001,GA-01,GA-01,AWARD,C,DELIVERY ORDER,,,,,,,J,FIRM FIXED PRICE,"MAGNETIC SILENCING FACILITY REPAIRS AT NSB KINGS BAY, GA",N6945020R0097,1,OT,OTHER FUNCTIONS,Z2JZ,REPAIR OR ALTERATION OF MISCELLANEOUS BUILDINGS,H,NOT BUNDLED,,,236220,COMMERCIAL AND INSTITUTIONAL BUILDING CONSTRUCTION,C,NO CLAUSES INCLUDED AND NO SUSTAINABILITY INCLUDED,A,U.S. OWNED BUSINESS,000,NONE,Z,NOT IT PRODUCTS OR SERVICES,E,NOT REQUIRED,USA,UNITED STATES,C,NOT A MANUFACTURED END PRODUCT,F,INDIVIDUAL SUBCONTRACT PLAN,A,FULL AND OPEN COMPETITION,MAFO,SUBJECT TO MULTIPLE AWARD FAIR OPPORTUNITY,,,NONE,NO PREFERENCE USED,,,FAIR,FAIR OPPORTUNITY GIVEN,,,3,D,COMMERCIAL PRODUCTS/SERVICES PROCEDURES NOT USED,f,N,NO,N,NO,X,NOT APPLICABLE,N,NO,,N,NO,X,NOT APPLICABLE,Y,YES,Y,YES,X,NOT APPLICABLE,,,B,IDC,M,MULTIPLE AWARD,,,,N,NO,X,NOT APPLICABLE EXEMPT FROM CAS,N,N,,,D,NOT CONSOLIDATED,N,NO - SERVICE WHERE PBA IS NOT USED.,N,NO,Z,NOT APPLICABLE,N,NO,X,NOT APPLICABLE,f,f,f,f,f,f,f,f,f,f,f,f,f,f,f,f,f,f,f,OTHER THAN SMALL BUSINESS,O,f,f,f,f,f,f,f,f,f,f,f,f,f,f,f,f,f,OTHER,f,f,f,f,f,f,f,f,f,f,f,f,f,f,f,f,f,t,f,f,f,f,f,f,f,f,f,f,t,f,f,f,f,f,f,f,f,f,f,f,f,f,f,f,f,f,f,f,f,f,"GEORGE  ROGERS, III",402000.00,"GEORGE  ROGERS, IV",385000.00,KEVIN  KURZ,374000.00,CRAIG  SHADLE,365000.00,ERIC  TAYLOR,359000.00,https://www.usaspending.gov/award/CONT_AWD_N6945024F0748_9700_N6945021D0060_9700/,2025-08-25
CONT_AWD_SP060006C8250_9700_-NONE-_-NONE-,SP060006C8250,,,,Q: Not Designated Nonemergency/Emergency/Disaster/Wildfire Suppression,,,,,88008506.24,4918136.77,211237851.36,211237851.36,2006-09-22,2006,2025-09-25,2025,2006-09-22,2057-02-04,2057-02-04 00:00:00,,,097,Department of Defense,97AS,Defense Logistics Agency,SP0600,DLA  ENERGY,097,Department of Defense,2100,Department of the Army,W91XMD,W6CB USAG FT GORDON,021-2019/2019-2020-000;021-2020/2020-2020-000;021-2021/2021-2020-000;021-2022/2022-2020-000;021-2023/2023-2020-000;021-2024/2024-2020-000;021-2025/2025-2020-000,021-2020,"23.3: Communications, utilities, and miscellaneous charges;25.4: Operation and maintenance of facilities",0004: ADMINISTRATION AND SERVICE-WIDE ACTIVITIES;0004: ADMINISTRATION & SERVICEWIDE ACTIVITIES,X,NOT APPLICABLE,,,JKC9LGLDQDV4,,GEORGIA POWER COMPANY,GEORGIA POWER COMPANY,,1KY73,SXU3LDF7K6Z5,,SOUTHERN CO SERVICES INC,THE SOUTHERN COMPANY,USA,UNITED STATES,241 RALPH MCGILL BLVD NE,,ATLANTA,13121,FULTON,13,GA,GEORGIA,303083374,GA-05,GA-05,4045061464,4045062506,USA,UNITED STATES,FORT GORDON,13245,RICHMOND,13,GA,GEORGIA,309055735,GA-12,GA-12,AWARD,D,DEFINITIVE CONTRACT,,,,,,,J,FIRM FIXED PRICE,200612!009621!97AS!SP0600!DEFENSE ENERGY SUPPORT CENTER   !SP060006C8250  !A!N! !N!             !      !20060922!20060922!006924989!006924989!006925341!N!GEORGIA POWER COMPANY         !241 RALPH MCGILL BLVD NE  !ATLANTA             !GA!30308!30844!073!13!FORT GORDON         !COLUMBIA              !GEORGIA   !+000004491000!N!N!000000000000!S112!ELECTRIC SERVICES                                 !S1 !SERVICES                            !000 !NOT DISCERNABLE               !221122!E! !3! ! ! ! ! !99990909!B! ! !A! !A!U!J!2!002!B!  !Z!N!Z! !  !Y!C!N! ! ! !A!A!A!A!000!A!C!N! ! ! ! !    !      !0001! !,,1,,,S112,UTILITIES- ELECTRIC,D,NOT A BUNDLED REQUIREMENT,S1,SERVICES,221122,ELECTRIC POWER DISTRIBUTION,C,NO CLAUSES INCLUDED AND NO SUSTAINABILITY INCLUDED,A,U.S. OWNED BUSINESS,000,NONE,Z,NOT IT PRODUCTS OR SERVICES,E,NOT REQUIRED,USA,UNITED STATES,C,NOT A MANUFACTURED END PRODUCT,C,PLAN REQUIRED - INCENTIVE NOT INCLUDED,A,FULL AND OPEN COMPETITION,NP,NEGOTIATED PROPOSAL/QUOTE,NONE,NO SET ASIDE USED.,NONE,NO PREFERENCE USED,,,,,,,2,A,COMMERCIAL PRODUCTS/SERVICES,f,N,NO,N,NO,Y,YES,N,NO,0.00,N,NO,X,NOT APPLICABLE,N,NO,X,NOT APPLICABLE,X,NOT APPLICABLE,,,,,,,E-UTILITY PRIVATIZATION,,,N,NO,X,NOT APPLICABLE EXEMPT FROM CAS,N,N,U,UNKNOWN,N,NO,N,NO - SERVICE WHERE PBA IS NOT USED.,N,NO,Z,NOT APPLICABLE,N,NO,X,NOT APPLICABLE,f,f,f,f,f,f,f,f,f,f,f,f,f,f,f,f,f,f,f,OTHER THAN SMALL BUSINESS,O,f,f,f,f,f,f,f,f,f,f,f,f,f,f,f,f,f,CORPORATE NOT TAX EXEMPT,t,f,f,f,f,f,f,f,f,f,f,f,f,f,f,f,f,t,f,f,f,f,f,f,f,f,f,f,t,f,f,f,f,f,f,f,f,f,f,f,f,f,f,f,f,f,f,f,f,f,,,,,,,,,,,https://www.usaspending.gov/award/CONT_AWD_SP060006C8250_9700_-NONE-_-NONE-/,2025-09-25
CONT_AWD_SP060007C8259_9700_-NONE-_-NONE-,SP060007C8259,,,,Q: Not Designated Nonemergency/Emergency/Disaster/Wildfire Suppression,,,,,159526607.26,6397563.00,469473445.26,469473445.26,2007-09-28,2007,2025-09-30,2025,2007-09-28,2058-02-28,2058-02-28 00:00:00,,,097,Department of Defense,97AS,Defense Logistics Agency,SP0600,DLA  ENERGY,097,Department of Defense,2100,Department of the Army,W91XMD,W6CB USAG FT GORDON,021-2019/2019-2020-000;021-2023/2023-2020-000;021-2024/2024-2020-000;021-2025/2025-2020-000,021-2020,25.4: Operation and maintenance of facilities,0004: ADMINISTRATION AND SERVICE-WIDE ACTIVITIES;0004: ADMINISTRATION & SERVICEWIDE ACTIVITIES,X,NOT APPLICABLE,,,ZH93N1J4TBE8,,AUGUSTA-RICHMOND COUNTY GOVERNMENT,COUNTY OF AUGUSTA RICHMOND (4274),,3YWL3,ZH93N1J4TBE8,,AUGUSTA-RICHMOND COUNTY GOVERNMENT,AUGUSTA-RICHMOND COUNTY GOVERNMENT,USA,UNITED STATES,530 GREENE ST,,AUGUSTA,,,13,GA,GEORGIA,309114406,GA-12,GA-12,,,USA,UNITED STATES,AUGUSTA,13245,RICHMOND,13,GA,GEORGIA,309045206,GA-12,GA-12,AWARD,D,DEFINITIVE CONTRACT,,,,,,,J,FIRM FIXED PRICE,WATER DISTRIBUTION AND WASTEWATER COLLECTION SERVICES,,1,,,S114,UTILITIES- WATER,D,NOT A BUNDLED REQUIREMENT,S1,SERVICES,221310,WATER SUPPLY AND IRRIGATION SYSTEMS,C,NO CLAUSES INCLUDED AND NO SUSTAINABILITY INCLUDED,,,000,NONE,Z,NOT IT PRODUCTS OR SERVICES,E,NOT REQUIRED,USA,UNITED STATES,C,NOT A MANUFACTURED END PRODUCT,B,PLAN NOT REQUIRED,A,FULL AND OPEN COMPETITION,NP,NEGOTIATED PROPOSAL/QUOTE,NONE,NO SET ASIDE USED.,NONE,NO PREFERENCE USED,,,,,,,4,A,COMMERCIAL PRODUCTS/SERVICES,f,N,NO,N,NO,X,NOT APPLICABLE,N,NO,0.00,N,NO,X,NOT APPLICABLE,N,NO,X,NOT APPLICABLE,X,NOT APPLICABLE,,,,,,,E-UTILITY PRIVATIZATION,,,N,NO,X,NOT APPLICABLE EXEMPT FROM CAS,N,N,N,NO,N,NO,N,NO - SERVICE WHERE PBA IS NOT USED.,N,NO,Z,NOT APPLICABLE,N,NO,X,NOT APPLICABLE,f,f,f,f,f,f,f,f,f,f,f,f,f,f,f,f,f,f,f,OTHER THAN SMALL BUSINESS,O,f,f,f,f,f,f,f,t,f,f,f,f,f,f,f,f,f,,f,f,f,f,f,f,f,f,f,f,f,f,f,f,f,f,f,f,f,f,f,f,f,f,f,f,f,f,f,f,f,f,f,f,f,f,f,f,f,f,f,f,f,f,f,f,f,f,f,f,,,,,,,,,,,https://www.usaspending.gov/award/CONT_AWD_SP060007C8259_9700_-NONE-_-NONE-/,2025-09-30
CONT_AWD_SP060014C5415_9700_-NONE-_-NONE-,SP060014C5415,,,,Q: Not Designated Nonemergency/Emergency/Disaster/Wildfire Suppression,,,,,45707328.61,0.00,47477758.61,47477758.61,2014-06-23,2014,2025-02-10,2025,2014-10-01,2025-03-31,2025-03-31 00:00:00,,,097,Department of Defense,97AS,Defense Logistics Agency,SP0600,DLA  ENERGY,097,Department of Defense,97AS,Defense Logistics Agency,SPE603,DLA ENERGY,097-X-4930-005,097-4930,25.2: Other services from non-Federal sources,0801: REIMBURSABLE,X,NOT APPLICABLE,,,R6B9MCSTJSN5,,TK & K SERVICES LLC,"TK&K SERVICES, L.L.C.",,4N9H8,R6B9MCSTJSN5,,TK & K SERVICES LLC,TK & K SERVICES LLC,USA,UNITED STATES,5665 ATLANTA HWY STE 103-211,,ALPHARETTA,13117,FORSYTH,13,GA,GEORGIA,300043959,GA-06,GA-07,7708448710,6782611621,USA,UNITED STATES,ALPHARETTA,13117,FORSYTH,13,GA,GEORGIA,300043959,GA-06,GA-07,AWARD,D,DEFINITIVE CONTRACT,,,,,,,J,FIRM FIXED PRICE,IGF::OT::IGF FUELS MANAGEMENT SERVICES AT TINKER AIR FORCE BASE OTHER THAN INHERENTLY GOVERNMENT FUNCTION,SP060013R0514,1,OT,OTHER FUNCTIONS,M1NA,OPERATION OF FUEL SUPPLY FACILITIES,D,NOT A BUNDLED REQUIREMENT,S1,SERVICES,484220,"SPECIALIZED FREIGHT (EXCEPT USED GOODS) TRUCKING, LOCAL",C,NO CLAUSES INCLUDED AND NO SUSTAINABILITY INCLUDED,A,U.S. OWNED BUSINESS,000,NONE,Z,NOT IT PRODUCTS OR SERVICES,E,NOT REQUIRED,USA,UNITED STATES,C,NOT A MANUFACTURED END PRODUCT,B,PLAN NOT REQUIRED,D,FULL AND OPEN COMPETITION AFTER EXCLUSION OF SOURCES,NP,NEGOTIATED PROPOSAL/QUOTE,SBA,SMALL BUSINESS SET ASIDE - TOTAL,NONE,NO PREFERENCE USED,,,,,,,4,A,COMMERCIAL PRODUCTS/SERVICES,f,N,NO,N,NO,Y,YES,N,NO,0.00,N,NO,N,NO,Y,YES,N,NO,X,NOT APPLICABLE,,,,,,,,,,N,NO,X,NOT APPLICABLE EXEMPT FROM CAS,Y,Y,U,UNKNOWN,N,NO,Y,YES - SERVICE WHERE PBA IS USED.,N,NO,Z,NOT APPLICABLE,N,NO,X,NOT APPLICABLE,f,f,f,f,f,t,t,f,f,f,f,f,f,f,f,f,f,f,f,SMALL BUSINESS,S,f,f,f,f,f,f,f,f,f,f,f,f,f,f,f,f,f,OTHER,f,f,f,f,f,f,f,f,f,f,f,f,f,f,f,f,f,t,f,f,f,f,f,f,f,f,t,f,t,f,f,f,f,f,f,f,f,f,f,f,f,f,f,f,f,f,f,f,f,f,,,,,,,,,,,https://www.usaspending.gov/award/CONT_AWD_SP060014C5415_9700_-NONE-_-NONE-/,2025-02-10
CONT_AWD_SP060022C8340_9700_-NONE-_-NONE-,SP060022C8340,,,,Q: Not Designated Nonemergency/Emergency/Disaster/Wildfire Suppression,,,,,37886274.14,2267379.29,91478387.58,91478387.58,2022-01-13,2022,2025-10-29,2026,2021-06-01,2031-05-31,2031-05-31 00:00:00,,2021-03-26,097,Department of Defense,97AS,Defense Logistics Agency,SP0600,DLA  ENERGY,097,Department of Defense,2100,Department of the Army,W909H3,W6CR USAG FT BENNING,021-2022/2022-2020-000;021-2023/2023-2020-000;021-2023/2023-2065-000;021-2024/2024-2020-000;021-2025/2025-2020-000;097-2023/2023-0130-000,021-2020;021-2065;097-0130,25.4: Operation and maintenance of facilities,0001: OPERATION AND MAINTENANCE;0004: ADMINISTRATION AND SERVICE-WIDE ACTIVITIES;0004: ADMINISTRATION & SERVICEWIDE ACTIVITIES;0801: REIMBURSABLE,X,NOT APPLICABLE,,,GCFBV6Q398E4,,FLINT ELECTRIC MEMBERSHIP CORP,FLINT ELECTRIC MEMBERSHIP CORPORATION,,0JWD8,GCFBV6Q398E4,,FLINT ELECTRIC MEMBERSHIP CORP,FLINT ELECTRIC MEMBERSHIP CORP,USA,UNITED STATES,3 S MACON ST,,REYNOLDS,13269,TAYLOR,13,GA,GEORGIA,310763104,GA-02,GA-02,4788475102,4788475127,USA,UNITED STATES,FORT BENNING,13053,CHATTAHOOCHEE,13,GA,GEORGIA,319054503,GA-02,GA-02,AWARD,D,DEFINITIVE CONTRACT,,,,,,,K,FIXED PRICE WITH ECONOMIC PRICE ADJUSTMENT,"ELECTRIC DISTRIBUTION SERVICES AT FORT BENNING, GEORGIA CONTINUATION CONTRACT OF W9124J21C0021",W9124J21R0035,1,OT,OTHER FUNCTIONS,S112,UTILITIES- ELECTRIC,H,NOT BUNDLED,S1,SERVICES,221122,ELECTRIC POWER DISTRIBUTION,C,NO CLAUSES INCLUDED AND NO SUSTAINABILITY INCLUDED,A,U.S. OWNED BUSINESS,000,NONE,Z,NOT IT PRODUCTS OR SERVICES,E,NOT REQUIRED,USA,UNITED STATES,C,NOT A MANUFACTURED END PRODUCT,F,INDIVIDUAL SUBCONTRACT PLAN,A,FULL AND OPEN COMPETITION,NP,NEGOTIATED PROPOSAL/QUOTE,NONE,NO SET ASIDE USED.,NONE,NO PREFERENCE USED,,,,,,,1,D,COMMERCIAL PRODUCTS/SERVICES PROCEDURES NOT USED,f,N,NO,N,NO,X,NOT APPLICABLE,N,NO,0.00,N,NO,X,NOT APPLICABLE,X,NOT APPLICABLE,X,NOT APPLICABLE,X,NOT APPLICABLE,,,,,,,,,,N,NO,Y,YES - CAS CLAUSE INCLUDED,N,N,N,NO,D,NOT CONSOLIDATED,N,NO - SERVICE WHERE PBA IS NOT USED.,N,NO,Z,NOT APPLICABLE,N,NO,X,NOT APPLICABLE,f,f,f,f,f,f,f,f,f,f,f,f,f,f,f,f,f,f,f,OTHER THAN SMALL BUSINESS,O,f,f,f,f,f,f,f,f,f,f,f,f,f,f,f,f,f,CORPORATE TAX EXEMPT,f,t,f,f,f,f,f,f,f,f,f,f,f,f,f,f,f,t,f,f,f,f,f,f,f,f,f,f,f,t,f,f,f,f,f,f,f,f,f,f,f,f,f,f,f,f,f,f,f,f,,,,,,,,,,,https://www.usaspending.gov/award/CONT_AWD_SP060022C8340_9700_-NONE-_-NONE-/,2025-10-29
CONT_AWD_SP060419F8002_9700_DEAM3609GO29042_8900,SP060419F8002,8900,"ENERGY, DEPARTMENT OF",DEAM3609GO29042,Q: Not Designated Nonemergency/Emergency/Disaster/Wildfire Suppression,,,,,29877567.89,513685.94,53779217.00,53779217.00,2019-01-15,2019,2024-12-12,2025,2019-01-15,2044-01-14,2044-01-14 00:00:00,,2013-04-30,097,Department of Defense,97AS,Defense Logistics Agency,SP0604,DLA ENERGY,097,Department of Defense,5700,Department of the Air Force,F3Q2AD,F3Q2AD CIVIL ENGINEER GROUP CEG,057-2021/2021-3400-000;057-2022/2022-3400-000;057-2023/2023-3400-000;057-2024/2024-3400-000,057-3400,"23.3: Communications, utilities, and miscellaneous charges",0000: UNKNOWN/OTHER;0001: OPERATING FORCES;0004: ADMINISTRATION AND SERVICE-WIDE ACTIVITIES,X,NOT APPLICABLE,,,NKQHLFA16KX4,,"SCHNEIDER ELECTRIC BUILDINGS AMERICAS, INC.","SCHNEIDER ELECTRIC BUILDINGS AMERICAS, INC.",,0YB51,T2PGFX9RZJH9,,"QUANTRONIX, INC.",SCHNEIDER ELECTRIC HOLDINGS  INC.,USA,UNITED STATES,1650 W CROSBY RD,,CARROLLTON,48113,DALLAS,48,TX,TEXAS,750066628,TX-24,TX-24,8156373140,8156375319,USA,UNITED STATES,WARNER ROBINS,13153,HOUSTON,13,GA,GEORGIA,310981027,GA-02,GA-02,AWARD,C,DELIVERY ORDER,,,,,,,J,FIRM FIXED PRICE,IGF::CT::IGF AWARD OF ENERGY SAVINGS PERFORMANCE CONTRACT,,1,OT,OTHER FUNCTIONS,R499,SUPPORT- PROFESSIONAL: OTHER,H,NOT BUNDLED,S1,SERVICES,541330,ENGINEERING SERVICES,C,NO CLAUSES INCLUDED AND NO SUSTAINABILITY INCLUDED,A,U.S. OWNED BUSINESS,000,NONE,Z,NOT IT PRODUCTS OR SERVICES,E,NOT REQUIRED,USA,UNITED STATES,C,NOT A MANUFACTURED END PRODUCT,C,PLAN REQUIRED - INCENTIVE NOT INCLUDED,A,FULL AND OPEN COMPETITION,MAFO,SUBJECT TO MULTIPLE AWARD FAIR OPPORTUNITY,,,NONE,NO PREFERENCE USED,,,FAIR,FAIR OPPORTUNITY GIVEN,,,10,D,COMMERCIAL PRODUCTS/SERVICES PROCEDURES NOT USED,f,N,NO,N,NO,Y,YES,N,NO,,N,NO,Y,YES,Y,YES,N,NO,X,NOT APPLICABLE,,,B,IDC,M,MULTIPLE AWARD,A-ESPC,,,N,NO,,,N,N,N,NO,D,NOT CONSOLIDATED,Y,YES - SERVICE WHERE PBA IS USED.,N,NO,Z,NOT APPLICABLE,N,NO,X,NOT APPLICABLE,f,f,f,f,f,f,f,f,f,f,f,f,f,f,f,f,f,f,f,OTHER THAN SMALL BUSINESS,O,f,f,f,f,f,f,f,f,f,f,f,f,f,f,f,f,f,CORPORATE NOT TAX EXEMPT,t,f,f,f,f,f,f,f,f,f,f,f,t,f,f,t,f,f,f,f,f,f,f,f,f,f,f,f,t,f,f,f,f,f,f,f,f,f,f,f,f,f,f,f,f,f,f,f,f,f,,,,,,,,,,,https://www.usaspending.gov/award/CONT_AWD_SP060419F8002_9700_DEAM3609GO29042_8900/,2024-12-12
CONT_AWD_SP330020C5002_9700_-NONE-_-NONE-,SP330020C5002,,,,,,,,,165404643.94,,165404643.94,193913707.69,2020-03-31,2020,2025-08-07,2025,2020-07-01,2025-12-31,2025-12-31 00:00:00,,2019-05-07,097,Department of Defense,97AS,Defense Logistics Agency,SP3300,DLA DISTRIBUTION,097,Department of Defense,97AS,Defense Logistics Agency,SP3300,DLA DISTRIBUTION,,,,,X,NOT APPLICABLE,,,Q251UBGE4KM7,,VALIANT TECHNICAL SERVICES INC.,VALIANT TECHNICAL SERVICES INC.,,019Q0,Q251UBGE4KM7,,VALIANT TECHNICAL SERVICES INC.,VALIANT TECHNICAL SERVICES INC.,USA,UNITED STATES,4465 GUTHRIE HWY,,CLARKSVILLE,47125,MONTGOMERY,47,TN,TENNESSEE,370405422,TN-07,TN-07,7032140458,,USA,UNITED STATES,WARNER ROBINS,13153,HOUSTON,13,GA,GEORGIA,310981603,GA-02,GA-02,AWARD,D,DEFINITIVE CONTRACT,,,,,,,U,COST PLUS FIXED FEE,CHEMICAL MANAGEMENT SERVICES (CMS) AND THIRD PARTY LOGISTICS (3PL) SERVICES IN SUPPORT OF DLA AVIATION AT WARNER ROBINS AIR LOGISTICS COMPLEX (WR-ALC).,SP330019R5002,1,OT,OTHER FUNCTIONS,S216,HOUSEKEEPING- FACILITIES OPERATIONS SUPPORT,H,NOT BUNDLED,S1,SERVICES,493110,GENERAL WAREHOUSING AND STORAGE,C,NO CLAUSES INCLUDED AND NO SUSTAINABILITY INCLUDED,A,U.S. OWNED BUSINESS,000,NONE,Z,NOT IT PRODUCTS OR SERVICES,A,MEETS REQUIREMENTS,USA,UNITED STATES,C,NOT A MANUFACTURED END PRODUCT,B,PLAN NOT REQUIRED,A,FULL AND OPEN COMPETITION,NP,NEGOTIATED PROPOSAL/QUOTE,NONE,NO SET ASIDE USED.,NONE,NO PREFERENCE USED,,,,,,,4,D,COMMERCIAL PRODUCTS/SERVICES PROCEDURES NOT USED,f,N,NO,N,NO,Y,YES,N,NO,0.00,N,NO,X,NOT APPLICABLE,Y,YES,X,NOT APPLICABLE,X,NOT APPLICABLE,,,,,,,,,,N,NO,X,NOT APPLICABLE EXEMPT FROM CAS,N,N,N,NO,D,NOT CONSOLIDATED,Y,YES - SERVICE WHERE PBA IS USED.,N,NO,Z,NOT APPLICABLE,N,NO,X,NOT APPLICABLE,f,f,f,f,f,f,f,f,f,f,f,f,f,f,f,f,f,f,f,SMALL BUSINESS,S,f,f,f,f,f,f,f,f,f,f,f,f,f,f,f,f,f,CORPORATE NOT TAX EXEMPT,t,f,f,f,f,f,f,f,f,f,f,f,f,f,f,f,f,t,f,f,f,f,f,f,f,f,f,f,t,f,f,f,f,f,f,f,f,f,f,f,f,f,f,f,f,f,f,f,f,f,DAN  CORBETT,1067608.00,TAMMY  SCHMIDT,373793.00,KEVIN  SULLIVAN,365000.00,DAVID  DETZ,331710.00,PETER  CAPWELL,320000.00,https://www.usaspending.gov/award/CONT_AWD_SP330020C5002_9700_-NONE-_-NONE-/,2025-08-13
CONT_AWD_SP330025C5002_9700_-NONE-_-NONE-,SP330025C5002,,,,,,,,,22545626.95,,22545626.95,156008776.27,2025-08-01,2025,2025-08-01,2025,2025-08-01,2026-07-31,2030-07-31 00:00:00,,2024-06-11,097,Department of Defense,97AS,Defense Logistics Agency,SP3300,DLA DISTRIBUTION,097,Department of Defense,97AS,Defense Logistics Agency,SP3300,DLA DISTRIBUTION,,,,,X,NOT APPLICABLE,,,Q251UBGE4KM7,,VALIANT TECHNICAL SERVICES INC.,VALIANT TECHNICAL SERVICES INC.,,019Q0,Q251UBGE4KM7,,VALIANT TECHNICAL SERVICES INC.,VALIANT TECHNICAL SERVICES INC.,USA,UNITED STATES,225 RAY AVE STE 300,,FAYETTEVILLE,37051,CUMBERLAND,37,NC,NORTH CAROLINA,283015074,NC-07,NC-07,4073129571,,USA,UNITED STATES,WARNER ROBINS,13153,HOUSTON,13,GA,GEORGIA,310981187,GA-02,GA-02,AWARD,D,DEFINITIVE CONTRACT,,,,,,,K,FIXED PRICE WITH ECONOMIC PRICE ADJUSTMENT,CHEMICAL MANAGEMENT SERVICES/THIRD PARTY LOGISTICS SUPPORT SERVICES,SP330024R5006,1,OT,OTHER FUNCTIONS,S215,HOUSEKEEPING- WAREHOUSING/STORAGE,H,NOT BUNDLED,,,493110,GENERAL WAREHOUSING AND STORAGE,C,NO CLAUSES INCLUDED AND NO SUSTAINABILITY INCLUDED,A,U.S. OWNED BUSINESS,000,NONE,Z,NOT IT PRODUCTS OR SERVICES,E,NOT REQUIRED,USA,UNITED STATES,C,NOT A MANUFACTURED END PRODUCT,F,INDIVIDUAL SUBCONTRACT PLAN,A,FULL AND OPEN COMPETITION,NP,NEGOTIATED PROPOSAL/QUOTE,NONE,NO SET ASIDE USED.,NONE,NO PREFERENCE USED,,,,,,,1,A,COMMERCIAL PRODUCTS/SERVICES,f,N,NO,,,Y,YES,N,NO,0.00,N,NO,X,NOT APPLICABLE,Y,YES,X,NOT APPLICABLE,X,NOT APPLICABLE,,,,,,,,,,N,NO,X,NOT APPLICABLE EXEMPT FROM CAS,N,N,,,D,NOT CONSOLIDATED,Y,YES - SERVICE WHERE PBA IS USED.,Y,YES,Z,NOT APPLICABLE,N,NO,X,NOT APPLICABLE,f,f,f,f,f,f,f,f,f,f,f,f,f,f,f,f,f,f,f,OTHER THAN SMALL BUSINESS,O,f,f,f,f,f,f,f,f,f,f,f,f,f,f,f,f,f,CORPORATE NOT TAX EXEMPT,t,f,f,f,f,f,f,f,f,f,f,f,f,f,f,f,f,t,f,f,f,f,f,f,f,f,f,f,t,f,f,f,f,f,f,f,f,f,f,f,f,f,f,f,f,f,f,f,f,f,DAN  CORBETT,1067608.00,TAMMY  SCHMIDT,373793.00,KEVIN  SULLIVAN,365000.00,DAVID  DETZ,331710.00,PETER  CAPWELL,320000.00,https://www.usaspending.gov/award/CONT_AWD_SP330025C5002_9700_-NONE-_-NONE-/,2025-08-20
CONT_AWD_SPE60017C5030_9700_-NONE-_-NONE-,SPE60017C5030,,,,Q: Not Designated Nonemergency/Emergency/Disaster/Wildfire Suppression,,,,,28252199.71,2948527.20,28252199.71,28252199.71,2017-09-12,2017,2025-03-20,2025,2017-09-12,2026-09-30,2026-09-30 00:00:00,,,097,Department of Defense,97AS,Defense Logistics Agency,SPE600,DLA ENERGY,097,Department of Defense,97AS,Defense Logistics Agency,SPE600,DLA ENERGY,097-X-4930-005,097-4930,25.2: Other services from non-Federal sources,0801: REIMBURSABLE,X,NOT APPLICABLE,,,R6B9MCSTJSN5,,TK & K SERVICES LLC,"TK&K SERVICES, L.L.C.",,4N9H8,R6B9MCSTJSN5,,TK & K SERVICES LLC,TK & K SERVICES LLC,USA,UNITED STATES,5665 ATLANTA HWY STE 103-211,,ALPHARETTA,13117,FORSYTH,13,GA,GEORGIA,300043959,GA-06,GA-07,7708448710,6782611621,USA,UNITED STATES,ALPHARETTA,13117,FORSYTH,13,GA,GEORGIA,300043959,GA-07,GA-07,AWARD,D,DEFINITIVE CONTRACT,,,,,,,J,FIRM FIXED PRICE,IGF::OT::IGF!8504724901!AF FUELS MANAGEMENT SERVICES.,SPE60017R0500,1,OT,OTHER FUNCTIONS,M1NA,OPERATION OF FUEL SUPPLY FACILITIES,H,NOT BUNDLED,S1,SERVICES,493190,OTHER WAREHOUSING AND STORAGE,C,NO CLAUSES INCLUDED AND NO SUSTAINABILITY INCLUDED,A,U.S. OWNED BUSINESS,000,NONE,Z,NOT IT PRODUCTS OR SERVICES,E,NOT REQUIRED,USA,UNITED STATES,C,NOT A MANUFACTURED END PRODUCT,B,PLAN NOT REQUIRED,A,FULL AND OPEN COMPETITION,NP,NEGOTIATED PROPOSAL/QUOTE,NONE,NO SET ASIDE USED.,NONE,NO PREFERENCE USED,,,,,,,11,A,COMMERCIAL PRODUCTS/SERVICES,f,N,NO,N,NO,Y,YES,N,NO,0.00,N,NO,X,NOT APPLICABLE,X,NOT APPLICABLE,X,NOT APPLICABLE,X,NOT APPLICABLE,,,,,,,,,,N,NO,X,NOT APPLICABLE EXEMPT FROM CAS,N,N,U,UNKNOWN,D,NOT CONSOLIDATED,Y,YES - SERVICE WHERE PBA IS USED.,N,NO,Z,NOT APPLICABLE,N,NO,X,NOT APPLICABLE,f,f,f,f,f,t,t,f,f,f,f,f,f,f,f,f,f,f,f,SMALL BUSINESS,S,f,f,f,f,f,f,f,f,f,f,f,f,f,f,f,f,f,CORPORATE NOT TAX EXEMPT,t,f,f,f,f,f,f,f,f,f,f,f,f,f,f,f,f,t,f,f,f,f,f,f,f,f,t,f,t,f,f,f,f,f,f,f,f,f,f,f,f,f,f,f,f,f,f,f,f,f,,,,,,,,,,,https://www.usaspending.gov/award/CONT_AWD_SPE60017C5030_9700_-NONE-_-NONE-/,2025-08-20
CONT_AWD_SPE60124FH60J_9700_SPE60121D1513_9700,SPE60124FH60J,9700,DEPT OF DEFENSE,SPE60121D1513,Q: Not Designated Nonemergency/Emergency/Disaster/Wildfire Suppression,,,,,20996144.92,2741428.69,20996144.92,20996144.92,2024-05-06,2024,2025-09-10,2025,2024-05-06,2025-09-19,2025-09-19 00:00:00,,2024-05-06,097,Department of Defense,97AS,Defense Logistics Agency,SPE601,DLA ENERGY AEROSPACE ENRGY-DLAE-M,097,Department of Defense,97AS,Defense Logistics Agency,SPE601,DLA ENERGY AEROSPACE ENRGY-DLAE-M,097-2025/2025-0100-000;097-X-4930-005,097-0100;097-4930,25.2: Other services from non-Federal sources;25.3: Other goods and services from Federal sources;26.0: Supplies and materials,0020: UNDISTRIBUTED;0801: REIMBURSABLE,X,NOT APPLICABLE,,,S4PHK33T44C5,,"CALCA SOLUTIONS, LLC","CALCA SOLUTIONS, LLC",,1XD11,S4PHK33T44C5,,"CALCA SOLUTIONS, LLC",CALCA SOLUTIONS  LLC,USA,UNITED STATES,960 I 10 SERVICE RD,,WESTLAKE,22019,CALCASIEU,22,LA,LOUISIANA,706695542,LA-03,LA-03,3374500787,,USA,UNITED STATES,ALPHARETTA,13117,FORSYTH,13,GA,GEORGIA,300040544,GA-07,GA-07,AWARD,C,DELIVERY ORDER,,,,,,,J,FIRM FIXED PRICE,8510614632!BULK HPH STORAGE,,1,,,9135,"LIQUID PROPELLANT FUELS AND OXIDIZERS, CHEMICAL BASE",H,NOT BUNDLED,,,325180,OTHER BASIC INORGANIC CHEMICAL MANUFACTURING,C,NO CLAUSES INCLUDED AND NO SUSTAINABILITY INCLUDED,C,FOREIGN-OWNED BUSINESS INCORPORATED IN THE U.S.,000,NONE,Z,NOT IT PRODUCTS OR SERVICES,E,NOT REQUIRED,USA,UNITED STATES,D,MFG IN U.S.,G,COMMERCIAL SUBCONTRACT PLAN,F,COMPETED UNDER SAP,SP1,SIMPLIFIED ACQUISITION,,,NONE,NO PREFERENCE USED,,,,,,,,A,COMMERCIAL PRODUCTS/SERVICES,f,N,NO,N,NO,Y,YES,N,NO,,N,NO,X,NOT APPLICABLE,Y,YES,X,NOT APPLICABLE,X,NOT APPLICABLE,,,B,IDC,S,SINGLE AWARD,,,,N,NO,X,NOT APPLICABLE EXEMPT FROM CAS,N,N,,,D,NOT CONSOLIDATED,X,NOT APPLICABLE,N,NO,Z,NOT APPLICABLE,N,NO,X,NOT APPLICABLE,f,f,f,f,f,f,f,f,f,f,f,f,f,f,f,f,f,f,f,OTHER THAN SMALL BUSINESS,O,f,f,f,f,f,f,f,f,f,f,f,f,f,f,f,f,f,PARTNERSHIP,f,f,t,f,f,f,f,f,f,f,f,f,t,f,f,f,f,t,f,f,f,f,f,f,f,f,t,f,t,f,f,f,f,f,f,f,f,f,f,f,f,f,f,f,f,f,f,f,f,f,,,,,,,,,,,https://www.usaspending.gov/award/CONT_AWD_SPE60124FH60J_9700_SPE60121D1513_9700/,2025-09-10
CONT_AWD_TIRNO10S000010010_2050_TIRNO10S00001_2050,TIRNO10S000010010,2050,INTERNAL REVENUE SERVICE,TIRNO10S00001,N: Emergency P.L. 116-136;Q: Not Designated Nonemergency/Emergency/Disaster/Wildfire Suppression,1695911.25,1695911.25,,,192795350.19,26053831.31,322887272.96,322887272.96,2012-01-17,2012,2025-05-05,2025,2012-01-13,2023-05-31,2023-05-31 23:21:16,,,020,Department of the Treasury,2050,Internal Revenue Service,2032H5,IT STRATEGY AND MODERNIZATION,020,Department of the Treasury,2050,Internal Revenue Service,2032H9,CHIEF INFORMATION OFFICER,020-2016/2016-0919-000;020-2016/2017-0919-000;020-2017/2017-0919-000;020-2017/2018-0919-000;020-2018/2018-0919-000;020-2019/2019-0919-000;020-2020/2020-0919-000;020-2020/2021-0919-000;020-2021/2021-0919-000;020-2022/2022-0919-000;020-X-0919-000,020-0919,"23.3: Communications, utilities, and miscellaneous charges;25.1: Advisory and assistance services;25.7: Operation and maintenance of equipment",0004: INFORMATION SERVICES,X,NOT APPLICABLE,,,GEYFS4D96R55,,VERIZON BUSINESS NETWORK SERVICES LLC,VERIZON BUSINESS NETWORK SERVICES INC.,,1L027,UFPPJTUBUMK7,,VERIZON MARYLAND LLC,VERIZON BUSINESS NETWORK SERVICES LLC,USA,UNITED STATES,22001 LOUDOUN COUNTY PKWY,,ASHBURN,51107,LOUDOUN,51,VA,VIRGINIA,201476105,VA-10,VA-10,7038864271,7038860193,USA,UNITED STATES,ATLANTA,13121,FULTON,13,GA,GEORGIA,303083510,GA-05,GA-05,AWARD,A,BPA CALL,,,,,,,K,FIXED PRICE WITH ECONOMIC PRICE ADJUSTMENT,TOLL FREE CONTACT CENTER (TFCC)-VERIZON-EXERCISE OPTION PERIOD 1 YR 3,,1,,,D304,IT AND TELECOM- TELECOMMUNICATIONS AND TRANSMISSION,D,NOT A BUNDLED REQUIREMENT,,,541519,OTHER COMPUTER RELATED SERVICES,C,NO CLAUSES INCLUDED AND NO SUSTAINABILITY INCLUDED,A,U.S. OWNED BUSINESS,,,,,E,NOT REQUIRED,USA,UNITED STATES,C,NOT A MANUFACTURED END PRODUCT,,,G,NOT COMPETED UNDER SAP,SP1,SIMPLIFIED ACQUISITION,NONE,NO SET ASIDE USED.,NONE,NO PREFERENCE USED,,,,,SP2,SAP NON-COMPETITION (FAR 13),1,A,COMMERCIAL PRODUCTS/SERVICES,f,N,NO,N,NO,X,NOT APPLICABLE,N,NO,0.00,N,NO,N,NO,Y,YES,N,NO,X,NOT APPLICABLE,,,E,BPA,S,SINGLE AWARD,,,,,,,,N,N,,,N,NO,Y,YES - SERVICE WHERE PBA IS USED.,,,,,N,NO,X,NOT APPLICABLE,f,f,f,f,f,f,f,f,f,f,f,f,f,f,f,f,f,f,f,OTHER THAN SMALL BUSINESS,O,f,f,f,f,f,f,f,f,f,f,f,f,f,f,f,f,f,CORPORATE NOT TAX EXEMPT,t,f,f,f,f,f,f,f,f,f,f,f,f,f,f,t,f,f,f,f,f,f,f,f,f,f,f,f,t,f,f,f,f,f,f,f,f,f,f,f,f,f,f,f,f,f,f,f,f,f,,,,,,,,,,,https://www.usaspending.gov/award/CONT_AWD_TIRNO10S000010010_2050_TIRNO10S00001_2050/,2025-05-05
CONT_AWD_TIRNO10S000010011_2050_TIRNO10S00001_2050,TIRNO10S000010011,2050,INTERNAL REVENUE SERVICE,TIRNO10S00001,Q: Not Designated Nonemergency/Emergency/Disaster/Wildfire Suppression,,,,,39623395.49,12318798.63,71289809.18,71289809.18,2012-01-17,2012,2025-05-27,2025,2012-01-17,2023-05-31,2023-05-31 12:25:41,,,020,Department of the Treasury,2050,Internal Revenue Service,2032H5,IT STRATEGY AND MODERNIZATION,020,Department of the Treasury,2050,Internal Revenue Service,2032H9,CHIEF INFORMATION OFFICER,020-2016/2016-0919-000;020-2016/2017-0919-000;020-2017/2017-0919-000;020-2018/2018-0919-000;020-2019/2019-0919-000;020-2020/2020-0919-000;020-2021/2021-0919-000;020-2022/2022-0919-000;020-X-0919-000;020-X-0921-000,020-0919;020-0921,25.1: Advisory and assistance services;25.7: Operation and maintenance of equipment;31.0: Equipment,0001: BUSINESS SYSTEMS MODERNIZATION;0004: INFORMATION SERVICES,X,NOT APPLICABLE,,,GEYFS4D96R55,,VERIZON BUSINESS NETWORK SERVICES LLC,VERIZON BUSINESS NETWORK SERVICES INC.,,1L027,UFPPJTUBUMK7,,VERIZON MARYLAND LLC,VERIZON BUSINESS NETWORK SERVICES LLC,USA,UNITED STATES,22001 LOUDOUN COUNTY PKWY,,ASHBURN,51107,LOUDOUN,51,VA,VIRGINIA,201476105,VA-10,VA-10,7038864271,7038860193,USA,UNITED STATES,ATLANTA,13121,FULTON,13,GA,GEORGIA,303083510,GA-05,GA-05,AWARD,A,BPA CALL,,,,,,,K,FIXED PRICE WITH ECONOMIC PRICE ADJUSTMENT,TOLL FREE CONTACT CENTER (TFCC) CLOSELY ASSOCIATED: ADMINISTRATIVE MOD.,,1,,,D304,IT AND TELECOM- TELECOMMUNICATIONS AND TRANSMISSION,D,NOT A BUNDLED REQUIREMENT,,,541519,OTHER COMPUTER RELATED SERVICES,C,NO CLAUSES INCLUDED AND NO SUSTAINABILITY INCLUDED,A,U.S. OWNED BUSINESS,,,,,E,NOT REQUIRED,USA,UNITED STATES,C,NOT A MANUFACTURED END PRODUCT,,,G,NOT COMPETED UNDER SAP,SP1,SIMPLIFIED ACQUISITION,NONE,NO SET ASIDE USED.,NONE,NO PREFERENCE USED,,,,,SP2,SAP NON-COMPETITION (FAR 13),1,A,COMMERCIAL PRODUCTS/SERVICES,f,N,NO,N,NO,,,N,NO,0.00,N,NO,N,NO,Y,YES,N,NO,X,NOT APPLICABLE,,,E,BPA,S,SINGLE AWARD,,,,,,,,Y,Y,,,N,NO,Y,YES - SERVICE WHERE PBA IS USED.,,,,,N,NO,X,NOT APPLICABLE,f,f,f,f,f,f,f,f,f,f,f,f,f,f,f,f,f,f,f,OTHER THAN SMALL BUSINESS,O,f,f,f,f,f,f,f,f,f,f,f,f,f,f,f,f,f,CORPORATE NOT TAX EXEMPT,t,f,f,f,f,f,f,f,f,f,f,f,f,f,f,t,f,f,f,f,f,f,f,f,f,f,f,f,t,f,f,f,f,f,f,f,f,f,f,f,f,f,f,f,f,f,f,f,f,f,,,,,,,,,,,https://www.usaspending.gov/award/CONT_AWD_TIRNO10S000010011_2050_TIRNO10S00001_2050/,2025-05-27
CONT_AWD_W15P7T25F0001_9700_W15P7T19D0068_9700,W15P7T25F0001,9700,DEPT OF DEFENSE,W15P7T19D0068,Q: Not Designated Nonemergency/Emergency/Disaster/Wildfire Suppression,,,,,57661560.68,0.00,110854501.06,302984765.73,2024-10-16,2025,2025-09-29,2025,2024-10-16,2026-10-15,2029-10-15 00:00:00,,2023-06-21,097,Department of Defense,2100,Department of the Army,W15P7T,W6QK ACC-APG,097,Department of Defense,2100,Department of the Army,W15P62,W6DR PEO C3N,021-2023/2025-2035-000;021-2024/2025-2040-000;021-2024/2026-2035-000;021-2025/2025-1805-000;021-2025/2025-2020-000;021-2025/2026-2040-000;021-2025/2027-2035-000,021-1805;021-2020;021-2035;021-2040,25.2: Other services from non-Federal sources;25.3: Other goods and services from Federal sources,0004: SPARE AND REPAIR PARTS;0005: N/A;0008: CEMETERIAL EXPENSES;0020: UNDISTRIBUTED;0030: N/A;0801: REIMBURSABLE,X,NOT APPLICABLE,,,Q6S9MZTEFMS5,,"JANUS RESEARCH GROUP, LLC","JANUS RESEARCH GROUP, LLC",,1BXG3,Q6S9MZTEFMS5,,"JANUS RESEARCH GROUP, LLC",JANUS RESEARCH GROUP  LLC,USA,UNITED STATES,600 PONDER PLACE DR,,EVANS,13073,COLUMBIA,13,GA,GEORGIA,308093185,GA-12,GA-12,7067550305,7063649004,USA,UNITED STATES,EVANS,13073,COLUMBIA,13,GA,GEORGIA,308093185,GA-12,GA-12,AWARD,C,DELIVERY ORDER,,,,,,,U,COST PLUS FIXED FEE,"TO PROCURE BUSINESS OPERATIONS, PROGRAMMATIC, AND TECHNICAL SUPPORT SERVICES IN SUPPORT OF THE ENTIRE PROJECT MANAGER TACTICAL NETWORK (PM TN) PORTFOLIO THROUGHOUT ALL PHRASES OF THE PROGRAM LIFE CYCLE.",,1,OT,OTHER FUNCTIONS,R425,SUPPORT- PROFESSIONAL: ENGINEERING/TECHNICAL,H,NOT BUNDLED,,,541715,"RESEARCH AND DEVELOPMENT IN THE PHYSICAL, ENGINEERING, AND LIFE SCIENCES (EXCEPT NANOTECHNOLOGY AND BIOTECHNOLOGY)",C,NO CLAUSES INCLUDED AND NO SUSTAINABILITY INCLUDED,A,U.S. OWNED BUSINESS,000,NONE,Z,NOT IT PRODUCTS OR SERVICES,E,NOT REQUIRED,USA,UNITED STATES,C,NOT A MANUFACTURED END PRODUCT,B,PLAN NOT REQUIRED,A,FULL AND OPEN COMPETITION,MAFO,SUBJECT TO MULTIPLE AWARD FAIR OPPORTUNITY,,,NONE,NO PREFERENCE USED,,,FAIR,FAIR OPPORTUNITY GIVEN,,,2,D,COMMERCIAL PRODUCTS/SERVICES PROCEDURES NOT USED,f,N,NO,N,NO,Y,YES,N,NO,,N,NO,N,NO,Y,YES,X,NOT APPLICABLE,X,NOT APPLICABLE,,,B,IDC,M,MULTIPLE AWARD,,,,N,NO,Y,YES - CAS CLAUSE INCLUDED,Y,Y,,,B,CONSOLIDATED REQUIREMENTS WITH WRITTEN DETERMINATION,N,NO - SERVICE WHERE PBA IS NOT USED.,N,NO,Z,NOT APPLICABLE,N,NO,X,NOT APPLICABLE,f,f,f,f,f,f,f,f,f,f,f,f,f,f,f,f,f,f,f,SMALL BUSINESS,S,f,f,f,f,f,f,f,f,f,f,f,f,f,f,f,f,f,CORPORATE NOT TAX EXEMPT,t,f,f,f,f,f,f,f,f,f,f,f,f,f,f,f,f,t,f,f,f,f,f,f,f,f,t,f,t,f,f,f,f,f,f,f,f,f,f,f,f,f,f,f,f,f,f,f,f,f,JOHN K DEWEY,46542359.00,ROBERT L ELICH,46471967.00,JOSEPH W BAILEY,28148476.00,DAVID F SALES,28075682.00,JOSEPH S MARTIN,25725404.00,https://www.usaspending.gov/award/CONT_AWD_W15P7T25F0001_9700_W15P7T19D0068_9700/,2025-09-29
CONT_AWD_W31P4Q18F0090_9700_W31P4Q18D0002_9700,W31P4Q18F0090,9700,DEPT OF DEFENSE,W31P4Q18D0002,E: Emergency P.L. 116-20;Q: Not Designated Nonemergency/Emergency/Disaster/Wildfire Suppression,,,,,27304574.91,12492873.97,27304574.91,49171834.99,2018-09-30,2018,2025-09-15,2025,2018-09-30,2023-09-13,2023-09-13 12:09:00,,2018-08-16,097,Department of Defense,2100,Department of the Army,W31P4Q,W6QK ACC-RSA,097,Department of Defense,1700,Department of the Navy,M98403,COMMANDER MARCORLOGOM,017-2018/2018-1106-000;017-2018/2019-1319-000;017-2019/2019-1106-000;017-2019/2020-1319-000;017-2020/2020-1106-000;017-2020/2021-1319-000;017-2021/2021-1106-000;017-2022/2022-1106-000;097-2019/2019-0100-000,017-1106;017-1319;097-0100,25.1: Advisory and assistance services;25.2: Other services from non-Federal sources;25.5: Research and development contracts,0001: BASIC RESEARCH;0001: OPERATING FORCES;0003: TRAINING AND RECRUITING;0004: ADMIN & SRVWD ACTIVITIES;0020: UNDISTRIBUTED;0030: UNMATCHED;OPTN: FIELD IS OPTIONAL PRIOR TO FY21,X,NOT APPLICABLE,,,L3G5SBQ2PLK5,,GEORGIA TECH APPLIED RESEARCH CORP,GEORGIA TECH APPLIED RESEARCH CORPORATION,,1FEZ4,L3G5SBQ2PLK5,,GEORGIA TECH APPLIED RESEARCH CORP,GEORGIA TECH RESEARCH CORPORATION,USA,UNITED STATES,505 10TH ST,,ATLANTA,13121,FULTON,13,GA,GEORGIA,303185775,GA-05,GA-05,4048946934,4043852081,USA,UNITED STATES,ATLANTA,13121,FULTON,13,GA,GEORGIA,303183165,GA-06,GA-06,AWARD,C,DELIVERY ORDER,,,,,,,U,COST PLUS FIXED FEE,"THIS IS A RESEARCH AND DEVELOPMENT - SERVICE FOR SUPPLY CHAIN, LOGISTICS AND APPLIED ENGINEERING IN SUPPORT OF US MARINE CORPS.",,1,OT,OTHER FUNCTIONS,AJ41,R&D- GENERAL SCIENCE/TECHNOLOGY: ENGINEERING (BASIC RESEARCH),H,NOT BUNDLED,S1,SERVICES,541715,"RESEARCH AND DEVELOPMENT IN THE PHYSICAL, ENGINEERING, AND LIFE SCIENCES (EXCEPT NANOTECHNOLOGY AND BIOTECHNOLOGY)",C,NO CLAUSES INCLUDED AND NO SUSTAINABILITY INCLUDED,B,OTHER U.S. ENTITY (E.G. GOVERNMENT),000,NONE,Z,NOT IT PRODUCTS OR SERVICES,E,NOT REQUIRED,USA,UNITED STATES,C,NOT A MANUFACTURED END PRODUCT,F,INDIVIDUAL SUBCONTRACT PLAN,C,NOT COMPETED,SSS,ONLY ONE SOURCE,,,NONE,NO PREFERENCE USED,,,,,MES,"MOBILIZATION, ESSENTIAL R&D (FAR 6.302-3)",,D,COMMERCIAL PRODUCTS/SERVICES PROCEDURES NOT USED,f,N,NO,N,NO,Y,YES,N,NO,,N,NO,N,NO,Y,YES,N,NO,X,NOT APPLICABLE,,,B,IDC,S,SINGLE AWARD,,,,Y,YES,,,Y,Y,N,NO,D,NOT CONSOLIDATED,N,NO - SERVICE WHERE PBA IS NOT USED.,N,NO,Z,NOT APPLICABLE,N,NO,X,NOT APPLICABLE,f,f,f,f,f,f,f,f,f,f,f,f,f,f,f,f,f,f,f,OTHER THAN SMALL BUSINESS,O,f,f,f,f,f,f,f,f,f,f,f,f,f,f,f,f,f,CORPORATE TAX EXEMPT,f,t,f,f,f,f,f,f,f,t,f,f,f,f,f,f,f,t,f,f,f,f,f,f,f,f,f,f,f,t,f,f,f,t,f,f,f,f,f,f,f,f,f,f,f,f,f,f,f,f,,,,,,,,,,,https://www.usaspending.gov/award/CONT_AWD_W31P4Q18F0090_9700_W31P4Q18D0002_9700/,2025-09-15
CONT_AWD_W31P4Q18F0127_9700_W31P4Q18D0002_9700,W31P4Q18F0127,9700,DEPT OF DEFENSE,W31P4Q18D0002,E: Emergency P.L. 116-20;N: Emergency P.L. 116-136;Q: Not Designated Nonemergency/Emergency/Disaster/Wildfire Suppression,441927.21,2614418.85,,,22267828.94,2640851.45,22267828.94,23999884.57,2018-09-29,2018,2025-08-15,2025,2018-09-29,2023-09-30,2023-09-30 12:09:00,,2018-08-27,097,Department of Defense,2100,Department of the Army,W31P4Q,W6QK ACC-RSA,097,Department of Defense,2100,Department of the Army,W90BWX,W1DF CCDC AV MISSILE CENTER,057-2016/2018-3010-000;057-2018/2018-3400-000;057-2018/2019-3600-000;057-2019/2019-3400-000;057-2019/2020-3600-000;057-2019/2021-3010-000;057-2020/2021-3600-000;097-2019/2020-0400-000,057-3010;057-3400;057-3600;097-0400,21.0: Travel and transportation of persons;25.1: Advisory and assistance services;25.5: Research and development contracts;25.7: Operation and maintenance of equipment;31.0: Equipment,0001: BASIC RESEARCH;0001: OPERATING FORCES;0004: ADMINISTRATION AND SERVICE-WIDE ACTIVITIES;0099: N/A;OPTN: FIELD IS OPTIONAL PRIOR TO FY21,X,NOT APPLICABLE,,,L3G5SBQ2PLK5,,GEORGIA TECH APPLIED RESEARCH CORP,GEORGIA TECH APPLIED RESEARCH CORPORATION,,1FEZ4,L3G5SBQ2PLK5,,GEORGIA TECH APPLIED RESEARCH CORP,GEORGIA TECH RESEARCH CORPORATION,USA,UNITED STATES,505 10TH ST,,ATLANTA,13121,FULTON,13,GA,GEORGIA,303185775,GA-05,GA-05,4048946934,4043852081,USA,UNITED STATES,ATLANTA,13121,FULTON,13,GA,GEORGIA,303185775,GA-05,GA-05,AWARD,C,DELIVERY ORDER,,,,,,,U,COST PLUS FIXED FEE,"THIS IS A RESEARCH AND DEVELOPMENT (R&D)-SERVICES FOR OMNIBUS OPEN ARCHITECTURES SYSTEMS INTEGRATION AND DEVELOPMENT.  THE TOTAL TASK ORDER W31P4Q18F0127 AMOUNT IS $23,999,884.57 WITH A PERIOD OF PERFORMANCE THROUGH 5 YEARS.  THIS TASK ORDER WILL BE INCREMENTALLY FUNDED.  THE INITIAL INCREMENT OF FUNDING IS $4,850.00 WITH A PERIOD OF PERFORMANCE THROUGH 30 SEPTEMBER 2019.",,1,OT,OTHER FUNCTIONS,AJ41,R&D- GENERAL SCIENCE/TECHNOLOGY: ENGINEERING (BASIC RESEARCH),H,NOT BUNDLED,S1,SERVICES,541715,"RESEARCH AND DEVELOPMENT IN THE PHYSICAL, ENGINEERING, AND LIFE SCIENCES (EXCEPT NANOTECHNOLOGY AND BIOTECHNOLOGY)",C,NO CLAUSES INCLUDED AND NO SUSTAINABILITY INCLUDED,B,OTHER U.S. ENTITY (E.G. GOVERNMENT),000,NONE,Z,NOT IT PRODUCTS OR SERVICES,E,NOT REQUIRED,USA,UNITED STATES,C,NOT A MANUFACTURED END PRODUCT,F,INDIVIDUAL SUBCONTRACT PLAN,C,NOT COMPETED,SSS,ONLY ONE SOURCE,,,NONE,NO PREFERENCE USED,,,,,MES,"MOBILIZATION, ESSENTIAL R&D (FAR 6.302-3)",,D,COMMERCIAL PRODUCTS/SERVICES PROCEDURES NOT USED,f,N,NO,N,NO,Y,YES,N,NO,,N,NO,N,NO,Y,YES,N,NO,X,NOT APPLICABLE,,,B,IDC,S,SINGLE AWARD,,,,Y,YES,,,N,N,N,NO,D,NOT CONSOLIDATED,N,NO - SERVICE WHERE PBA IS NOT USED.,N,NO,Z,NOT APPLICABLE,N,NO,X,NOT APPLICABLE,f,f,f,f,f,f,f,f,f,f,f,f,f,f,f,f,f,f,f,OTHER THAN SMALL BUSINESS,O,f,f,f,f,f,f,f,f,f,f,f,f,f,f,f,f,f,CORPORATE TAX EXEMPT,f,t,f,f,f,f,f,f,f,t,f,f,f,f,f,f,f,t,f,f,f,f,f,f,f,f,f,f,f,t,f,f,f,t,f,f,f,f,f,f,f,f,f,f,f,f,f,f,f,f,,,,,,,,,,,https://www.usaspending.gov/award/CONT_AWD_W31P4Q18F0127_9700_W31P4Q18D0002_9700/,2025-12-03
CONT_AWD_W31P4Q19F0034_9700_W31P4Q18D0002_9700,W31P4Q19F0034,9700,DEPT OF DEFENSE,W31P4Q18D0002,N: Emergency P.L. 116-136;Q: Not Designated Nonemergency/Emergency/Disaster/Wildfire Suppression,116496.86,4471486.42,,,41119192.86,4383760.87,41119192.86,47371656.72,2018-12-20,2019,2025-08-15,2025,2018-12-20,2024-04-30,2024-04-30 12:04:00,,,097,Department of Defense,2100,Department of the Army,W31P4Q,W6QK ACC-RSA,097,Department of Defense,5700,Department of the Air Force,F2BDED,F2BDED AFLCMC HNA,017-2018/2019-1319-000;017-2019/2020-1319-000;017-2020/2021-1319-000;021-2019/2020-2040-000;021-2020/2021-2040-000;021-2021/2022-2040-000;021-X-2040-000;057-2018/2019-3600-000;057-2019/2019-3400-000;057-2019/2020-3600-000;057-2020/2021-3600-000;097-2018/2019-0400-000;097-2019/2020-0400-000;097-2020/2021-0400-000;097-2021/2022-0400-000;097-2022/2023-0400-000;097-2023/2024-0400-000;097-X-0400-000,017-1319;021-2040;057-3400;057-3600;097-0400,25.1: Advisory and assistance services;25.2: Other services from non-Federal sources;25.3: Other goods and services from Federal sources;25.5: Research and development contracts;25.7: Operation and maintenance of equipment,0001: BASIC RESEARCH;0001: OPERATING FORCES;0002: APPLIED RESEARCH;0007: OPERATIONAL SYSTEM DEVELOPMENT;0020: UNDISTRIBUTED;0099: N/A;009S: MISCELLANEOUS;00CA: N/A;00RB: REIMBURSABLE PROGRAM;OPTN: FIELD IS OPTIONAL PRIOR TO FY21,X,NOT APPLICABLE,,,L3G5SBQ2PLK5,,GEORGIA TECH APPLIED RESEARCH CORP,GEORGIA TECH APPLIED RESEARCH CORPORATION,,1FEZ4,L3G5SBQ2PLK5,,GEORGIA TECH APPLIED RESEARCH CORP,GEORGIA TECH RESEARCH CORPORATION,USA,UNITED STATES,505 10TH ST,,ATLANTA,13121,FULTON,13,GA,GEORGIA,303185775,GA-05,GA-05,4048946934,4043852081,USA,UNITED STATES,ATLANTA,13121,FULTON,13,GA,GEORGIA,303185775,GA-05,GA-05,AWARD,C,DELIVERY ORDER,,,,,,,U,COST PLUS FIXED FEE,"THIS IS A RESEARCH AND DEVELOPMENT (R&D) - SERVICE FOR NATIONAL SECURITY SYSTEMS ENGINEERING AND ANALYSIS.  THE TOTAL TASK ORDER AMOUNT IS $47,259,313.17 WITH A PERIOD OF PERFORMANCE THROUGH 30 AUGUST 2023.  THIS TASK ORDER WILL BE INCREMENTALLY FUNDED. THE INITIAL INCREMENT OF FUNDING IS $629,000.00 WITH A PERIOD OF PERFORMANCE THROUGH 06 SEPTEMBER 2019.",,1,OT,OTHER FUNCTIONS,AJ41,R&D- GENERAL SCIENCE/TECHNOLOGY: ENGINEERING (BASIC RESEARCH),H,NOT BUNDLED,S1,SERVICES,541715,"RESEARCH AND DEVELOPMENT IN THE PHYSICAL, ENGINEERING, AND LIFE SCIENCES (EXCEPT NANOTECHNOLOGY AND BIOTECHNOLOGY)",C,NO CLAUSES INCLUDED AND NO SUSTAINABILITY INCLUDED,B,OTHER U.S. ENTITY (E.G. GOVERNMENT),000,NONE,Z,NOT IT PRODUCTS OR SERVICES,E,NOT REQUIRED,USA,UNITED STATES,C,NOT A MANUFACTURED END PRODUCT,F,INDIVIDUAL SUBCONTRACT PLAN,C,NOT COMPETED,SSS,ONLY ONE SOURCE,,,NONE,NO PREFERENCE USED,,,,,MES,"MOBILIZATION, ESSENTIAL R&D (FAR 6.302-3)",,D,COMMERCIAL PRODUCTS/SERVICES PROCEDURES NOT USED,f,N,NO,N,NO,Y,YES,N,NO,0.00,N,NO,N,NO,Y,YES,N,NO,X,NOT APPLICABLE,,,B,IDC,S,SINGLE AWARD,,,,Y,YES,,,N,N,N,NO,D,NOT CONSOLIDATED,N,NO - SERVICE WHERE PBA IS NOT USED.,N,NO,Z,NOT APPLICABLE,N,NO,X,NOT APPLICABLE,f,f,f,f,f,f,f,f,f,f,f,f,f,f,f,f,f,f,f,OTHER THAN SMALL BUSINESS,O,f,f,f,f,f,f,f,f,f,f,f,f,f,f,f,f,f,CORPORATE TAX EXEMPT,f,t,f,f,f,f,f,f,f,t,f,f,f,f,f,f,f,t,f,f,f,f,f,f,f,f,f,f,f,t,f,f,f,t,f,f,f,f,f,f,f,f,f,f,f,f,f,f,f,f,,,,,,,,,,,https://www.usaspending.gov/award/CONT_AWD_W31P4Q19F0034_9700_W31P4Q18D0002_9700/,2025-08-15
CONT_AWD_W31P4Q19F0188_9700_W31P4Q18D0002_9700,W31P4Q19F0188,9700,DEPT OF DEFENSE,W31P4Q18D0002,,,,,,28370704.15,,28370704.15,28370704.15,2019-05-01,2019,2025-03-07,2025,2019-05-01,2025-12-31,2025-12-31 12:12:00,,2019-01-22,097,Department of Defense,2100,Department of the Army,W31P4Q,W6QK ACC-RSA,097,Department of Defense,5700,Department of the Air Force,F3PH31,F3PH31  AFSAT,,,,,X,NOT APPLICABLE,,,L3G5SBQ2PLK5,,GEORGIA TECH APPLIED RESEARCH CORP,GEORGIA TECH APPLIED RESEARCH CORPORATION,,1FEZ4,L3G5SBQ2PLK5,,GEORGIA TECH APPLIED RESEARCH CORP,GEORGIA TECH RESEARCH CORPORATION,USA,UNITED STATES,505 10TH ST,,ATLANTA,13121,FULTON,13,GA,GEORGIA,303185775,GA-05,GA-05,4048946934,4043852081,USA,UNITED STATES,ATLANTA,13121,FULTON,13,GA,GEORGIA,303185775,GA-05,GA-05,AWARD,C,DELIVERY ORDER,,,,,,,U,COST PLUS FIXED FEE,"THE OBJECTIVE OF TASK ORDER W31P4Q-19-F-0188: AIR FORCE SECURITY ASSISTANCE TRAINING (AFSAT) REQUIRES THAT GTRI DEVELOP A 4-5 YEAR ROYAL SAUDI AIR FORCE (RSAF) IN-KINGDOM REPROGRAMMING (IKR) ELECTRONIC WARFARE (EW) TRAINING PROGRAM (32 COURSES TOTAL). THE CLASSES WILL BE TAUGHT AT THE UNCLASSIFIED LEVEL AND SHOULD INCORPORATE THE COURSE WORK DESCRIBED IN THE FOUR TRAINING PHASES: BASIC, FOCUSED, SPECIFIC AND INFORMATION TECHNOLOGY (IT)/INFORMATION ASSURANCE (IA) SECTIONS OF THE RSAF IKR KNOWLEDGE ROADMAP.",,1,OT,OTHER FUNCTIONS,AJ11,GENERAL SCIENCE AND TECHNOLOGY R&D SERVICES; GENERAL SCIENCE AND TECHNOLOGY; BASIC RESEARCH,H,NOT BUNDLED,S1,SERVICES,541715,"RESEARCH AND DEVELOPMENT IN THE PHYSICAL, ENGINEERING, AND LIFE SCIENCES (EXCEPT NANOTECHNOLOGY AND BIOTECHNOLOGY)",C,NO CLAUSES INCLUDED AND NO SUSTAINABILITY INCLUDED,B,OTHER U.S. ENTITY (E.G. GOVERNMENT),000,NONE,Z,NOT IT PRODUCTS OR SERVICES,E,NOT REQUIRED,USA,UNITED STATES,C,NOT A MANUFACTURED END PRODUCT,F,INDIVIDUAL SUBCONTRACT PLAN,C,NOT COMPETED,SSS,ONLY ONE SOURCE,,,NONE,NO PREFERENCE USED,,,,,MES,"MOBILIZATION, ESSENTIAL R&D (FAR 6.302-3)",,D,COMMERCIAL PRODUCTS/SERVICES PROCEDURES NOT USED,f,N,NO,N,NO,Y,YES,N,NO,,N,NO,N,NO,Y,YES,N,NO,X,NOT APPLICABLE,,,B,IDC,S,SINGLE AWARD,,,,Y,YES,,,N,N,N,NO,D,NOT CONSOLIDATED,N,NO - SERVICE WHERE PBA IS NOT USED.,N,NO,Z,NOT APPLICABLE,N,NO,X,NOT APPLICABLE,f,f,f,f,f,f,f,f,f,f,f,f,f,f,f,f,f,f,f,OTHER THAN SMALL BUSINESS,O,f,f,f,f,f,f,f,f,f,f,f,f,f,f,f,f,f,CORPORATE TAX EXEMPT,f,t,f,f,f,f,f,f,f,t,f,f,f,f,f,f,f,t,f,f,f,f,f,f,f,f,f,f,f,t,f,f,f,t,f,f,f,f,f,f,f,f,f,f,f,f,f,f,f,f,,,,,,,,,,,https://www.usaspending.gov/award/CONT_AWD_W31P4Q19F0188_9700_W31P4Q18D0002_9700/,2025-04-02
CONT_AWD_W31P4Q19F0259_9700_W31P4Q18D0002_9700,W31P4Q19F0259,9700,DEPT OF DEFENSE,W31P4Q18D0002,Q: Not Designated Nonemergency/Emergency/Disaster/Wildfire Suppression,,,,,80347355.95,1090803.64,80347355.95,81615102.79,2019-07-03,2019,2025-09-12,2025,2019-07-03,2025-01-28,2025-01-28 00:00:00,,2019-03-22,097,Department of Defense,2100,Department of the Army,W31P4Q,W6QK ACC-RSA,097,Department of Defense,97AE,Defense Advanced Research Projects Agency,HR0011,DEF ADVANCED RESEARCH PROJECTS AGCY,021-2020/2021-2040-000;021-2021/2022-2040-000;021-2022/2023-2040-000;057-2019/2019-3400-000;057-2019/2020-3600-000;057-2019/2021-3080-000;057-2020/2020-3400-000;057-2020/2021-3600-000;057-2021/2021-3400-000;097-2019/2020-0400-000;097-2020/2021-0400-000,021-2040;057-3080;057-3400;057-3600;097-0400,25.1: Advisory and assistance services;25.5: Research and development contracts;25.7: Operation and maintenance of equipment;26.0: Supplies and materials;31.0: Equipment,0000: UNKNOWN/OTHER;0001: BASIC RESEARCH;0001: OPERATING FORCES;0002: SUPPORT VEHICLES AND EQUIPMENT;0004: ADMINISTRATION AND SERVICE-WIDE ACTIVITIES;0007: OPERATIONAL SYSTEM DEVELOPMENT;0099: N/A;00CA: N/A;00RB: REIMBURSABLE PROGRAM;0801: REIMBURSABLE,X,NOT APPLICABLE,,,L3G5SBQ2PLK5,,GEORGIA TECH APPLIED RESEARCH CORP,GEORGIA TECH APPLIED RESEARCH CORPORATION,,1FEZ4,L3G5SBQ2PLK5,,GEORGIA TECH APPLIED RESEARCH CORP,GEORGIA TECH RESEARCH CORPORATION,USA,UNITED STATES,505 10TH ST,,ATLANTA,13121,FULTON,13,GA,GEORGIA,303185775,GA-05,GA-05,4048946934,4043852081,USA,UNITED STATES,ATLANTA,13121,FULTON,13,GA,GEORGIA,303185775,GA-05,GA-05,AWARD,C,DELIVERY ORDER,,,,,,,U,COST PLUS FIXED FEE,"THE OBJECTIVE OF TASK ORDER W31P4Q-19-F-0259 IS TO PROVIDE SUPPORT TO AFLCMC/HBZ TO ENHANCE LIVE TRAINING. TO MEET ITS MISSION, AFLCMC/HBZ REQUIRES GTRI TO LEAD, ASSIST, OR INFORM ALL PHASES IN THE DEVELOPMENT, PROCUREMENT, IMPLEMENTATION, AND SUSTAINMENT OF THE LIVE MISSION OPERATIONS CAPABILITY (LMOC).  THE LMOC IS AN ENTERPRISE-WIDE COMPONENT OF LVC-OT THAT ENABLES A REALISTIC LIVE-SYNTHETIC TRAINING ENVIRONMENT THAT INCLUDES EXERCISE SCHEDULING, SCENARIO DEVELOPMENT, MISSION PLANNING, BRIEFING, EXECUTION, DEBRIEF, AND DATA ANALYSIS AND ARCHIVE.  TO ACCOMPLISH THIS OBJECTIVE, GTRI WILL PERFORM A NUMBER OF TASKS INCLUDING ANALYSIS, DESIGN, MODELING AND SIMULATION (M&S), SOFTWARE DEVELOPMENT, SYSTEMS ENGINEERING, SYSTEMS PROTOTYPING, AND TESTING ACROSS MULTIPLE PLATFORMS WITH A COMMON, MODULAR, SECURE, OPEN-SYSTEMS APPROACH.",,1,OT,OTHER FUNCTIONS,AJ41,R&D- GENERAL SCIENCE/TECHNOLOGY: ENGINEERING (BASIC RESEARCH),H,NOT BUNDLED,S1,SERVICES,541715,"RESEARCH AND DEVELOPMENT IN THE PHYSICAL, ENGINEERING, AND LIFE SCIENCES (EXCEPT NANOTECHNOLOGY AND BIOTECHNOLOGY)",C,NO CLAUSES INCLUDED AND NO SUSTAINABILITY INCLUDED,B,OTHER U.S. ENTITY (E.G. GOVERNMENT),000,NONE,Z,NOT IT PRODUCTS OR SERVICES,E,NOT REQUIRED,USA,UNITED STATES,C,NOT A MANUFACTURED END PRODUCT,F,INDIVIDUAL SUBCONTRACT PLAN,C,NOT COMPETED,SSS,ONLY ONE SOURCE,,,NONE,NO PREFERENCE USED,,,,,MES,"MOBILIZATION, ESSENTIAL R&D (FAR 6.302-3)",,D,COMMERCIAL PRODUCTS/SERVICES PROCEDURES NOT USED,f,N,NO,N,NO,Y,YES,N,NO,,N,NO,N,NO,Y,YES,N,NO,X,NOT APPLICABLE,,,B,IDC,S,SINGLE AWARD,,,,Y,YES,,,N,N,N,NO,D,NOT CONSOLIDATED,N,NO - SERVICE WHERE PBA IS NOT USED.,N,NO,Z,NOT APPLICABLE,N,NO,X,NOT APPLICABLE,f,f,f,f,f,f,f,f,f,f,f,f,f,f,f,f,f,f,f,OTHER THAN SMALL BUSINESS,O,f,f,f,f,f,f,f,f,f,f,f,f,f,f,f,f,f,CORPORATE TAX EXEMPT,f,t,f,f,f,f,f,f,f,t,f,f,f,f,f,f,f,t,f,f,f,f,f,f,f,f,f,f,f,t,f,f,f,t,f,f,f,f,f,f,f,f,f,f,f,f,f,f,f,f,,,,,,,,,,,https://www.usaspending.gov/award/CONT_AWD_W31P4Q19F0259_9700_W31P4Q18D0002_9700/,2025-12-03
CONT_AWD_W31P4Q19F0273_9700_W31P4Q18D0002_9700,W31P4Q19F0273,9700,DEPT OF DEFENSE,W31P4Q18D0002,N: Emergency P.L. 116-136;Q: Not Designated Nonemergency/Emergency/Disaster/Wildfire Suppression,2026456.99,153613.01,,,42000544.07,13639160.61,42000544.07,97357465.88,2019-07-31,2019,2025-07-17,2025,2019-07-31,2024-07-31,2024-07-31 00:00:00,,2019-03-31,097,Department of Defense,2100,Department of the Army,W31P4Q,W6QK ACC-RSA,097,Department of Defense,2100,Department of the Army,W90BWX,W1DF CCDC AV MISSILE CENTER,021-2020/2021-2040-000;021-2021/2022-2040-000;021-2023/2024-2040-000;057-2022/2023-3600-000;057-2023/2024-3600-000;057-2024/2025-3600-000;097-2019/2020-0400-000;097-2020/2021-0400-000;097-2021/2022-0400-000;097-2022/2023-0400-000;097-2023/2024-0400-000,021-2040;057-3600;097-0400,25.1: Advisory and assistance services;25.3: Other goods and services from Federal sources;25.5: Research and development contracts,0001: BASIC RESEARCH;0007: OPERATIONAL SYSTEM DEVELOPMENT;0008: SOFTWARE AND DIGITAL TECHNOLOGY PILOT PROGRAMS;0099: N/A;009S: MISCELLANEOUS;00CA: N/A;0801: REIMBURSABLE;OPTN: FIELD IS OPTIONAL PRIOR TO FY21,X,NOT APPLICABLE,,,L3G5SBQ2PLK5,,GEORGIA TECH APPLIED RESEARCH CORP,GEORGIA TECH APPLIED RESEARCH CORPORATION,,1FEZ4,L3G5SBQ2PLK5,,GEORGIA TECH APPLIED RESEARCH CORP,GEORGIA TECH RESEARCH CORPORATION,USA,UNITED STATES,505 10TH ST,,ATLANTA,13121,FULTON,13,GA,GEORGIA,303185775,GA-05,GA-05,4048946934,4043852081,USA,UNITED STATES,ATLANTA,13121,FULTON,13,GA,GEORGIA,303320001,GA-05,GA-05,AWARD,C,DELIVERY ORDER,,,,,,,U,COST PLUS FIXED FEE,TASK ORDER W31P4Q-19-F-0273 ADDRESS HIGH-INTEREST PROBLEMS FROM STRATEGIC CAPABILITIES OFFICE (SCO) AND ITS MISSION PARTNERS AFFECTING NATIONAL SECURITY AND PROVIDE ANALYTICAL ASSESSMENTS AND SOLUTION RECOMMENDATIONS,,1,OT,OTHER FUNCTIONS,AJ41,R&D- GENERAL SCIENCE/TECHNOLOGY: ENGINEERING (BASIC RESEARCH),H,NOT BUNDLED,S1,SERVICES,541715,"RESEARCH AND DEVELOPMENT IN THE PHYSICAL, ENGINEERING, AND LIFE SCIENCES (EXCEPT NANOTECHNOLOGY AND BIOTECHNOLOGY)",C,NO CLAUSES INCLUDED AND NO SUSTAINABILITY INCLUDED,B,OTHER U.S. ENTITY (E.G. GOVERNMENT),000,NONE,Z,NOT IT PRODUCTS OR SERVICES,E,NOT REQUIRED,USA,UNITED STATES,C,NOT A MANUFACTURED END PRODUCT,F,INDIVIDUAL SUBCONTRACT PLAN,C,NOT COMPETED,SSS,ONLY ONE SOURCE,,,NONE,NO PREFERENCE USED,,,,,MES,"MOBILIZATION, ESSENTIAL R&D (FAR 6.302-3)",,D,COMMERCIAL PRODUCTS/SERVICES PROCEDURES NOT USED,f,N,NO,N,NO,Y,YES,N,NO,0.00,N,NO,N,NO,Y,YES,N,NO,X,NOT APPLICABLE,,,B,IDC,S,SINGLE AWARD,,,,Y,YES,,,N,N,N,NO,D,NOT CONSOLIDATED,N,NO - SERVICE WHERE PBA IS NOT USED.,N,NO,Z,NOT APPLICABLE,N,NO,X,NOT APPLICABLE,f,f,f,f,f,f,f,f,f,f,f,f,f,f,f,f,f,f,f,OTHER THAN SMALL BUSINESS,O,f,f,f,f,f,f,f,f,f,f,f,f,f,f,f,f,f,CORPORATE TAX EXEMPT,f,t,f,f,f,f,f,f,f,t,f,f,f,f,f,f,f,t,f,f,f,f,f,f,f,f,f,f,f,t,f,f,f,t,f,f,f,f,f,f,f,f,f,f,f,f,f,f,f,f,,,,,,,,,,,https://www.usaspending.gov/award/CONT_AWD_W31P4Q19F0273_9700_W31P4Q18D0002_9700/,2025-12-17
CONT_AWD_W31P4Q19F0408_9700_W31P4Q18D0002_9700,W31P4Q19F0408,9700,DEPT OF DEFENSE,W31P4Q18D0002,N: Emergency P.L. 116-136;Q: Not Designated Nonemergency/Emergency/Disaster/Wildfire Suppression,0,2504538.00,,,23693161.87,0.00,23693161.87,24231360.19,2019-07-29,2019,2025-05-06,2025,2019-07-29,2023-09-22,2023-09-22 00:00:00,,,097,Department of Defense,2100,Department of the Army,W31P4Q,W6QK ACC-RSA,097,Department of Defense,2100,Department of the Army,W91VT9,W6DV PEO M & S REDSTONE,021-2019/2020-2040-000;021-2020/2020-2020-000;021-2020/2021-2040-000,021-2020;021-2040,25.1: Advisory and assistance services;25.5: Research and development contracts;31.0: Equipment,0001: BASIC RESEARCH;OPTN: FIELD IS OPTIONAL PRIOR TO FY21,X,NOT APPLICABLE,,,L3G5SBQ2PLK5,,GEORGIA TECH APPLIED RESEARCH CORP,GEORGIA TECH APPLIED RESEARCH CORPORATION,,1FEZ4,L3G5SBQ2PLK5,,GEORGIA TECH APPLIED RESEARCH CORP,GEORGIA TECH RESEARCH CORPORATION,USA,UNITED STATES,505 10TH ST,,ATLANTA,13121,FULTON,13,GA,GEORGIA,303185775,GA-05,GA-05,4048946934,4043852081,USA,UNITED STATES,ATLANTA,13121,FULTON,13,GA,GEORGIA,303185775,GA-05,GA-05,AWARD,C,DELIVERY ORDER,,,,,,,U,COST PLUS FIXED FEE,"THIS IS A RESEARCH AND DEVELOPMENT SERVICES FOR ARMY INTEGRATED AIR AND MISSILE DEFENSE TECHNICAL SUPPORT. THE TOTAL TASK ORDER AMOUNT IS $24,671,488.59 WITH A PERIOD OF PERFORMANCE THROUGH 3 YEARS. THIS TASK ORDER IS INCREMENTALLY FUNDED.",,1,OT,OTHER FUNCTIONS,AJ41,R&D- GENERAL SCIENCE/TECHNOLOGY: ENGINEERING (BASIC RESEARCH),H,NOT BUNDLED,S1,SERVICES,541715,"RESEARCH AND DEVELOPMENT IN THE PHYSICAL, ENGINEERING, AND LIFE SCIENCES (EXCEPT NANOTECHNOLOGY AND BIOTECHNOLOGY)",C,NO CLAUSES INCLUDED AND NO SUSTAINABILITY INCLUDED,B,OTHER U.S. ENTITY (E.G. GOVERNMENT),000,NONE,Z,NOT IT PRODUCTS OR SERVICES,E,NOT REQUIRED,USA,UNITED STATES,C,NOT A MANUFACTURED END PRODUCT,F,INDIVIDUAL SUBCONTRACT PLAN,C,NOT COMPETED,SSS,ONLY ONE SOURCE,,,NONE,NO PREFERENCE USED,,,,,MES,"MOBILIZATION, ESSENTIAL R&D (FAR 6.302-3)",,D,COMMERCIAL PRODUCTS/SERVICES PROCEDURES NOT USED,f,N,NO,N,NO,Y,YES,N,NO,0.00,N,NO,N,NO,Y,YES,N,NO,X,NOT APPLICABLE,,,B,IDC,S,SINGLE AWARD,,,,Y,YES,,,N,N,N,NO,D,NOT CONSOLIDATED,N,NO - SERVICE WHERE PBA IS NOT USED.,N,NO,Z,NOT APPLICABLE,N,NO,X,NOT APPLICABLE,f,f,f,f,f,f,f,f,f,f,f,f,f,f,f,f,f,f,f,OTHER THAN SMALL BUSINESS,O,f,f,f,f,f,f,f,f,f,f,f,f,f,f,f,f,f,CORPORATE TAX EXEMPT,f,t,f,f,f,f,f,f,f,t,f,f,f,f,f,f,f,t,f,f,f,f,f,f,f,f,f,f,f,t,f,f,f,t,f,f,f,f,f,f,f,f,f,f,f,f,f,f,f,f,,,,,,,,,,,https://www.usaspending.gov/award/CONT_AWD_W31P4Q19F0408_9700_W31P4Q18D0002_9700/,2025-08-01
CONT_AWD_W31P4Q19F0447_9700_W31P4Q18D0002_9700,W31P4Q19F0447,9700,DEPT OF DEFENSE,W31P4Q18D0002,N: Emergency P.L. 116-136;Q: Not Designated Nonemergency/Emergency/Disaster/Wildfire Suppression,241841.06,-241841.06,,,42951926.80,454140.43,42951926.80,43663108.70,2019-08-09,2019,2025-07-15,2025,2019-08-09,2024-04-30,2024-04-30 12:04:00,,,097,Department of Defense,2100,Department of the Army,W31P4Q,W6QK ACC-RSA,097,Department of Defense,2100,Department of the Army,W90BWX,W1DF CCDC AV MISSILE CENTER,021-2018/2019-2040-000;021-2018/2020-2031-000;021-2019/2020-2040-000;021-2019/2021-2031-000;021-2020/2021-2040-000;021-2020/2022-2031-000;021-2021/2021-2020-000;021-2021/2022-2040-000;021-2021/2023-2035-000;097-2020/2021-0400-000;097-2021/2022-0400-000,021-2020;021-2031;021-2035;021-2040;097-0400,25.1: Advisory and assistance services;25.2: Other services from non-Federal sources;25.5: Research and development contracts;31.0: Equipment,0001: AIRCRAFT;0001: BASIC RESEARCH;0004: SPARE AND REPAIR PARTS;0004: SUPPORT EQUIPMENT AND FACILITIES;0004: SUPPORT EQUIPMENT & FACILITIES;0007: OPERATIONAL SYSTEM DEVELOPMENT;0009: N/A;0020: UNDISTRIBUTED;0099: N/A;00CA: N/A;0801: REIMBURSABLE;OPTN: FIELD IS OPTIONAL PRIOR TO FY21,X,NOT APPLICABLE,,,L3G5SBQ2PLK5,,GEORGIA TECH APPLIED RESEARCH CORP,GEORGIA TECH APPLIED RESEARCH CORPORATION,,1FEZ4,L3G5SBQ2PLK5,,GEORGIA TECH APPLIED RESEARCH CORP,GEORGIA TECH RESEARCH CORPORATION,USA,UNITED STATES,505 10TH ST,,ATLANTA,13121,FULTON,13,GA,GEORGIA,303185775,GA-05,GA-05,4048946934,4043852081,USA,UNITED STATES,ATLANTA,13121,FULTON,13,GA,GEORGIA,303186395,GA-05,GA-05,AWARD,C,DELIVERY ORDER,,,,,,,U,COST PLUS FIXED FEE,"TO W31P4Q19F0447 IS IAW WITH SECTION H-14, ORDERING PROCEDURES OF THE BASIC CONTRACT, FOR THE PWS ENTITLED, ADVANCED AVIONICS RESEARCH&SYSTEMS ENGINEERING FOR ARMY AVIATION PLATFORMS.  POP FROM DATE OF AWARD THROUGH FIVE (5) YEARS.",,1,OT,OTHER FUNCTIONS,AJ41,R&D- GENERAL SCIENCE/TECHNOLOGY: ENGINEERING (BASIC RESEARCH),H,NOT BUNDLED,S1,SERVICES,541715,"RESEARCH AND DEVELOPMENT IN THE PHYSICAL, ENGINEERING, AND LIFE SCIENCES (EXCEPT NANOTECHNOLOGY AND BIOTECHNOLOGY)",C,NO CLAUSES INCLUDED AND NO SUSTAINABILITY INCLUDED,B,OTHER U.S. ENTITY (E.G. GOVERNMENT),000,NONE,Z,NOT IT PRODUCTS OR SERVICES,E,NOT REQUIRED,USA,UNITED STATES,C,NOT A MANUFACTURED END PRODUCT,F,INDIVIDUAL SUBCONTRACT PLAN,C,NOT COMPETED,SSS,ONLY ONE SOURCE,,,NONE,NO PREFERENCE USED,,,,,MES,"MOBILIZATION, ESSENTIAL R&D (FAR 6.302-3)",,D,COMMERCIAL PRODUCTS/SERVICES PROCEDURES NOT USED,f,N,NO,N,NO,Y,YES,N,NO,0.00,N,NO,N,NO,Y,YES,N,NO,X,NOT APPLICABLE,,,B,IDC,S,SINGLE AWARD,,,,Y,YES,,,N,N,N,NO,D,NOT CONSOLIDATED,N,NO - SERVICE WHERE PBA IS NOT USED.,N,NO,Z,NOT APPLICABLE,N,NO,X,NOT APPLICABLE,f,f,f,f,f,f,f,f,f,f,f,f,f,f,f,f,f,f,f,OTHER THAN SMALL BUSINESS,O,f,f,f,f,f,f,f,f,f,f,f,f,f,f,f,f,f,CORPORATE TAX EXEMPT,f,t,f,f,f,f,f,f,f,t,f,f,f,f,f,f,f,t,f,f,f,f,f,f,f,f,f,f,f,t,f,f,f,t,f,f,f,f,f,f,f,f,f,f,f,f,f,f,f,f,,,,,,,,,,,https://www.usaspending.gov/award/CONT_AWD_W31P4Q19F0447_9700_W31P4Q18D0002_9700/,2025-07-15
CONT_AWD_W31P4Q21F0285_9700_W31P4Q18D0002_9700,W31P4Q21F0285,9700,DEPT OF DEFENSE,W31P4Q18D0002,Q: Not Designated Nonemergency/Emergency/Disaster/Wildfire Suppression,,,,,91936762.52,0.00,91936762.52,92197429.43,2021-09-20,2021,2025-09-03,2025,2021-09-20,2026-09-19,2026-09-19 12:09:00,,2021-07-16,097,Department of Defense,2100,Department of the Army,W31P4Q,W6QK ACC-RSA,097,Department of Defense,2100,Department of the Army,W50FZ7,W6DQ PEO AVN REDSTONE,021-2021/2022-2040-000;021-2022/2023-2040-000;021-2022/2024-2031-000;021-2022/2024-2035-000;021-2023/2024-2040-000;021-2023/2025-2031-000;021-2023/2025-2035-000;097-2024/2025-0400-000,021-2031;021-2035;021-2040;097-0400,25.1: Advisory and assistance services;25.2: Other services from non-Federal sources;25.5: Research and development contracts;31.0: Equipment,0003: SUPPORT EQUIPMENT AND FACILITIES;0004: SPARE AND REPAIR PARTS;0004: SUPPORT EQUIPMENT AND FACILITIES;0008: SOFTWARE AND DIGITAL TECHNOLOGY PILOT PROGRAMS;0020: UNDISTRIBUTED;0099: N/A,X,NOT APPLICABLE,,,L3G5SBQ2PLK5,,GEORGIA TECH APPLIED RESEARCH CORP,GEORGIA TECH APPLIED RESEARCH CORPORATION,,1FEZ4,L3G5SBQ2PLK5,,GEORGIA TECH APPLIED RESEARCH CORP,GEORGIA TECH RESEARCH CORPORATION,USA,UNITED STATES,505 10TH ST,,ATLANTA,13121,FULTON,13,GA,GEORGIA,303185775,GA-05,GA-05,4048946934,4043852081,USA,UNITED STATES,ATLANTA,13121,FULTON,13,GA,GEORGIA,303185775,GA-05,GA-05,AWARD,C,DELIVERY ORDER,,,,,,,U,COST PLUS FIXED FEE,"TASK ORDER W31P4Q-21-F-0285 (S3I CONTROL NUMBER 292-1A) IS ISSUED IN ACCORDANCE WITH SECTION H-14, ORDERING PROCEDURES OF THE BASIC CONTRACT, FOR THE (PWS) ENTITLED, "" ADVANCED AVIONICS RESEARCH & SYSTEMS ENGINEERING FOR ARMY AVIATION PLATFORMS"".",,1,OT,OTHER FUNCTIONS,AJ11,GENERAL SCIENCE AND TECHNOLOGY R&D SERVICES; GENERAL SCIENCE AND TECHNOLOGY; BASIC RESEARCH,H,NOT BUNDLED,S1,SERVICES,541715,"RESEARCH AND DEVELOPMENT IN THE PHYSICAL, ENGINEERING, AND LIFE SCIENCES (EXCEPT NANOTECHNOLOGY AND BIOTECHNOLOGY)",C,NO CLAUSES INCLUDED AND NO SUSTAINABILITY INCLUDED,B,OTHER U.S. ENTITY (E.G. GOVERNMENT),000,NONE,Z,NOT IT PRODUCTS OR SERVICES,E,NOT REQUIRED,USA,UNITED STATES,C,NOT A MANUFACTURED END PRODUCT,F,INDIVIDUAL SUBCONTRACT PLAN,C,NOT COMPETED,SSS,ONLY ONE SOURCE,,,NONE,NO PREFERENCE USED,,,,,MES,"MOBILIZATION, ESSENTIAL R&D (FAR 6.302-3)",,D,COMMERCIAL PRODUCTS/SERVICES PROCEDURES NOT USED,f,N,NO,N,NO,Y,YES,N,NO,,N,NO,N,NO,Y,YES,N,NO,X,NOT APPLICABLE,,,B,IDC,S,SINGLE AWARD,,,,Y,YES,,,Y,Y,N,NO,D,NOT CONSOLIDATED,N,NO - SERVICE WHERE PBA IS NOT USED.,N,NO,Z,NOT APPLICABLE,N,NO,X,NOT APPLICABLE,f,f,f,f,f,f,f,f,f,f,f,f,f,f,f,f,f,f,f,OTHER THAN SMALL BUSINESS,O,f,f,f,f,f,f,f,f,f,f,f,f,f,f,f,f,f,CORPORATE TAX EXEMPT,f,t,f,f,f,f,f,f,f,t,f,f,f,f,f,f,f,t,f,f,f,f,f,f,f,f,f,f,f,t,f,f,f,t,f,f,f,f,f,f,f,f,f,f,f,f,f,f,f,f,,,,,,,,,,,https://www.usaspending.gov/award/CONT_AWD_W31P4Q21F0285_9700_W31P4Q18D0002_9700/,2025-09-03
CONT_AWD_W31P4Q21F0313_9700_W31P4Q18D0002_9700,W31P4Q21F0313,9700,DEPT OF DEFENSE,W31P4Q18D0002,Q: Not Designated Nonemergency/Emergency/Disaster/Wildfire Suppression,,,,,37810862.73,1159315.14,37810862.73,53990749.35,2021-09-22,2021,2025-08-28,2025,2021-09-22,2026-09-30,2026-09-30 12:09:00,,2021-08-05,097,Department of Defense,2100,Department of the Army,W31P4Q,W6QK ACC-RSA,097,Department of Defense,1700,Department of the Navy,N00024,NAVSEA HQ,057-2023/2023-3400-000;057-2024/2024-3400-000;057-2025/2025-3400-000;057-2025/2025-3840-000;097-2023/2025-0350-000,057-3400;057-3840;097-0350,25.2: Other services from non-Federal sources;25.7: Operation and maintenance of equipment,0002: NATIONAL GUARD EQUIPMENT;0004: ADMINISTRATION AND SERVICE-WIDE ACTIVITIES;0020: UNDISTRIBUTED;00RB: REIMBURSABLE PROGRAM,X,NOT APPLICABLE,,,L3G5SBQ2PLK5,,GEORGIA TECH APPLIED RESEARCH CORP,GEORGIA TECH APPLIED RESEARCH CORPORATION,,1FEZ4,L3G5SBQ2PLK5,,GEORGIA TECH APPLIED RESEARCH CORP,GEORGIA TECH RESEARCH CORPORATION,USA,UNITED STATES,505 10TH ST,,ATLANTA,13121,FULTON,13,GA,GEORGIA,303185775,GA-05,GA-05,4048946934,4043852081,USA,UNITED STATES,ATLANTA,13121,FULTON,13,GA,GEORGIA,303185775,GA-05,GA-05,AWARD,C,DELIVERY ORDER,,,,,,,U,COST PLUS FIXED FEE,ELECTRONIC WARFARE RESEARCH AND DEVELOPMENT,,1,OT,OTHER FUNCTIONS,AJ11,GENERAL SCIENCE AND TECHNOLOGY R&D SERVICES; GENERAL SCIENCE AND TECHNOLOGY; BASIC RESEARCH,H,NOT BUNDLED,S1,SERVICES,541715,"RESEARCH AND DEVELOPMENT IN THE PHYSICAL, ENGINEERING, AND LIFE SCIENCES (EXCEPT NANOTECHNOLOGY AND BIOTECHNOLOGY)",C,NO CLAUSES INCLUDED AND NO SUSTAINABILITY INCLUDED,B,OTHER U.S. ENTITY (E.G. GOVERNMENT),000,NONE,Z,NOT IT PRODUCTS OR SERVICES,E,NOT REQUIRED,USA,UNITED STATES,C,NOT A MANUFACTURED END PRODUCT,F,INDIVIDUAL SUBCONTRACT PLAN,C,NOT COMPETED,SSS,ONLY ONE SOURCE,,,NONE,NO PREFERENCE USED,,,,,MES,"MOBILIZATION, ESSENTIAL R&D (FAR 6.302-3)",,D,COMMERCIAL PRODUCTS/SERVICES PROCEDURES NOT USED,f,N,NO,N,NO,Y,YES,N,NO,,N,NO,N,NO,Y,YES,N,NO,X,NOT APPLICABLE,,,B,IDC,S,SINGLE AWARD,,,,Y,YES,,,Y,Y,N,NO,D,NOT CONSOLIDATED,N,NO - SERVICE WHERE PBA IS NOT USED.,N,NO,Z,NOT APPLICABLE,N,NO,X,NOT APPLICABLE,f,f,f,f,f,f,f,f,f,f,f,f,f,f,f,f,f,f,f,OTHER THAN SMALL BUSINESS,O,f,f,f,f,f,f,f,f,f,f,f,f,f,f,f,f,f,CORPORATE TAX EXEMPT,f,t,f,f,f,f,f,f,f,t,f,f,f,f,f,f,f,t,f,f,f,f,f,f,f,f,f,f,f,t,f,f,f,t,f,f,f,f,f,f,f,f,f,f,f,f,f,f,f,f,,,,,,,,,,,https://www.usaspending.gov/award/CONT_AWD_W31P4Q21F0313_9700_W31P4Q18D0002_9700/,2025-08-28
CONT_AWD_W31P4Q22F0012_9700_W31P4Q18D0002_9700,W31P4Q22F0012,9700,DEPT OF DEFENSE,W31P4Q18D0002,Q: Not Designated Nonemergency/Emergency/Disaster/Wildfire Suppression,,,,,34310169.06,246035.95,34310169.06,50301383.23,2021-12-16,2022,2025-09-26,2025,2021-12-16,2026-09-25,2026-09-25 12:09:00,,2021-10-21,097,Department of Defense,2100,Department of the Army,W31P4Q,W6QK ACC-RSA,097,Department of Defense,5700,Department of the Air Force,F4FBGK,F4FBGK AFRL RS,021-2021/2022-2040-000;021-2022/2023-2040-000;021-2023/2024-2040-000;021-2024/2025-2040-000;097-2023/2024-0400-000,021-2040;097-0400,25.1: Advisory and assistance services;25.5: Research and development contracts;31.0: Equipment,0008: SOFTWARE AND DIGITAL TECHNOLOGY PILOT PROGRAMS;0099: N/A;009S: MISCELLANEOUS;0801: REIMBURSABLE,X,NOT APPLICABLE,,,L3G5SBQ2PLK5,,GEORGIA TECH APPLIED RESEARCH CORP,GEORGIA TECH APPLIED RESEARCH CORPORATION,,1FEZ4,L3G5SBQ2PLK5,,GEORGIA TECH APPLIED RESEARCH CORP,GEORGIA TECH RESEARCH CORPORATION,USA,UNITED STATES,505 10TH ST,,ATLANTA,13121,FULTON,13,GA,GEORGIA,303185775,GA-05,GA-05,4048946934,4043852081,USA,UNITED STATES,ATLANTA,13121,FULTON,13,GA,GEORGIA,303185775,GA-05,GA-05,AWARD,C,DELIVERY ORDER,,,,,,,U,COST PLUS FIXED FEE,ARMY INTEGRATED FIRES TECHNICAL SUPPORT,,1,OT,OTHER FUNCTIONS,AJ11,GENERAL SCIENCE AND TECHNOLOGY R&D SERVICES; GENERAL SCIENCE AND TECHNOLOGY; BASIC RESEARCH,H,NOT BUNDLED,S1,SERVICES,541715,"RESEARCH AND DEVELOPMENT IN THE PHYSICAL, ENGINEERING, AND LIFE SCIENCES (EXCEPT NANOTECHNOLOGY AND BIOTECHNOLOGY)",C,NO CLAUSES INCLUDED AND NO SUSTAINABILITY INCLUDED,B,OTHER U.S. ENTITY (E.G. GOVERNMENT),000,NONE,Z,NOT IT PRODUCTS OR SERVICES,E,NOT REQUIRED,USA,UNITED STATES,C,NOT A MANUFACTURED END PRODUCT,F,INDIVIDUAL SUBCONTRACT PLAN,C,NOT COMPETED,SSS,ONLY ONE SOURCE,,,NONE,NO PREFERENCE USED,,,,,MES,"MOBILIZATION, ESSENTIAL R&D (FAR 6.302-3)",,D,COMMERCIAL PRODUCTS/SERVICES PROCEDURES NOT USED,f,N,NO,N,NO,Y,YES,N,NO,,N,NO,N,NO,Y,YES,N,NO,X,NOT APPLICABLE,,,B,IDC,S,SINGLE AWARD,,,,Y,YES,,,Y,Y,N,NO,D,NOT CONSOLIDATED,N,NO - SERVICE WHERE PBA IS NOT USED.,N,NO,Z,NOT APPLICABLE,N,NO,X,NOT APPLICABLE,f,f,f,f,f,f,f,f,f,f,f,f,f,f,f,f,f,f,f,OTHER THAN SMALL BUSINESS,O,f,f,f,f,f,f,f,f,f,f,f,f,f,f,f,f,f,CORPORATE TAX EXEMPT,f,t,f,f,f,f,f,f,f,t,f,f,f,f,f,f,f,t,f,f,f,f,f,f,f,f,f,f,f,t,f,f,f,t,f,f,f,f,f,f,f,f,f,f,f,f,f,f,f,f,,,,,,,,,,,https://www.usaspending.gov/award/CONT_AWD_W31P4Q22F0012_9700_W31P4Q18D0002_9700/,2025-09-26
CONT_AWD_W31P4Q22F0150_9700_W31P4Q18D0002_9700,W31P4Q22F0150,9700,DEPT OF DEFENSE,W31P4Q18D0002,Q: Not Designated Nonemergency/Emergency/Disaster/Wildfire Suppression,,,,,29540598.67,1622522.42,29934950.73,38990311.41,2022-08-05,2022,2025-09-12,2025,2022-08-05,2026-04-21,2026-04-21 12:04:00,,2022-05-19,097,Department of Defense,2100,Department of the Army,W31P4Q,W6QK ACC-RSA,097,Department of Defense,97AD,Immediate Office of the Secretary of Defense,HQ0110,DEFENSE TEST RESOURCE MGMT CENTER,017-2023/2023-1106-000;021-2022/2023-2040-000;057-2021/2023-3080-000;097-2023/2024-0400-000;097-2024/2025-0400-000;097-2025/2026-0400-000,017-1106;021-2040;057-3080;097-0400,25.1: Advisory and assistance services;25.3: Other goods and services from Federal sources;25.5: Research and development contracts;31.0: Equipment,0004: ADMIN & SRVWD ACTIVITIES;0020: UNDISTRIBUTED;0099: N/A;009S: MISCELLANEOUS;0801: REIMBURSABLE,X,NOT APPLICABLE,,,L3G5SBQ2PLK5,,GEORGIA TECH APPLIED RESEARCH CORP,GEORGIA TECH APPLIED RESEARCH CORPORATION,,1FEZ4,L3G5SBQ2PLK5,,GEORGIA TECH APPLIED RESEARCH CORP,GEORGIA TECH RESEARCH CORPORATION,USA,UNITED STATES,505 10TH ST,,ATLANTA,13121,FULTON,13,GA,GEORGIA,303185775,GA-05,GA-05,4048946934,4043852081,USA,UNITED STATES,ATLANTA,13121,FULTON,13,GA,GEORGIA,303185775,GA-05,GA-05,AWARD,C,DELIVERY ORDER,,,,,,,U,COST PLUS FIXED FEE,"MODERNIZATION AND SUSTAINMENT OF INTEROPERABLE LIVE, VIRTUAL AND CONSTRUCTIVE (LVC) TEST & TRAINING RANGE (TTR) SYSTEMS AND CAPABILITIES",,1,OT,OTHER FUNCTIONS,AJ11,GENERAL SCIENCE AND TECHNOLOGY R&D SERVICES; GENERAL SCIENCE AND TECHNOLOGY; BASIC RESEARCH,H,NOT BUNDLED,S1,SERVICES,541715,"RESEARCH AND DEVELOPMENT IN THE PHYSICAL, ENGINEERING, AND LIFE SCIENCES (EXCEPT NANOTECHNOLOGY AND BIOTECHNOLOGY)",C,NO CLAUSES INCLUDED AND NO SUSTAINABILITY INCLUDED,B,OTHER U.S. ENTITY (E.G. GOVERNMENT),000,NONE,Z,NOT IT PRODUCTS OR SERVICES,E,NOT REQUIRED,USA,UNITED STATES,C,NOT A MANUFACTURED END PRODUCT,F,INDIVIDUAL SUBCONTRACT PLAN,C,NOT COMPETED,SSS,ONLY ONE SOURCE,,,NONE,NO PREFERENCE USED,,,,,MES,"MOBILIZATION, ESSENTIAL R&D (FAR 6.302-3)",,D,COMMERCIAL PRODUCTS/SERVICES PROCEDURES NOT USED,f,N,NO,N,NO,Y,YES,N,NO,,N,NO,N,NO,Y,YES,N,NO,X,NOT APPLICABLE,,,B,IDC,S,SINGLE AWARD,,,,Y,YES,,,N,N,U,UNKNOWN,D,NOT CONSOLIDATED,N,NO - SERVICE WHERE PBA IS NOT USED.,N,NO,Z,NOT APPLICABLE,N,NO,X,NOT APPLICABLE,f,f,f,f,f,f,f,f,f,f,f,f,f,f,f,f,f,f,f,OTHER THAN SMALL BUSINESS,O,f,f,f,f,f,f,f,f,f,f,f,f,f,f,f,f,f,CORPORATE TAX EXEMPT,f,t,f,f,f,f,f,f,f,t,f,f,f,f,f,f,f,t,f,f,f,f,f,f,f,f,f,f,f,t,f,f,f,t,f,f,f,f,f,f,f,f,f,f,f,f,f,f,f,f,,,,,,,,,,,https://www.usaspending.gov/award/CONT_AWD_W31P4Q22F0150_9700_W31P4Q18D0002_9700/,2025-09-12
CONT_AWD_W31P4Q22F0238_9700_W31P4Q18D0002_9700,W31P4Q22F0238,9700,DEPT OF DEFENSE,W31P4Q18D0002,Q: Not Designated Nonemergency/Emergency/Disaster/Wildfire Suppression,,,,,22369835.92,0.00,22369835.92,81091607.70,2022-09-27,2022,2025-08-29,2025,2022-09-27,2027-09-26,2027-09-26 12:09:00,,2022-08-16,097,Department of Defense,2100,Department of the Army,W31P4Q,W6QK ACC-RSA,097,Department of Defense,2100,Department of the Army,W90BWX,W1DF CCDC AV MISSILE CENTER,021-2021/2022-2040-000;021-2022/2023-2040-000;021-2023/2024-2040-000,021-2040,25.1: Advisory and assistance services,0801: REIMBURSABLE,X,NOT APPLICABLE,,,L3G5SBQ2PLK5,,GEORGIA TECH APPLIED RESEARCH CORP,GEORGIA TECH APPLIED RESEARCH CORPORATION,,1FEZ4,L3G5SBQ2PLK5,,GEORGIA TECH APPLIED RESEARCH CORP,GEORGIA TECH RESEARCH CORPORATION,USA,UNITED STATES,505 10TH ST,,ATLANTA,13121,FULTON,13,GA,GEORGIA,303185775,GA-05,GA-05,4048946934,4043852081,USA,UNITED STATES,ATLANTA,13121,FULTON,13,GA,GEORGIA,303183165,GA-06,GA-06,AWARD,C,DELIVERY ORDER,,,,,,,U,COST PLUS FIXED FEE,"GEORGIA INSTITUTE OF TECHNOLOGY, GEORGIA TECH RESEARCH INSTITUTE (GTRI) INFORMATICS AND ENGINEERING SUPPORT TO THE CENTERS FOR DISEASE CONTROL AND PREVENTION (CDC)",,1,OT,OTHER FUNCTIONS,AJ11,GENERAL SCIENCE AND TECHNOLOGY R&D SERVICES; GENERAL SCIENCE AND TECHNOLOGY; BASIC RESEARCH,H,NOT BUNDLED,S1,SERVICES,541715,"RESEARCH AND DEVELOPMENT IN THE PHYSICAL, ENGINEERING, AND LIFE SCIENCES (EXCEPT NANOTECHNOLOGY AND BIOTECHNOLOGY)",C,NO CLAUSES INCLUDED AND NO SUSTAINABILITY INCLUDED,B,OTHER U.S. ENTITY (E.G. GOVERNMENT),000,NONE,Z,NOT IT PRODUCTS OR SERVICES,E,NOT REQUIRED,USA,UNITED STATES,C,NOT A MANUFACTURED END PRODUCT,F,INDIVIDUAL SUBCONTRACT PLAN,C,NOT COMPETED,SSS,ONLY ONE SOURCE,,,NONE,NO PREFERENCE USED,,,,,MES,"MOBILIZATION, ESSENTIAL R&D (FAR 6.302-3)",,D,COMMERCIAL PRODUCTS/SERVICES PROCEDURES NOT USED,f,N,NO,N,NO,Y,YES,N,NO,,N,NO,N,NO,Y,YES,N,NO,X,NOT APPLICABLE,,,B,IDC,S,SINGLE AWARD,,,,Y,YES,,,N,N,U,UNKNOWN,D,NOT CONSOLIDATED,N,NO - SERVICE WHERE PBA IS NOT USED.,N,NO,Z,NOT APPLICABLE,N,NO,X,NOT APPLICABLE,f,f,f,f,f,f,f,f,f,f,f,f,f,f,f,f,f,f,f,OTHER THAN SMALL BUSINESS,O,f,f,f,f,f,f,f,f,f,f,f,f,f,f,f,f,f,CORPORATE TAX EXEMPT,f,t,f,f,f,f,f,f,f,t,f,f,f,f,f,f,f,t,f,f,f,f,f,f,f,f,f,f,f,t,f,f,f,t,f,f,f,f,f,f,f,f,f,f,f,f,f,f,f,f,,,,,,,,,,,https://www.usaspending.gov/award/CONT_AWD_W31P4Q22F0238_9700_W31P4Q18D0002_9700/,2025-08-29
CONT_AWD_W31P4Q24F0041_9700_W31P4Q18D0002_9700,W31P4Q24F0041,9700,DEPT OF DEFENSE,W31P4Q18D0002,,,,,,27714250.95,,27714250.95,97229755.14,2024-09-27,2024,2025-09-11,2025,2024-09-27,2026-09-03,2026-09-03 12:09:00,,2024-06-18,097,Department of Defense,2100,Department of the Army,W31P4Q,W6QK ACC-RSA,097,Department of Defense,2100,Department of the Army,W900VK,W6DQ 01 PEO AVN,,,,,X,NOT APPLICABLE,,,L3G5SBQ2PLK5,,GEORGIA TECH APPLIED RESEARCH CORP,GEORGIA TECH APPLIED RESEARCH CORPORATION,,1FEZ4,L3G5SBQ2PLK5,,GEORGIA TECH APPLIED RESEARCH CORP,GEORGIA TECH RESEARCH CORPORATION,USA,UNITED STATES,505 10TH ST,,ATLANTA,13121,FULTON,13,GA,GEORGIA,303185775,GA-05,GA-05,4048946934,4043852081,USA,UNITED STATES,ATLANTA,13121,FULTON,13,GA,GEORGIA,303185775,GA-05,GA-05,AWARD,C,DELIVERY ORDER,,,,,,,U,COST PLUS FIXED FEE,AVIONICS RESEARCH SYSTEMS DEVELOPMENT ENGINEERING FOR ARMY AVIATION PLATFORMS.,,1,OT,OTHER FUNCTIONS,AJ11,GENERAL SCIENCE AND TECHNOLOGY R&D SERVICES; GENERAL SCIENCE AND TECHNOLOGY; BASIC RESEARCH,H,NOT BUNDLED,,,541715,"RESEARCH AND DEVELOPMENT IN THE PHYSICAL, ENGINEERING, AND LIFE SCIENCES (EXCEPT NANOTECHNOLOGY AND BIOTECHNOLOGY)",C,NO CLAUSES INCLUDED AND NO SUSTAINABILITY INCLUDED,B,OTHER U.S. ENTITY (E.G. GOVERNMENT),000,NONE,Z,NOT IT PRODUCTS OR SERVICES,E,NOT REQUIRED,USA,UNITED STATES,C,NOT A MANUFACTURED END PRODUCT,F,INDIVIDUAL SUBCONTRACT PLAN,C,NOT COMPETED,SSS,ONLY ONE SOURCE,,,NONE,NO PREFERENCE USED,,,,,MES,"MOBILIZATION, ESSENTIAL R&D (FAR 6.302-3)",,D,COMMERCIAL PRODUCTS/SERVICES PROCEDURES NOT USED,f,N,NO,N,NO,Y,YES,N,NO,,N,NO,N,NO,Y,YES,N,NO,X,NOT APPLICABLE,,,B,IDC,S,SINGLE AWARD,,,,Y,YES,Y,YES - CAS CLAUSE INCLUDED,N,N,,,D,NOT CONSOLIDATED,Y,YES - SERVICE WHERE PBA IS USED.,N,NO,Z,NOT APPLICABLE,N,NO,X,NOT APPLICABLE,f,f,f,f,f,f,f,f,f,f,f,f,f,f,f,f,f,f,f,OTHER THAN SMALL BUSINESS,O,f,f,f,f,f,f,f,f,f,f,f,f,f,f,f,f,f,CORPORATE TAX EXEMPT,f,t,f,f,f,f,f,f,f,t,f,f,f,f,f,f,f,t,f,f,f,f,f,f,f,f,f,f,f,t,f,f,f,t,f,f,f,f,f,f,f,f,f,f,f,f,f,f,f,f,,,,,,,,,,,https://www.usaspending.gov/award/CONT_AWD_W31P4Q24F0041_9700_W31P4Q18D0002_9700/,2025-09-11
CONT_AWD_W31P4Q24F0123_9700_W31P4Q18D0002_9700,W31P4Q24F0123,9700,DEPT OF DEFENSE,W31P4Q18D0002,Q: Not Designated Nonemergency/Emergency/Disaster/Wildfire Suppression,,,,,34350455.97,0.00,34350455.97,86049075.99,2024-09-27,2024,2025-09-12,2025,2024-09-27,2026-08-11,2026-08-11 12:08:00,,2024-06-18,097,Department of Defense,2100,Department of the Army,W31P4Q,W6QK ACC-RSA,097,Department of Defense,5700,Department of the Air Force,F2CFDN,F2CFDN HQ PACAF A3 A3EB,057-2024/2024-3400-000;057-2024/2026-3080-000;057-2025/2025-3400-000,057-3080;057-3400,25.3: Other goods and services from Federal sources;25.7: Operation and maintenance of equipment,0004: ADMINISTRATION AND SERVICE-WIDE ACTIVITIES;0004: OTHER BASE MAINTENANCE AND SUPPORT EQUIPMENT;0020: UNDISTRIBUTED,X,NOT APPLICABLE,,,L3G5SBQ2PLK5,,GEORGIA TECH APPLIED RESEARCH CORP,GEORGIA TECH APPLIED RESEARCH CORPORATION,,1FEZ4,L3G5SBQ2PLK5,,GEORGIA TECH APPLIED RESEARCH CORP,GEORGIA TECH RESEARCH CORPORATION,USA,UNITED STATES,505 10TH ST,,ATLANTA,13121,FULTON,13,GA,GEORGIA,303185775,GA-05,GA-05,4048946934,4043852081,USA,UNITED STATES,ATLANTA,13121,FULTON,13,GA,GEORGIA,303185775,GA-05,GA-05,AWARD,C,DELIVERY ORDER,,,,,,,U,COST PLUS FIXED FEE,PACIFIC AIR FORCES AREA OF RESPONSIBILITY DEPLOYED RANGE SYSTEMS SUSTAINMENT AND SUPPORT IIB,,1,OT,OTHER FUNCTIONS,AJ11,GENERAL SCIENCE AND TECHNOLOGY R&D SERVICES; GENERAL SCIENCE AND TECHNOLOGY; BASIC RESEARCH,H,NOT BUNDLED,,,541715,"RESEARCH AND DEVELOPMENT IN THE PHYSICAL, ENGINEERING, AND LIFE SCIENCES (EXCEPT NANOTECHNOLOGY AND BIOTECHNOLOGY)",C,NO CLAUSES INCLUDED AND NO SUSTAINABILITY INCLUDED,B,OTHER U.S. ENTITY (E.G. GOVERNMENT),000,NONE,Z,NOT IT PRODUCTS OR SERVICES,E,NOT REQUIRED,USA,UNITED STATES,C,NOT A MANUFACTURED END PRODUCT,F,INDIVIDUAL SUBCONTRACT PLAN,C,NOT COMPETED,SSS,ONLY ONE SOURCE,,,NONE,NO PREFERENCE USED,,,,,MES,"MOBILIZATION, ESSENTIAL R&D (FAR 6.302-3)",,D,COMMERCIAL PRODUCTS/SERVICES PROCEDURES NOT USED,f,N,NO,N,NO,Y,YES,N,NO,,N,NO,N,NO,Y,YES,N,NO,X,NOT APPLICABLE,,,B,IDC,S,SINGLE AWARD,,,,Y,YES,Y,YES - CAS CLAUSE INCLUDED,N,N,,,D,NOT CONSOLIDATED,N,NO - SERVICE WHERE PBA IS NOT USED.,N,NO,Z,NOT APPLICABLE,N,NO,X,NOT APPLICABLE,f,f,f,f,f,f,f,f,f,f,f,f,f,f,f,f,f,f,f,OTHER THAN SMALL BUSINESS,O,f,f,f,f,f,f,f,f,f,f,f,f,f,f,f,f,f,CORPORATE TAX EXEMPT,f,t,f,f,f,f,f,f,f,t,f,f,f,f,f,f,f,t,f,f,f,f,f,f,f,f,f,f,f,t,f,f,f,t,f,f,f,f,f,f,f,f,f,f,f,f,f,f,f,f,,,,,,,,,,,https://www.usaspending.gov/award/CONT_AWD_W31P4Q24F0123_9700_W31P4Q18D0002_9700/,2025-09-12
CONT_AWD_W5168W24F0009_9700_W5168W24D0001_9700,W5168W24F0009,9700,DEPT OF DEFENSE,W5168W24D0001,Q: Not Designated Nonemergency/Emergency/Disaster/Wildfire Suppression,,,,,65867740.76,10600000.00,77124011.11,77124011.11,2024-07-18,2024,2025-09-12,2025,2024-07-01,2025-06-30,2025-06-30 00:00:00,,2024-06-25,097,Department of Defense,2100,Department of the Army,W911SF,W6QM MICC-FT BENNING,097,Department of Defense,2100,Department of the Army,W90KQ5,W6YG USALRCTR FT BENNING,021-2024/2024-2020-000;021-2025/2025-2020-000,021-2020,25.2: Other services from non-Federal sources;25.4: Operation and maintenance of facilities,0004: ADMINISTRATION AND SERVICE-WIDE ACTIVITIES;0020: UNDISTRIBUTED,X,NOT APPLICABLE,,,DLM1KL6LJ5M9,,GEORGIA VOCATIONAL REHABILITATION AGENCY,GEORGIA VOCATIONAL REHABILITATION AGENCY,,3B4X8,DLM1KL6LJ5M9,,GEORGIA VOCATIONAL REHABILITATION AGENCY,GEORGIA VOCATIONAL REHABILITATION AGENCY,USA,UNITED STATES,5238 ROYAL WOODS PKWY,,TUCKER,13089,DEKALB,13,GA,GEORGIA,300848617,GA-05,GA-04,4703160281,7707246598,USA,UNITED STATES,FORT BENNING,13053,CHATTAHOOCHEE,13,GA,GEORGIA,319054465,GA-02,GA-02,AWARD,C,DELIVERY ORDER,,,,,,,J,FIRM FIXED PRICE,"FULL FOOD SERVICES - FORT MOORE, GA",W5168W23R0003,1,OT,OTHER FUNCTIONS,M1FD,OPERATION OF DINING FACILITIES,H,NOT BUNDLED,,,722310,FOOD SERVICE CONTRACTORS,C,NO CLAUSES INCLUDED AND NO SUSTAINABILITY INCLUDED,B,OTHER U.S. ENTITY (E.G. GOVERNMENT),000,NONE,Z,NOT IT PRODUCTS OR SERVICES,E,NOT REQUIRED,USA,UNITED STATES,C,NOT A MANUFACTURED END PRODUCT,F,INDIVIDUAL SUBCONTRACT PLAN,A,FULL AND OPEN COMPETITION,NP,NEGOTIATED PROPOSAL/QUOTE,,,NONE,NO PREFERENCE USED,,,,,,,,A,COMMERCIAL PRODUCTS/SERVICES,f,N,NO,,,X,NOT APPLICABLE,N,NO,,N,NO,N,NO,Y,YES,N,NO,X,NOT APPLICABLE,,,B,IDC,S,SINGLE AWARD,,,,N,NO,X,NOT APPLICABLE EXEMPT FROM CAS,Y,Y,,,D,NOT CONSOLIDATED,Y,YES - SERVICE WHERE PBA IS USED.,N,NO,Z,NOT APPLICABLE,N,NO,X,NOT APPLICABLE,f,f,f,f,f,f,f,f,f,f,f,f,f,f,f,f,f,f,f,OTHER THAN SMALL BUSINESS,O,f,f,f,f,f,f,t,f,f,f,f,f,f,f,f,f,f,US GOVERNMENT ENTITY,f,f,f,f,f,f,t,f,f,f,f,f,f,f,f,f,f,t,f,f,f,f,f,f,f,f,f,f,f,f,f,f,f,f,f,f,f,f,f,f,f,f,f,f,f,f,f,f,f,f,,,,,,,,,,,https://www.usaspending.gov/award/CONT_AWD_W5168W24F0009_9700_W5168W24D0001_9700/,2025-09-12
CONT_AWD_W52P1J19F0173_9700_W52P1J17G0100_9700,W52P1J19F0173,9700,DEPT OF DEFENSE,W52P1J17G0100,N: Emergency P.L. 116-136;Q: Not Designated Nonemergency/Emergency/Disaster/Wildfire Suppression,,753392.94,,,73816040.51,5398938.56,73816040.51,73816040.51,2019-03-13,2019,2025-09-15,2025,2019-03-13,2025-05-25,2025-05-25 12:05:00,,2018-08-20,097,Department of Defense,2100,Department of the Army,W519TC,W6QK ACC-RI,097,Department of Defense,2100,Department of the Army,W90XN7,W0DA US ARMY SUSTAINMENT CMD,021-2020/2020-2020-000;021-2021/2021-2020-000;021-2022/2022-2020-000;021-2023/2023-2020-000;021-2024/2024-2020-000,021-2020,25.7: Operation and maintenance of equipment,0001: OPERATING FORCES;0004: ADMINISTRATION AND SERVICE-WIDE ACTIVITIES;OPTN: FIELD IS OPTIONAL PRIOR TO FY21,X,NOT APPLICABLE,,,PMYLAS13RLK9,,"SYNERGY LOGISTICS SERVICES, LLC","SYNERGY LOGISTICS SERVICES, LLC",,7KJG7,PMYLAS13RLK9,,"SYNERGY LOGISTICS SERVICES, LLC",SYNERGY LOGISTICS SERVICES  LLC,USA,UNITED STATES,1329 SWIFT AVE,,NORTH KANSAS CITY,29047,CLAY,29,MO,MISSOURI,641164013,MO-06,MO-05,8167590431,,USA,UNITED STATES,FORT GORDON,13245,RICHMOND,13,GA,GEORGIA,309051203,GA-12,GA-12,AWARD,C,DELIVERY ORDER,,,,,,,J,FIRM FIXED PRICE,"LOGISTICS SERVICES FOR FORT GORDON, GA.",,1,OT,OTHER FUNCTIONS,R706,SUPPORT- MANAGEMENT: LOGISTICS SUPPORT,H,NOT BUNDLED,S1,SERVICES,561210,FACILITIES SUPPORT SERVICES,C,NO CLAUSES INCLUDED AND NO SUSTAINABILITY INCLUDED,A,U.S. OWNED BUSINESS,000,NONE,Z,NOT IT PRODUCTS OR SERVICES,E,NOT REQUIRED,USA,UNITED STATES,C,NOT A MANUFACTURED END PRODUCT,B,PLAN NOT REQUIRED,D,FULL AND OPEN COMPETITION AFTER EXCLUSION OF SOURCES,NP,NEGOTIATED PROPOSAL/QUOTE,8A,8A COMPETED,NONE,NO PREFERENCE USED,,,,,,,8,D,COMMERCIAL PRODUCTS/SERVICES PROCEDURES NOT USED,f,,,N,NO,,,N,NO,0.00,N,NO,X,NOT APPLICABLE,X,NOT APPLICABLE,X,NOT APPLICABLE,X,NOT APPLICABLE,,,D,BOA,M,MULTIPLE AWARD,,,,,,X,NOT APPLICABLE EXEMPT FROM CAS,Y,Y,N,NO,D,NOT CONSOLIDATED,Y,YES - SERVICE WHERE PBA IS USED.,,,Z,NOT APPLICABLE,N,NO,X,NOT APPLICABLE,f,f,f,f,f,f,f,t,t,f,t,f,t,f,f,f,t,f,f,SMALL BUSINESS,S,f,f,f,f,f,f,f,f,f,f,f,f,f,f,f,f,f,PARTNERSHIP,f,f,t,f,f,f,f,f,f,f,f,f,f,f,f,f,f,t,f,f,f,f,f,f,f,f,f,f,t,f,f,f,f,f,f,f,f,f,f,f,f,f,f,f,f,t,f,f,f,t,,,,,,,,,,,https://www.usaspending.gov/award/CONT_AWD_W52P1J19F0173_9700_W52P1J17G0100_9700/,2025-09-15
CONT_AWD_W52P1J20F0389_9700_W52P1J17G0096_9700,W52P1J20F0389,9700,DEPT OF DEFENSE,W52P1J17G0096,Q: Not Designated Nonemergency/Emergency/Disaster/Wildfire Suppression,,,,,26394962.48,24.02,28300873.94,32002429.36,2020-07-21,2020,2025-10-20,2026,2020-09-01,2025-12-31,2025-12-31 12:12:00,,,097,Department of Defense,2100,Department of the Army,W519TC,W6QK ACC-RI,097,Department of Defense,2100,Department of the Army,W90XN7,W0DA US ARMY SUSTAINMENT CMD,021-2020/2020-2020-000;021-2020/2021-2040-000;021-2021/2021-2020-000;021-2021/2022-2040-000;021-2023/2023-2020-000;021-2024/2024-2020-000;097-2022/2022-0130-000;097-2023/2023-0130-000,021-2020;021-2040;097-0130,22.0: Transportation of things;25.2: Other services from non-Federal sources;25.7: Operation and maintenance of equipment;25.8: Subsistence and support of persons,0001: BASIC RESEARCH;0001: OPERATING FORCES;0001: OPERATION AND MAINTENANCE;0004: ADMINISTRATION AND SERVICE-WIDE ACTIVITIES;0020: UNDISTRIBUTED;0801: REIMBURSABLE;OPTN: FIELD IS OPTIONAL PRIOR TO FY21,X,NOT APPLICABLE,,,MQNHMXNFTSG8,,SAWTST LLC,"SAWTST, LLC",,4DDK6,MQNHMXNFTSG8,,SAWTST LLC,SAWTST LLC,USA,UNITED STATES,4046 HIGHWAY 154 STE 230,,NEWNAN,13077,COWETA,13,GA,GEORGIA,302652330,GA-03,GA-03,6788335535,6788681235,USA,UNITED STATES,NEWNAN,13077,COWETA,13,GA,GEORGIA,302652330,GA-03,GA-03,AWARD,C,DELIVERY ORDER,,,,,,,U,COST PLUS FIXED FEE,"EAGLE FORT HUACHUCA LOGISTICS SUPPORT SERVICES TO INCLUDE MAINTENANCE, SUPPLY AND TRANSPORTATION.",,1,OT,OTHER FUNCTIONS,J025,MAINT/REPAIR/REBUILD OF EQUIPMENT- VEHICULAR EQUIPMENT COMPONENTS,H,NOT BUNDLED,S1,SERVICES,561210,FACILITIES SUPPORT SERVICES,C,NO CLAUSES INCLUDED AND NO SUSTAINABILITY INCLUDED,A,U.S. OWNED BUSINESS,000,NONE,Z,NOT IT PRODUCTS OR SERVICES,E,NOT REQUIRED,USA,UNITED STATES,C,NOT A MANUFACTURED END PRODUCT,B,PLAN NOT REQUIRED,D,FULL AND OPEN COMPETITION AFTER EXCLUSION OF SOURCES,NP,NEGOTIATED PROPOSAL/QUOTE,SDVOSBC,SERVICE DISABLED VETERAN OWNED SMALL BUSINESS SET-ASIDE,NONE,NO PREFERENCE USED,,,,,,,12,D,COMMERCIAL PRODUCTS/SERVICES PROCEDURES NOT USED,f,N,NO,N,NO,,,N,NO,,N,NO,X,NOT APPLICABLE,X,NOT APPLICABLE,X,NOT APPLICABLE,X,NOT APPLICABLE,,,D,BOA,M,MULTIPLE AWARD,,,,Y,YES,X,NOT APPLICABLE EXEMPT FROM CAS,Y,Y,N,NO,D,NOT CONSOLIDATED,Y,YES - SERVICE WHERE PBA IS USED.,,,Z,NOT APPLICABLE,N,NO,X,NOT APPLICABLE,f,f,f,f,f,t,t,f,f,f,f,f,t,f,f,t,f,f,f,SMALL BUSINESS,S,f,f,f,f,f,f,f,f,f,f,f,f,f,f,f,f,f,CORPORATE NOT TAX EXEMPT,t,f,f,f,f,f,f,f,f,f,f,f,f,f,f,f,f,t,f,f,f,f,f,f,f,f,t,f,t,f,f,f,f,f,f,f,f,f,f,f,f,f,f,f,f,f,f,f,f,f,RONALD W SAXTON,197893.00,FRANKLIN K JONES,281378.00,DEBRA A HADLEY,262654.00,ROSHAWNDA  ALLEN,262068.00,AUDREY  HINES,239922.00,https://www.usaspending.gov/award/CONT_AWD_W52P1J20F0389_9700_W52P1J17G0096_9700/,2025-10-20
CONT_AWD_W52P1J21F0035_9700_W52P1J17G0066_9700,W52P1J21F0035,9700,DEPT OF DEFENSE,W52P1J17G0066,Q: Not Designated Nonemergency/Emergency/Disaster/Wildfire Suppression,,,,,226110902.94,0.00,238969894.37,238969894.37,2020-12-04,2021,2025-09-18,2025,2020-12-04,2025-12-09,2025-12-09 12:12:00,,2019-09-18,097,Department of Defense,2100,Department of the Army,W519TC,W6QK ACC-RI,097,Department of Defense,2100,Department of the Army,W90XN7,W0DA US ARMY SUSTAINMENT CMD,021-2020/2020-2020-000;021-2022/2022-2020-000;021-2022/2022-2065-000;021-2023/2023-2020-000;021-2023/2023-2065-000;021-2024/2024-2020-000;097-2023/2023-0100-000;097-2024/2024-0100-000;097-2025/2025-0100-000;097-2025/2025-0130-000,021-2020;021-2065;097-0100;097-0130,25.7: Operation and maintenance of equipment,0001: OPERATION AND MAINTENANCE;0004: ADMINISTRATION AND SERVICE-WIDE ACTIVITIES;0004: ADMINISTRATION & SERVICEWIDE ACTIVITIES;0020: UNDISTRIBUTED;00RB: REIMBURSABLE PROGRAM;0801: REIMBURSABLE,X,NOT APPLICABLE,,,RRFJZGASZJ41,,VECTRUS SYSTEMS LLC,VECTRUS SYSTEMS CORPORATION,,1D510,CG8SV4246V29,,"VECTRUS, INC.",VECTRUS  INC.,USA,UNITED STATES,2424 GARDEN OF THE GODS RD STE 300,,COLORADO SPRINGS,08041,EL PASO,08,CO,COLORADO,809193143,CO-05,CO-05,7196374220,,USA,UNITED STATES,FORT BENNING,13053,CHATTAHOOCHEE,13,GA,GEORGIA,319054503,GA-02,GA-02,AWARD,C,DELIVERY ORDER,,,,,,,U,COST PLUS FIXED FEE,EAGLE LOGISTIC SERVICES AT FT BENNING GA,,1,OT,OTHER FUNCTIONS,J025,MAINT/REPAIR/REBUILD OF EQUIPMENT- VEHICULAR EQUIPMENT COMPONENTS,H,NOT BUNDLED,S1,SERVICES,561210,FACILITIES SUPPORT SERVICES,C,NO CLAUSES INCLUDED AND NO SUSTAINABILITY INCLUDED,A,U.S. OWNED BUSINESS,000,NONE,Z,NOT IT PRODUCTS OR SERVICES,E,NOT REQUIRED,USA,UNITED STATES,C,NOT A MANUFACTURED END PRODUCT,F,INDIVIDUAL SUBCONTRACT PLAN,A,FULL AND OPEN COMPETITION,NP,NEGOTIATED PROPOSAL/QUOTE,NONE,NO SET ASIDE USED.,NONE,NO PREFERENCE USED,,,,,,,9,D,COMMERCIAL PRODUCTS/SERVICES PROCEDURES NOT USED,f,N,NO,N,NO,,,N,NO,,N,NO,X,NOT APPLICABLE,X,NOT APPLICABLE,X,NOT APPLICABLE,X,NOT APPLICABLE,,,D,BOA,M,MULTIPLE AWARD,,,,,,,,Y,Y,N,NO,D,NOT CONSOLIDATED,Y,YES - SERVICE WHERE PBA IS USED.,,,Z,NOT APPLICABLE,N,NO,X,NOT APPLICABLE,f,f,f,f,f,f,f,f,f,f,f,f,f,f,f,f,f,f,f,OTHER THAN SMALL BUSINESS,O,f,f,f,f,f,f,f,f,f,f,f,f,f,f,f,f,f,CORPORATE NOT TAX EXEMPT,t,f,f,f,f,f,f,f,f,f,f,f,f,f,f,f,f,t,f,f,f,f,f,f,f,f,f,f,t,f,f,f,f,f,f,f,f,f,f,f,f,f,f,f,f,f,f,f,f,f,,,,,,,,,,,https://www.usaspending.gov/award/CONT_AWD_W52P1J21F0035_9700_W52P1J17G0066_9700/,2025-09-18
CONT_AWD_W52P1J22F0017_9700_W52P1J18G0030_9700,W52P1J22F0017,9700,DEPT OF DEFENSE,W52P1J18G0030,Q: Not Designated Nonemergency/Emergency/Disaster/Wildfire Suppression,,,,,40016248.15,0.00,41277477.87,52089327.58,2022-02-08,2022,2025-09-30,2025,2022-02-08,2026-02-17,2026-02-17 00:00:00,,2021-07-08,097,Department of Defense,2100,Department of the Army,W519TC,W6QK ACC-RI,097,Department of Defense,2100,Department of the Army,W90XN7,W0DA US ARMY SUSTAINMENT CMD,021-2023/2023-2020-000;021-2024/2024-2020-000,021-2020,25.7: Operation and maintenance of equipment,0004: ADMINISTRATION AND SERVICE-WIDE ACTIVITIES;0801: REIMBURSABLE,X,NOT APPLICABLE,,,K218AKKG7SH6,,AKIMA FACILITIES OPERATIONS LLC,AKIMA FACILITIES OPERATIONS LLC,,7W2N1,CQEXK8P7NCS3,,AKIMA FACILITIES OPERATIONS LLC,AKIMA FACILITIES OPERATIONS LLC,USA,UNITED STATES,2553 DULLES VIEW DR STE 700,,HERNDON,51059,FAIRFAX,51,VA,VIRGINIA,201715228,VA-11,VA-11,5713235460,,USA,UNITED STATES,FORT STEWART,13179,LIBERTY,13,GA,GEORGIA,313145014,GA-01,GA-01,AWARD,C,DELIVERY ORDER,,,,,,,U,COST PLUS FIXED FEE,"MAINTENANCE, SUPPLY AND TRANSPORTATION SERVICES AT FORT RILEY.",,1,OT,OTHER FUNCTIONS,J025,MAINT/REPAIR/REBUILD OF EQUIPMENT- VEHICULAR EQUIPMENT COMPONENTS,H,NOT BUNDLED,S1,SERVICES,561210,FACILITIES SUPPORT SERVICES,C,NO CLAUSES INCLUDED AND NO SUSTAINABILITY INCLUDED,A,U.S. OWNED BUSINESS,000,NONE,Z,NOT IT PRODUCTS OR SERVICES,E,NOT REQUIRED,USA,UNITED STATES,C,NOT A MANUFACTURED END PRODUCT,B,PLAN NOT REQUIRED,D,FULL AND OPEN COMPETITION AFTER EXCLUSION OF SOURCES,NP,NEGOTIATED PROPOSAL/QUOTE,SBA,SMALL BUSINESS SET ASIDE - TOTAL,NONE,NO PREFERENCE USED,,,,,,,16,D,COMMERCIAL PRODUCTS/SERVICES PROCEDURES NOT USED,f,N,NO,N,NO,,,N,NO,,N,NO,X,NOT APPLICABLE,N,NO,X,NOT APPLICABLE,X,NOT APPLICABLE,,,D,BOA,M,MULTIPLE AWARD,,,,,,X,NOT APPLICABLE EXEMPT FROM CAS,Y,Y,N,NO,D,NOT CONSOLIDATED,N,NO - SERVICE WHERE PBA IS NOT USED.,,,Z,NOT APPLICABLE,N,NO,X,NOT APPLICABLE,t,f,f,f,f,f,f,f,f,f,f,f,t,f,f,f,f,t,f,SMALL BUSINESS,S,f,f,f,f,f,f,f,f,f,f,f,f,f,f,f,f,f,CORPORATE NOT TAX EXEMPT,t,f,f,f,f,f,f,f,f,f,f,f,f,f,f,f,f,t,f,f,f,f,f,f,f,f,t,f,t,f,f,f,f,f,f,f,f,f,f,f,f,f,f,f,f,t,f,t,f,f,SHANNON  CARNEY,138502.00,LANNY  HOGABOOM,101593.00,,,,,,,https://www.usaspending.gov/award/CONT_AWD_W52P1J22F0017_9700_W52P1J18G0030_9700/,2025-09-30
CONT_AWD_W56HZV19F0046_9700_W56HZV14D0066_9700,W56HZV19F0046,9700,DEPT OF DEFENSE,W56HZV14D0066,Q: Not Designated Nonemergency/Emergency/Disaster/Wildfire Suppression,,,,,56456620.88,0.00,56456620.88,56456620.88,2018-12-21,2019,2024-11-14,2025,2018-12-21,2025-09-30,2025-09-30 12:09:00,,2018-05-16,097,Department of Defense,2100,Department of the Army,W912CH,W6QK ACC- DTA,097,Department of Defense,2100,Department of the Army,W502E2,W6DW PEO CS & CSS WARREN,017-2019/2021-1109-000;021-2019/2021-2035-000,017-1109;021-2035,31.0: Equipment,0001: SUPPORT VEHICLES AND EQUIPMENT,X,NOT APPLICABLE,,,G525KLUWCM96,,JCB INC.,JCB INC.,,0JKF0,G525KLUWCM96,,JCB INC.,JCB  INC.,USA,UNITED STATES,2000 BAMFORD BLVD,,POOLER,13051,CHATHAM,13,GA,GEORGIA,313229504,GA-01,GA-01,9124472000,9124472246,USA,UNITED STATES,POOLER,13051,CHATHAM,13,GA,GEORGIA,313229504,GA-01,GA-01,AWARD,C,DELIVERY ORDER,,,,,,,J,FIRM FIXED PRICE,"THIS IS A SOLE SOURCE FOLLOW-ON PRODUCTION CONTRACT FOR HIGH MOBILITY ENGINEER EXCAVATORS (HMEE) AND VEHICLE ATTACHMENTS. THIS IS A FIVE YEAR REQUIREMENTS CONTRACT, VALUED AT $149M. DELIVERY ORDER W56HZV-19-F-0046 IS TO ORDER 80 EA HMEE VEHICLES.",,1,,,2305,GROUND EFFECT VEHICLES,H,NOT BUNDLED,C9A,CONSTRUCTION EQUIPMENT,333120,CONSTRUCTION MACHINERY MANUFACTURING,C,NO CLAUSES INCLUDED AND NO SUSTAINABILITY INCLUDED,A,U.S. OWNED BUSINESS,000,NONE,Z,NOT IT PRODUCTS OR SERVICES,E,NOT REQUIRED,USA,UNITED STATES,D,MFG IN U.S.,C,PLAN REQUIRED - INCENTIVE NOT INCLUDED,C,NOT COMPETED,SSS,ONLY ONE SOURCE,,,NONE,NO PREFERENCE USED,,,,,FOC,FOLLOW-ON CONTRACT (FAR 6.302-1(A)(2)(II/III)),,D,COMMERCIAL PRODUCTS/SERVICES PROCEDURES NOT USED,f,N,NO,N,NO,Y,YES,N,NO,,N,NO,N,NO,N,NO,N,NO,X,NOT APPLICABLE,,,B,IDC,S,SINGLE AWARD,,,,Y,YES,,,N,N,U,UNKNOWN,D,NOT CONSOLIDATED,X,NOT APPLICABLE,Y,YES,Z,NOT APPLICABLE,N,NO,X,NOT APPLICABLE,f,f,f,f,f,f,f,f,f,f,f,f,f,f,f,f,f,f,f,OTHER THAN SMALL BUSINESS,O,f,f,f,f,f,f,f,f,f,f,f,f,f,f,f,f,f,CORPORATE NOT TAX EXEMPT,t,f,f,f,f,f,f,f,f,f,f,f,t,f,f,f,f,t,f,f,f,f,f,f,f,f,f,f,t,f,f,f,f,f,f,f,f,f,f,f,f,f,f,f,f,f,f,f,f,f,,,,,,,,,,,https://www.usaspending.gov/award/CONT_AWD_W56HZV19F0046_9700_W56HZV14D0066_9700/,2024-11-14
CONT_AWD_W56HZV20F0367_9700_W56HZV20D0084_9700,W56HZV20F0367,9700,DEPT OF DEFENSE,W56HZV20D0084,N: Emergency P.L. 116-136;Q: Not Designated Nonemergency/Emergency/Disaster/Wildfire Suppression,0,-297369.00,,,49850955.44,0.00,49850955.44,49850955.44,2020-06-26,2020,2025-06-25,2025,2020-06-26,2025-10-31,2025-10-31 12:10:00,,2019-09-27,097,Department of Defense,2100,Department of the Army,W912CH,W6QK ACC- DTA,097,Department of Defense,2100,Department of the Army,W502E2,W6DW PEO CS & CSS WARREN,021-2018/2020-2035-000;021-2019/2021-2035-000;021-2020/2022-2035-000;021-2023/2025-2035-000,021-2035,25.2: Other services from non-Federal sources;31.0: Equipment,0003: OTHER SUPPORT EQUIPMENT;0004: SPARE AND REPAIR PARTS;OPTN: FIELD IS OPTIONAL PRIOR TO FY21,X,NOT APPLICABLE,,,G525KLUWCM96,,JCB INC.,JCB INC.,,0JKF0,G525KLUWCM96,,JCB INC.,JCB  INC.,USA,UNITED STATES,2000 BAMFORD BLVD,,POOLER,13051,CHATHAM,13,GA,GEORGIA,313229504,GA-01,GA-01,9124472000,9124472246,USA,UNITED STATES,POOLER,13051,CHATHAM,13,GA,GEORGIA,313229504,GA-01,GA-01,AWARD,C,DELIVERY ORDER,,,,,,,J,FIRM FIXED PRICE,HMEE FOLLOW ON PRODUCTION CONTRACT.,,1,,,2420,"TRACTORS, WHEELED",H,NOT BUNDLED,A4B,NON-COMBAT VEHICLES,333120,CONSTRUCTION MACHINERY MANUFACTURING,A,FAR 52.223-4 INCLUDED,A,U.S. OWNED BUSINESS,000,NONE,Z,NOT IT PRODUCTS OR SERVICES,A,MEETS REQUIREMENTS,USA,UNITED STATES,D,MFG IN U.S.,F,INDIVIDUAL SUBCONTRACT PLAN,C,NOT COMPETED,SSS,ONLY ONE SOURCE,,,NONE,NO PREFERENCE USED,,,,,FOC,FOLLOW-ON CONTRACT (FAR 6.302-1(A)(2)(II/III)),,D,COMMERCIAL PRODUCTS/SERVICES PROCEDURES NOT USED,f,N,NO,N,NO,X,NOT APPLICABLE,N,NO,,Y,YES,X,NOT APPLICABLE,Y,YES,X,NOT APPLICABLE,X,NOT APPLICABLE,,,B,IDC,S,SINGLE AWARD,,,,Y,YES,X,NOT APPLICABLE EXEMPT FROM CAS,Y,Y,N,NO,D,NOT CONSOLIDATED,X,NOT APPLICABLE,N,NO,Z,NOT APPLICABLE,N,NO,X,NOT APPLICABLE,f,f,f,f,f,f,f,f,f,f,f,f,f,f,f,f,f,f,f,OTHER THAN SMALL BUSINESS,O,f,f,f,f,f,f,f,f,f,f,f,f,f,f,f,f,f,CORPORATE NOT TAX EXEMPT,t,f,f,f,f,f,f,f,f,f,f,f,t,f,f,f,f,t,f,f,f,f,f,f,f,f,f,f,t,f,f,f,f,f,f,f,f,f,f,f,f,f,f,f,f,f,f,f,f,f,,,,,,,,,,,https://www.usaspending.gov/award/CONT_AWD_W56HZV20F0367_9700_W56HZV20D0084_9700/,2025-06-25
CONT_AWD_W56HZV20F0389_9700_W56HZV20D0084_9700,W56HZV20F0389,9700,DEPT OF DEFENSE,W56HZV20D0084,Q: Not Designated Nonemergency/Emergency/Disaster/Wildfire Suppression,,,,,25739589.96,0.00,25739589.96,25739589.96,2020-06-30,2020,2025-05-15,2025,2020-06-30,2026-02-27,2026-02-27 12:02:00,,2020-06-20,097,Department of Defense,2100,Department of the Army,W912CH,W6QK ACC- DTA,097,Department of Defense,2100,Department of the Army,W502E2,W6DW PEO CS & CSS WARREN,097-2018/2020-0350-000;097-2022/2024-0350-000,097-0350,31.0: Equipment,0020: UNDISTRIBUTED;OPTN: FIELD IS OPTIONAL PRIOR TO FY21,X,NOT APPLICABLE,,,G525KLUWCM96,,JCB INC.,JCB INC.,,0JKF0,G525KLUWCM96,,JCB INC.,JCB  INC.,USA,UNITED STATES,2000 BAMFORD BLVD,,POOLER,13051,CHATHAM,13,GA,GEORGIA,313229504,GA-01,GA-01,9124472000,9124472246,USA,UNITED STATES,POOLER,13051,CHATHAM,13,GA,GEORGIA,313229504,GA-01,GA-01,AWARD,C,DELIVERY ORDER,,,,,,,J,FIRM FIXED PRICE,ISSUE DELIVERY ORDER TO SUFFICE ARNG REQUIREMENTS.,,1,,,2420,"TRACTORS, WHEELED",H,NOT BUNDLED,A4A,COMBAT VEHICLES,333120,CONSTRUCTION MACHINERY MANUFACTURING,A,FAR 52.223-4 INCLUDED,A,U.S. OWNED BUSINESS,000,NONE,Z,NOT IT PRODUCTS OR SERVICES,A,MEETS REQUIREMENTS,USA,UNITED STATES,D,MFG IN U.S.,F,INDIVIDUAL SUBCONTRACT PLAN,C,NOT COMPETED,SSS,ONLY ONE SOURCE,,,NONE,NO PREFERENCE USED,,,,,FOC,FOLLOW-ON CONTRACT (FAR 6.302-1(A)(2)(II/III)),,D,COMMERCIAL PRODUCTS/SERVICES PROCEDURES NOT USED,f,N,NO,N,NO,X,NOT APPLICABLE,N,NO,,Y,YES,X,NOT APPLICABLE,Y,YES,X,NOT APPLICABLE,X,NOT APPLICABLE,,,B,IDC,S,SINGLE AWARD,,,,Y,YES,X,NOT APPLICABLE EXEMPT FROM CAS,N,N,Y,YES,D,NOT CONSOLIDATED,X,NOT APPLICABLE,N,NO,Z,NOT APPLICABLE,N,NO,X,NOT APPLICABLE,f,f,f,f,f,f,f,f,f,f,f,f,f,f,f,f,f,f,f,OTHER THAN SMALL BUSINESS,O,f,f,f,f,f,f,f,f,f,f,f,f,f,f,f,f,f,CORPORATE NOT TAX EXEMPT,t,f,f,f,f,f,f,f,f,f,f,f,t,f,f,f,f,t,f,f,f,f,f,f,f,f,f,f,t,f,f,f,f,f,f,f,f,f,f,f,f,f,f,f,f,f,f,f,f,f,,,,,,,,,,,https://www.usaspending.gov/award/CONT_AWD_W56HZV20F0389_9700_W56HZV20D0084_9700/,2025-05-15
CONT_AWD_W56JSR24F0004_9700_W15P7T19D0174_9700,W56JSR24F0004,9700,DEPT OF DEFENSE,W15P7T19D0174,Q: Not Designated Nonemergency/Emergency/Disaster/Wildfire Suppression,,,,,72314340.36,14506041.31,92747023.38,267981679.76,2024-03-01,2024,2025-09-24,2025,2024-03-01,2026-02-28,2029-02-28 00:00:00,,2024-01-02,097,Department of Defense,2100,Department of the Army,W56JSR,W6QK ACC-APG,097,Department of Defense,2100,Department of the Army,W15P62,W6DR PEO C3N,021-2022/2024-2035-000;021-2023/2025-2035-000;021-2024/2024-2020-000;021-2024/2025-2040-000;021-2024/2026-2035-000;021-2025/2025-2020-000;021-2025/2026-2040-000;021-2025/2027-2035-000,021-2020;021-2035;021-2040,25.1: Advisory and assistance services;25.2: Other services from non-Federal sources;25.3: Other goods and services from Federal sources;25.5: Research and development contracts;25.7: Operation and maintenance of equipment;31.0: Equipment,0003: SUPPORT EQUIPMENT AND FACILITIES;0003: SUPPORT EQUIPMENT & FACILITIES;0004: ADMINISTRATION AND SERVICE-WIDE ACTIVITIES;0004: ADMINISTRATION & SERVICEWIDE ACTIVITIES;0004: SPARE AND REPAIR PARTS;0005: N/A;0007: OPERATIONAL SYSTEM DEVELOPMENT;0020: UNDISTRIBUTED;0030: N/A;0801: REIMBURSABLE,X,NOT APPLICABLE,,,KTMAJCY6JXM3,,"LEIDOS, INC.","LEIDOS, INC.",,5UTE0,ZL41ERXMPAR3,,"LEIDOS HOLDINGS, INC.",LEIDOS  INC.,USA,UNITED STATES,11951 FREEDOM DR,,RESTON,51059,FAIRFAX,51,VA,VIRGINIA,201905640,VA-11,VA-11,5715266000,,USA,UNITED STATES,AUGUSTA,13245,RICHMOND,13,GA,GEORGIA,309050002,GA-12,GA-12,AWARD,C,DELIVERY ORDER,,,,,,,U,COST PLUS FIXED FEE,"MODERNIZATION, TECHNICAL, FIELDING, READINESS, AND SUPPORT TO COMMAND, CONTROL, COMPUTERS, COMMUNICATION, CYBER, INTELLIGENCE, SURVEILLANCE AND RECONNAISSANCE (C5ISR) AND COMMERCIAL OFF THE SHELF (COTS) SYSTEMS",,1,OT,OTHER FUNCTIONS,R425,SUPPORT- PROFESSIONAL: ENGINEERING/TECHNICAL,H,NOT BUNDLED,,,541715,"RESEARCH AND DEVELOPMENT IN THE PHYSICAL, ENGINEERING, AND LIFE SCIENCES (EXCEPT NANOTECHNOLOGY AND BIOTECHNOLOGY)",C,NO CLAUSES INCLUDED AND NO SUSTAINABILITY INCLUDED,A,U.S. OWNED BUSINESS,000,NONE,Z,NOT IT PRODUCTS OR SERVICES,E,NOT REQUIRED,USA,UNITED STATES,C,NOT A MANUFACTURED END PRODUCT,F,INDIVIDUAL SUBCONTRACT PLAN,A,FULL AND OPEN COMPETITION,MAFO,SUBJECT TO MULTIPLE AWARD FAIR OPPORTUNITY,,,NONE,NO PREFERENCE USED,,,FAIR,FAIR OPPORTUNITY GIVEN,,,2,D,COMMERCIAL PRODUCTS/SERVICES PROCEDURES NOT USED,f,N,NO,N,NO,Y,YES,N,NO,,N,NO,N,NO,Y,YES,X,NOT APPLICABLE,X,NOT APPLICABLE,,,B,IDC,M,MULTIPLE AWARD,,,,N,NO,Y,YES - CAS CLAUSE INCLUDED,Y,Y,,,D,NOT CONSOLIDATED,Y,YES - SERVICE WHERE PBA IS USED.,N,NO,Z,NOT APPLICABLE,N,NO,X,NOT APPLICABLE,f,f,f,f,f,f,f,f,f,f,f,f,f,f,f,f,f,f,f,OTHER THAN SMALL BUSINESS,O,f,f,f,f,f,f,f,f,f,f,f,f,f,f,f,f,f,CORPORATE NOT TAX EXEMPT,t,f,f,f,f,f,f,f,f,f,f,f,f,f,f,f,f,t,f,f,f,f,f,f,f,f,f,f,t,f,f,f,f,f,f,f,f,f,f,f,f,f,f,f,f,f,f,f,f,f,,,,,,,,,,,https://www.usaspending.gov/award/CONT_AWD_W56JSR24F0004_9700_W15P7T19D0174_9700/,2025-09-25
CONT_AWD_W58RGZ17C0058_9700_-NONE-_-NONE-,W58RGZ17C0058,,,,Q: Not Designated Nonemergency/Emergency/Disaster/Wildfire Suppression,,,,,508205279.17,0.00,357953747.75,343553747.75,2017-08-24,2017,2025-04-03,2025,2017-08-24,2022-05-31,2022-08-31 00:00:00,,,097,Department of Defense,2100,Department of the Army,W58RGZ,W6QK ACC-RSA,097,Department of Defense,2100,Department of the Army,W80YU7,W6DQ PEO AVN HUNTSVILLE,021-2018/2018-2020-000;021-2020/2020-2020-000,021-2020,25.7: Operation and maintenance of equipment,0001: OPERATING FORCES,A,FOREIGN FUNDS FMS,,,NRCCMBKQ6FD7,,"LEIDOS, INC.",LEIDOS INNOVATIONS CORPORATION,,7MWC4,ZL41ERXMPAR3,,"LEIDOS HOLDINGS, INC.",LEIDOS  INC.,USA,UNITED STATES,700 N FREDERICK AVE,,GAITHERSBURG,24031,MONTGOMERY,24,MD,MARYLAND,208793328,MD-06,MD-06,5715266000,,USA,UNITED STATES,WARNER ROBINS,13153,HOUSTON,13,GA,GEORGIA,310887697,GA-08,GA-08,AWARD,D,DEFINITIVE CONTRACT,,,,,,,J,FIRM FIXED PRICE,SMW MI-17 CLS BRIDGE AFGHANISTAN,,1,,,1560,AIRFRAME STRUCTURAL COMPONENTS,H,NOT BUNDLED,S1,SERVICES,488190,OTHER SUPPORT ACTIVITIES FOR AIR TRANSPORTATION,C,NO CLAUSES INCLUDED AND NO SUSTAINABILITY INCLUDED,A,U.S. OWNED BUSINESS,000,NONE,Z,NOT IT PRODUCTS OR SERVICES,E,NOT REQUIRED,USA,UNITED STATES,D,MFG IN U.S.,B,PLAN NOT REQUIRED,C,NOT COMPETED,SSS,ONLY ONE SOURCE,NONE,NO SET ASIDE USED.,NONE,NO PREFERENCE USED,,,,,ONE,ONLY ONE SOURCE-OTHER (FAR 6.302-1 OTHER),1,D,COMMERCIAL PRODUCTS/SERVICES PROCEDURES NOT USED,f,N,NO,N,NO,N,NO,N,NO,0.00,N,NO,X,NOT APPLICABLE,X,NOT APPLICABLE,X,NOT APPLICABLE,X,NOT APPLICABLE,,,,,,,,,,N,NO,X,NOT APPLICABLE EXEMPT FROM CAS,Y,Y,N,NO,D,NOT CONSOLIDATED,X,NOT APPLICABLE,N,NO,Z,NOT APPLICABLE,N,NO,X,NOT APPLICABLE,f,f,f,f,f,f,f,f,f,f,f,f,f,f,f,f,f,f,f,OTHER THAN SMALL BUSINESS,O,f,f,f,f,f,f,f,f,f,f,f,f,f,f,f,f,f,CORPORATE NOT TAX EXEMPT,t,f,f,f,f,f,f,f,f,f,f,f,f,f,f,f,f,t,f,f,f,f,f,f,f,f,f,f,t,f,f,f,f,f,f,f,f,f,f,f,f,f,f,f,f,f,f,f,f,f,,,,,,,,,,,https://www.usaspending.gov/award/CONT_AWD_W58RGZ17C0058_9700_-NONE-_-NONE-/,2025-04-14
CONT_AWD_W5J9CQ20C0008_9700_-NONE-_-NONE-,W5J9CQ20C0008,,,,Q: Not Designated Nonemergency/Emergency/Disaster/Wildfire Suppression,,,,,20706054.18,-500.37,24522499.52,24522499.52,2020-09-30,2020,2025-01-28,2025,2020-09-30,2023-09-29,2023-09-29 00:00:00,,2020-09-23,097,Department of Defense,2100,Department of the Army,W5J9CQ,W6RN USA GEOSPATIAL CTR,097,Department of Defense,2100,Department of the Army,W5K9B3,W6RN USA GEOSPATIAL CTR,021-2020/2020-2020-000;021-2021/2021-2020-000;021-2022/2022-2020-000,021-2020,25.1: Advisory and assistance services,0001: OPERATING FORCES;0801: REIMBURSABLE,X,NOT APPLICABLE,,,MMVTH79S6ZB5,,TACTICA SOLUTIONS LLC,"TACTICA SOLUTIONS, LLC",,83ZZ1,MMVTH79S6ZB5,,TACTICA SOLUTIONS LLC,TACTICA SOLUTIONS LLC,USA,UNITED STATES,2250 THORNTON TAYLOR PKWY STE A,,FAYETTEVILLE,47103,LINCOLN,47,TN,TENNESSEE,373343651,TN-04,TN-04,2563373273,,USA,UNITED STATES,AUGUSTA,13245,RICHMOND,13,GA,GEORGIA,309050002,GA-12,GA-12,AWARD,D,DEFINITIVE CONTRACT,,,,,,,U,COST PLUS FIXED FEE,AISR SETA SERVICES FOR THE 116TH MIB  V020D20,W5J9CQ20R0017,1,OT,OTHER FUNCTIONS,R425,SUPPORT- PROFESSIONAL: ENGINEERING/TECHNICAL,H,NOT BUNDLED,S1,SERVICES,541330,ENGINEERING SERVICES,C,NO CLAUSES INCLUDED AND NO SUSTAINABILITY INCLUDED,A,U.S. OWNED BUSINESS,000,NONE,Z,NOT IT PRODUCTS OR SERVICES,E,NOT REQUIRED,USA,UNITED STATES,C,NOT A MANUFACTURED END PRODUCT,B,PLAN NOT REQUIRED,B,NOT AVAILABLE FOR COMPETITION,SSS,ONLY ONE SOURCE,8AN,8(A) SOLE SOURCE,NONE,NO PREFERENCE USED,,,,,OTH,AUTHORIZED BY STATUTE (FAR 6.302-5(A)(2)(I)),1,D,COMMERCIAL PRODUCTS/SERVICES PROCEDURES NOT USED,f,N,NO,N,NO,X,NOT APPLICABLE,N,NO,0.00,N,NO,X,NOT APPLICABLE,X,NOT APPLICABLE,X,NOT APPLICABLE,X,NOT APPLICABLE,,,,,,,,,,Y,YES,X,NOT APPLICABLE EXEMPT FROM CAS,N,N,U,UNKNOWN,D,NOT CONSOLIDATED,Y,YES - SERVICE WHERE PBA IS USED.,N,NO,Z,NOT APPLICABLE,N,NO,X,NOT APPLICABLE,f,f,f,t,f,f,f,f,f,f,f,f,t,f,f,f,f,f,t,SMALL BUSINESS,S,f,f,f,f,f,f,f,f,f,f,f,f,f,f,f,f,f,CORPORATE NOT TAX EXEMPT,t,f,f,f,f,f,f,f,f,f,f,f,f,f,f,f,f,t,f,f,f,f,f,f,f,f,t,f,t,f,f,f,f,f,f,f,f,f,f,f,f,f,f,f,f,t,f,t,f,f,,,,,,,,,,,https://www.usaspending.gov/award/CONT_AWD_W5J9CQ20C0008_9700_-NONE-_-NONE-/,2025-04-17
CONT_AWD_W911SF19C0024_9700_-NONE-_-NONE-,W911SF19C0024,,,,N: Emergency P.L. 116-136;Q: Not Designated Nonemergency/Emergency/Disaster/Wildfire Suppression,168372.14,34052818.93,,,333142007.32,53473279.38,429992933.39,429992933.39,2019-08-30,2019,2025-04-15,2025,2019-09-01,2025-08-31,2025-08-31 00:00:00,,2017-08-16,097,Department of Defense,2100,Department of the Army,W911SF,W6QM MICC-FT BENNING,097,Department of Defense,2100,Department of the Army,W909H3,W6CR USAG FT BENNING,021-2019/2019-2020-000;021-2020/2020-2020-000;021-2021/2021-2020-000;021-2022/2022-2020-000;021-2023/2023-2020-000;021-2023/2024-2020-000;021-2024/2024-2020-000;021-2025/2025-2020-000,021-2020,25.4: Operation and maintenance of facilities,0001: OPERATING FORCES;0004: ADMINISTRATION AND SERVICE-WIDE ACTIVITIES;0004: ADMINISTRATION & SERVICEWIDE ACTIVITIES;0004: ADMIN & SRVWIDE ACTIVITIES;0004: N/A;OPTN: FIELD IS OPTIONAL PRIOR TO FY21,X,NOT APPLICABLE,,,Z9NYVPQGDVN3,,"TIYA SERVICES, L.L.C.","TIYA SERVICES, LLC",,52UV0,GWXDMNBKFAM9,,TIYA SERVICES  L.L.C.,TIYA SERVICES  L.L.C.,USA,UNITED STATES,345-B HIGHLANDIA DRIVE,,BATON ROUGE,22033,EAST BATON ROUGE,22,LA,LOUISIANA,70810,LA-06,LA-90,2257613673,2257665217,USA,UNITED STATES,FORT BENNING,13053,CHATTAHOOCHEE,13,GA,GEORGIA,319054503,GA-02,GA-02,AWARD,D,DEFINITIVE CONTRACT,,,,,,,U,COST PLUS FIXED FEE,BASOPS FORT BENNING GA,W911SF16R0012,1,OT,OTHER FUNCTIONS,S216,HOUSEKEEPING- FACILITIES OPERATIONS SUPPORT,H,NOT BUNDLED,S1,SERVICES,561210,FACILITIES SUPPORT SERVICES,C,NO CLAUSES INCLUDED AND NO SUSTAINABILITY INCLUDED,A,U.S. OWNED BUSINESS,000,NONE,Z,NOT IT PRODUCTS OR SERVICES,E,NOT REQUIRED,USA,UNITED STATES,C,NOT A MANUFACTURED END PRODUCT,B,PLAN NOT REQUIRED,D,FULL AND OPEN COMPETITION AFTER EXCLUSION OF SOURCES,NP,NEGOTIATED PROPOSAL/QUOTE,SBA,SMALL BUSINESS SET ASIDE - TOTAL,NONE,NO PREFERENCE USED,,,,,,,6,D,COMMERCIAL PRODUCTS/SERVICES PROCEDURES NOT USED,f,N,NO,N,NO,X,NOT APPLICABLE,N,NO,0.00,N,NO,Y,YES,Y,YES,Y,YES,X,NOT APPLICABLE,,,,,,,,,,N,NO,X,NOT APPLICABLE EXEMPT FROM CAS,Y,Y,U,UNKNOWN,D,NOT CONSOLIDATED,Y,YES - SERVICE WHERE PBA IS USED.,N,NO,Z,NOT APPLICABLE,N,NO,X,NOT APPLICABLE,f,t,t,f,t,f,f,f,f,f,f,f,t,f,f,f,f,t,f,SMALL BUSINESS,S,f,f,f,f,f,f,f,f,f,f,f,f,f,f,f,f,f,OTHER,f,f,f,f,f,f,f,f,f,f,f,f,f,f,f,f,f,t,f,f,f,f,f,f,f,f,t,f,t,f,f,f,f,f,f,f,f,f,f,f,f,f,f,f,f,t,f,f,f,f,BEN  HU,341926.00,RALPH  HUYBRECHTS,280000.00,ALTON  LEBLANC,250000.00,NOT APPLICABLE  NOT APPLICABLE,0.00,NOT APPLICABLE  NOT APPLICABLE,0.00,https://www.usaspending.gov/award/CONT_AWD_W911SF19C0024_9700_-NONE-_-NONE-/,2025-04-15
CONT_AWD_W911SF21C0002_9700_-NONE-_-NONE-,W911SF21C0002,,,,Q: Not Designated Nonemergency/Emergency/Disaster/Wildfire Suppression,,,,,33187871.51,7602658.83,37594905.10,38192285.10,2021-02-23,2021,2025-09-23,2025,2021-03-01,2026-02-28,2026-02-28 00:00:00,,2020-11-13,097,Department of Defense,2100,Department of the Army,W911SF,W6QM MICC-FT BENNING,097,Department of Defense,2100,Department of the Army,W909H3,W6CR USAG FT BENNING,021-2021/2021-2020-000;021-2022/2022-2020-000;021-2023/2023-2020-000;021-2024/2024-2020-000;021-2025/2025-2020-000,021-2020,25.4: Operation and maintenance of facilities,0004: ADMINISTRATION AND SERVICE-WIDE ACTIVITIES,X,NOT APPLICABLE,,,M4J2DQDAFQQ4,,"POWER WORKS INDUSTRIES, INC","POWER WORKS INDUSTRIES, INC.",,1JEX6,M4J2DQDAFQQ4,,"POWER WORKS INDUSTRIES, INC",POWER WORKS INDUSTRIES  INC.,USA,UNITED STATES,2600 CROSS COUNTRY DR BLDG A,,COLUMBUS,13215,MUSCOGEE,13,GA,GEORGIA,319061802,GA-02,GA-02,7062561842,7066600429,USA,UNITED STATES,FORT BENNING,13053,CHATTAHOOCHEE,13,GA,GEORGIA,319054503,GA-02,GA-02,AWARD,D,DEFINITIVE CONTRACT,,,,,,,J,FIRM FIXED PRICE,RESTROOM CLEANING,W911SF21R0006,1,OT,OTHER FUNCTIONS,S201,HOUSEKEEPING- CUSTODIAL JANITORIAL,H,NOT BUNDLED,S1,SERVICES,561720,JANITORIAL SERVICES,C,NO CLAUSES INCLUDED AND NO SUSTAINABILITY INCLUDED,A,U.S. OWNED BUSINESS,000,NONE,Z,NOT IT PRODUCTS OR SERVICES,E,NOT REQUIRED,USA,UNITED STATES,C,NOT A MANUFACTURED END PRODUCT,A,PLAN NOT INCLUDED - NO SUBCONTRACTING POSSIBILITIES,B,NOT AVAILABLE FOR COMPETITION,SSS,ONLY ONE SOURCE,NONE,NO SET ASIDE USED.,NONE,NO PREFERENCE USED,,,,,OTH,AUTHORIZED BY STATUTE (FAR 6.302-5(A)(2)(I)),1,A,COMMERCIAL PRODUCTS/SERVICES,f,N,NO,N,NO,Y,YES,N,NO,0.00,N,NO,N,NO,Y,YES,N,NO,X,NOT APPLICABLE,,,,,,,,,,N,NO,X,NOT APPLICABLE EXEMPT FROM CAS,N,N,U,UNKNOWN,D,NOT CONSOLIDATED,Y,YES - SERVICE WHERE PBA IS USED.,N,NO,Z,NOT APPLICABLE,N,NO,X,NOT APPLICABLE,f,f,f,f,f,f,f,f,f,f,f,f,f,f,f,f,f,f,f,OTHER THAN SMALL BUSINESS,O,f,f,f,f,f,f,f,f,f,f,f,f,f,f,f,f,f,CORPORATE TAX EXEMPT,f,t,f,f,f,f,f,f,f,f,f,f,f,f,f,f,f,t,f,f,f,f,f,f,f,f,f,f,f,t,f,t,f,f,f,f,f,f,f,f,f,f,f,f,f,f,f,f,f,f,,,,,,,,,,,https://www.usaspending.gov/award/CONT_AWD_W911SF21C0002_9700_-NONE-_-NONE-/,2025-09-23
CONT_AWD_W911SF23C0009_9700_-NONE-_-NONE-,W911SF23C0009,,,,Q: Not Designated Nonemergency/Emergency/Disaster/Wildfire Suppression,,,,,22919943.69,26227.72,22919943.69,40337534.21,2023-05-15,2023,2025-09-16,2025,2023-05-16,2026-04-27,2028-04-27 00:00:00,,2022-09-01,097,Department of Defense,2100,Department of the Army,W911SF,W6QM MICC-FT BENNING,097,Department of Defense,2100,Department of the Army,W56DTW,W1HC USA ABN RGR TRAINING BDE,021-2023/2023-2020-000;021-2024/2024-2020-000;021-2025/2025-2020-000,021-2020,25.1: Advisory and assistance services;25.7: Operation and maintenance of equipment,0004: ADMINISTRATION AND SERVICE-WIDE ACTIVITIES;0020: UNDISTRIBUTED,X,NOT APPLICABLE,,,WGPCPHF95RY6,,RSI-QUANTITECH JV LLC,RSI-QUANTITECH JV LLC,,8DGN9,WGPCPHF95RY6,,RSI-QUANTITECH JV LLC,RSI-QUANTITECH JV LLC,USA,UNITED STATES,4835 UNIVERSITY SQ,,HUNTSVILLE,01089,MADISON,01,AL,ALABAMA,358161845,AL-05,AL-05,2567990669,,USA,UNITED STATES,FORT BENNING,13053,CHATTAHOOCHEE,13,GA,GEORGIA,319051300,GA-02,GA-02,AWARD,D,DEFINITIVE CONTRACT,,,,,,,J,FIRM FIXED PRICE,SERVICES,W911SF22R0024,1,OT,OTHER FUNCTIONS,J015,MAINT/REPAIR/REBUILD OF EQUIPMENT- AIRCRAFT AND AIRFRAME STRUCTURAL COMPONENTS,H,NOT BUNDLED,,,488190,OTHER SUPPORT ACTIVITIES FOR AIR TRANSPORTATION,C,NO CLAUSES INCLUDED AND NO SUSTAINABILITY INCLUDED,A,U.S. OWNED BUSINESS,000,NONE,Z,NOT IT PRODUCTS OR SERVICES,E,NOT REQUIRED,USA,UNITED STATES,C,NOT A MANUFACTURED END PRODUCT,B,PLAN NOT REQUIRED,D,FULL AND OPEN COMPETITION AFTER EXCLUSION OF SOURCES,NP,NEGOTIATED PROPOSAL/QUOTE,SBA,SMALL BUSINESS SET ASIDE - TOTAL,NONE,NO PREFERENCE USED,,,,,,,10,D,COMMERCIAL PRODUCTS/SERVICES PROCEDURES NOT USED,f,N,NO,,,Y,YES,N,NO,0.00,N,NO,N,NO,Y,YES,N,NO,X,NOT APPLICABLE,,,,,,,,,,N,NO,X,NOT APPLICABLE EXEMPT FROM CAS,N,N,,,D,NOT CONSOLIDATED,N,NO - SERVICE WHERE PBA IS NOT USED.,N,NO,Z,NOT APPLICABLE,N,NO,X,NOT APPLICABLE,f,f,f,f,f,t,t,f,f,f,f,f,t,f,f,t,f,f,f,SMALL BUSINESS,S,f,f,f,f,f,f,f,f,f,f,f,f,f,f,f,f,f,CORPORATE NOT TAX EXEMPT,t,f,f,f,f,f,f,f,f,f,f,f,f,f,f,f,f,t,f,f,f,f,f,f,f,f,t,f,t,f,f,f,f,f,f,f,f,f,f,f,f,f,f,f,f,t,f,f,f,t,,,,,,,,,,,https://www.usaspending.gov/award/CONT_AWD_W911SF23C0009_9700_-NONE-_-NONE-/,2025-09-16
CONT_AWD_W911SF23F0132_9700_W911SF23D0001_9700,W911SF23F0132,9700,DEPT OF DEFENSE,W911SF23D0001,Q: Not Designated Nonemergency/Emergency/Disaster/Wildfire Suppression,,,,,22958557.32,5554057.56,22958557.32,22958557.32,2023-09-05,2023,2025-04-15,2025,2023-07-01,2024-11-08,2024-11-08 00:00:00,,2023-07-01,097,Department of Defense,2100,Department of the Army,W911SF,W6QM MICC-FT BENNING,097,Department of Defense,2100,Department of the Army,W909H3,W6CR USAG FT BENNING,021-2023/2023-2020-000,021-2020,25.2: Other services from non-Federal sources,0020: UNDISTRIBUTED,X,NOT APPLICABLE,,,DLM1KL6LJ5M9,,GEORGIA VOCATIONAL REHABILITATION AGENCY,GEORGIA VOCATIONAL REHABILITATION AGENCY,,3B4X8,DLM1KL6LJ5M9,,GEORGIA VOCATIONAL REHABILITATION AGENCY,GEORGIA VOCATIONAL REHABILITATION AGENCY,USA,UNITED STATES,5238 ROYAL WOODS PKWY,,TUCKER,13089,DEKALB,13,GA,GEORGIA,300848617,GA-05,GA-04,7707246590,7707246598,USA,UNITED STATES,FORT BENNING,13053,CHATTAHOOCHEE,13,GA,GEORGIA,319054503,GA-02,GA-02,AWARD,C,DELIVERY ORDER,,,,,,,J,FIRM FIXED PRICE,SUPPLIES,,1,CT,CRITICAL FUNCTIONS,S203,HOUSEKEEPING- FOOD,H,NOT BUNDLED,,,722310,FOOD SERVICE CONTRACTORS,C,NO CLAUSES INCLUDED AND NO SUSTAINABILITY INCLUDED,B,OTHER U.S. ENTITY (E.G. GOVERNMENT),000,NONE,Z,NOT IT PRODUCTS OR SERVICES,E,NOT REQUIRED,USA,UNITED STATES,C,NOT A MANUFACTURED END PRODUCT,B,PLAN NOT REQUIRED,C,NOT COMPETED,SSS,ONLY ONE SOURCE,,,NONE,NO PREFERENCE USED,,,,,ONE,ONLY ONE SOURCE-OTHER (FAR 6.302-1 OTHER),,D,COMMERCIAL PRODUCTS/SERVICES PROCEDURES NOT USED,f,N,NO,,,X,NOT APPLICABLE,N,NO,,N,NO,X,NOT APPLICABLE,Y,YES,X,NOT APPLICABLE,X,NOT APPLICABLE,,,B,IDC,S,SINGLE AWARD,,,,N,NO,Y,YES - CAS CLAUSE INCLUDED,N,N,,,D,NOT CONSOLIDATED,Y,YES - SERVICE WHERE PBA IS USED.,N,NO,Z,NOT APPLICABLE,N,NO,X,NOT APPLICABLE,f,f,f,f,f,f,f,f,f,f,f,f,f,f,f,f,f,f,f,OTHER THAN SMALL BUSINESS,O,f,f,f,f,f,f,t,f,f,f,f,f,f,f,f,f,f,US GOVERNMENT ENTITY,f,f,f,f,f,f,t,f,f,f,f,f,f,f,f,f,f,t,f,f,f,f,f,f,f,f,f,f,f,f,f,f,f,f,f,f,f,f,f,f,f,f,f,f,f,f,f,f,f,f,,,,,,,,,,,https://www.usaspending.gov/award/CONT_AWD_W911SF23F0132_9700_W911SF23D0001_9700/,2025-04-15
CONT_AWD_W911SF24F0009_9700_GS00Q14OADU130_4732,W911SF24F0009,4732,FEDERAL ACQUISITION SERVICE,GS00Q14OADU130,Q: Not Designated Nonemergency/Emergency/Disaster/Wildfire Suppression,,,,,32744745.42,3900465.85,33448016.78,58818969.51,2023-12-21,2024,2025-09-22,2025,2024-02-01,2026-07-31,2028-07-31 00:00:00,,2023-07-24,097,Department of Defense,2100,Department of the Army,W911SF,W6QM MICC-FT BENNING,097,Department of Defense,2100,Department of the Army,W91CNY,W3U2 US AFC FCC,021-2023/2024-2040-000;021-2023/2025-2035-000;021-2024/2024-2020-000;021-2024/2025-2040-000;021-2024/2026-2035-000;021-2025/2026-2040-000;021-2025/2027-2035-000;097-2024/2025-0400-000;097-2025/2026-0400-000,021-2020;021-2035;021-2040;097-0400,25.1: Advisory and assistance services;25.2: Other services from non-Federal sources;25.5: Research and development contracts;31.0: Equipment,0008: SOFTWARE AND DIGITAL TECHNOLOGY PILOT PROGRAMS;0020: UNDISTRIBUTED;0030: N/A;0099: N/A;0801: REIMBURSABLE,X,NOT APPLICABLE,,,MMLKPW9JLX64,,SCIENCE APPLICATIONS INTERNATIONAL CORPORATION,SCIENCE APPLICATIONS INTERNATIONAL CORPORATION,,6XWA8,MMLKPW9JLX64,,SCIENCE APPLICATIONS INTERNATIONAL CORPORATION,SCIENCE APPLICATIONS INTERNATIONAL CORPORATION,USA,UNITED STATES,"12010, SUNSET HILLS ROAD",,RESTON,51059,FAIRFAX,51,VA,VIRGINIA,20190,VA-11,VA-11,2404343058,,USA,UNITED STATES,FORT BENNING,13053,CHATTAHOOCHEE,13,GA,GEORGIA,319051300,GA-02,GA-02,AWARD,C,DELIVERY ORDER,,,,,,,U,COST PLUS FIXED FEE,FORT MOORE MANEUVER BATTLE LAB COMPREHENSIVE SUPPORT SERVICES,,1,CL,CLOSELY ASSOCIATED,R499,SUPPORT- PROFESSIONAL: OTHER,H,NOT BUNDLED,,,541330,ENGINEERING SERVICES,C,NO CLAUSES INCLUDED AND NO SUSTAINABILITY INCLUDED,A,U.S. OWNED BUSINESS,000,NONE,Z,NOT IT PRODUCTS OR SERVICES,E,NOT REQUIRED,USA,UNITED STATES,C,NOT A MANUFACTURED END PRODUCT,C,PLAN REQUIRED - INCENTIVE NOT INCLUDED,A,FULL AND OPEN COMPETITION,MAFO,SUBJECT TO MULTIPLE AWARD FAIR OPPORTUNITY,,,NONE,NO PREFERENCE USED,,,FAIR,FAIR OPPORTUNITY GIVEN,,,1,D,COMMERCIAL PRODUCTS/SERVICES PROCEDURES NOT USED,f,N,NO,N,NO,Y,YES,N,NO,,N,NO,X,NOT APPLICABLE,N,NO,X,NOT APPLICABLE,X,NOT APPLICABLE,,,B,IDC,M,MULTIPLE AWARD,,,,N,NO,X,NOT APPLICABLE EXEMPT FROM CAS,N,N,,,D,NOT CONSOLIDATED,Y,YES - SERVICE WHERE PBA IS USED.,N,NO,A,FAR 52.232-16 PROGRESS PAYMENTS,N,NO,X,NOT APPLICABLE,f,f,f,f,f,f,f,f,f,f,f,f,f,f,f,f,f,f,f,OTHER THAN SMALL BUSINESS,O,f,f,f,f,f,f,f,f,f,f,f,f,f,f,f,f,f,CORPORATE NOT TAX EXEMPT,t,f,f,f,f,f,f,f,f,f,f,f,f,f,f,f,f,t,f,f,f,f,f,f,f,f,f,f,t,f,f,f,f,f,f,f,f,f,f,f,f,f,f,f,f,f,f,f,f,f,,,,,,,,,,,https://www.usaspending.gov/award/CONT_AWD_W911SF24F0009_9700_GS00Q14OADU130_4732/,2025-09-25
CONT_AWD_W911SF25CA004_9700_-NONE-_-NONE-,W911SF25CA004,,,,Q: Not Designated Nonemergency/Emergency/Disaster/Wildfire Suppression,,,,,44493600.26,14857380.58,59422049.93,59422049.93,2025-02-28,2025,2025-09-29,2025,2025-03-01,2026-08-31,2026-08-31 00:00:00,,2025-02-07,097,Department of Defense,2100,Department of the Army,W911SF,W6QM MICC-FT BENNING,097,Department of Defense,2100,Department of the Army,W909H3,W6CR USAG FT BENNING,021-2024/2025-2020-000;021-2025/2025-2020-000;021-X-2020-000,021-2020,25.4: Operation and maintenance of facilities,0004: ADMINISTRATION AND SERVICE-WIDE ACTIVITIES;0004: ADMINISTRATION & SERVICEWIDE ACTIVITIES;0004: N/A;0801: REIMBURSABLE,X,NOT APPLICABLE,,,Z9NYVPQGDVN3,,"TIYA SERVICES, L.L.C.","TIYA SERVICES, L.L.C.",,52UV0,GWXDMNBKFAM9,,TIYA SERVICES  L.L.C.,TIYA SERVICES  L.L.C.,USA,UNITED STATES,345B HIGHLANDIA DR,,BATON ROUGE,22033,EAST BATON ROUGE,22,LA,LOUISIANA,708105905,LA-06,LA-06,2257613673,2257665217,USA,UNITED STATES,FORT BENNING,13053,CHATTAHOOCHEE,13,GA,GEORGIA,319054503,GA-02,GA-02,AWARD,D,DEFINITIVE CONTRACT,,,,,,,U,COST PLUS FIXED FEE,BASEOPS SERVICES,,1,OT,OTHER FUNCTIONS,S216,HOUSEKEEPING- FACILITIES OPERATIONS SUPPORT,H,NOT BUNDLED,,,561210,FACILITIES SUPPORT SERVICES,C,NO CLAUSES INCLUDED AND NO SUSTAINABILITY INCLUDED,A,U.S. OWNED BUSINESS,000,NONE,Z,NOT IT PRODUCTS OR SERVICES,E,NOT REQUIRED,USA,UNITED STATES,C,NOT A MANUFACTURED END PRODUCT,B,PLAN NOT REQUIRED,D,FULL AND OPEN COMPETITION AFTER EXCLUSION OF SOURCES,NP,NEGOTIATED PROPOSAL/QUOTE,NONE,NO SET ASIDE USED.,NONE,NO PREFERENCE USED,,,,,ONE,ONLY ONE SOURCE-OTHER (FAR 6.302-1 OTHER),1,D,COMMERCIAL PRODUCTS/SERVICES PROCEDURES NOT USED,f,N,NO,,,X,NOT APPLICABLE,N,NO,0.00,N,NO,Y,YES,Y,YES,Y,YES,X,NOT APPLICABLE,,,,,,,,,,N,NO,X,NOT APPLICABLE EXEMPT FROM CAS,Y,Y,,,D,NOT CONSOLIDATED,Y,YES - SERVICE WHERE PBA IS USED.,N,NO,Z,NOT APPLICABLE,N,NO,X,NOT APPLICABLE,f,t,t,f,t,f,f,f,f,f,f,f,t,f,f,f,f,t,f,SMALL BUSINESS,S,f,f,f,f,f,f,f,f,f,f,f,f,f,f,f,f,f,PARTNERSHIP,f,f,t,f,f,f,f,f,f,f,f,f,f,f,f,f,f,t,f,f,f,f,f,f,f,f,t,f,t,f,f,f,f,f,f,f,f,f,f,f,f,f,f,f,f,t,f,f,f,f,ALTON D LEBLANC,250000.00,NOT APPLICABLE  NOT APPLICABLE,0.00,NOT APPLICABLE  NOT APPLICABLE,0.00,NOT APPLICABLE  NOT APPLICABLE,0.00,NOT APPLICABLE  NOT APPLICABLE,0.00,https://www.usaspending.gov/award/CONT_AWD_W911SF25CA004_9700_-NONE-_-NONE-/,2025-09-29
CONT_AWD_W911SF25FA045_9700_W5168W24D0001_9700,W911SF25FA045,9700,DEPT OF DEFENSE,W5168W24D0001,Q: Not Designated Nonemergency/Emergency/Disaster/Wildfire Suppression,,,,,37307935.84,0.00,76755523.94,76755523.94,2025-06-30,2025,2025-11-05,2026,2025-07-01,2026-06-30,2026-06-30 00:00:00,,2024-06-25,097,Department of Defense,2100,Department of the Army,W911SF,W6QM MICC-FT BENNING,097,Department of Defense,2100,Department of the Army,W90KQ5,W6YG USALRCTR FT BENNING,021-2025/2025-2020-000,021-2020,25.4: Operation and maintenance of facilities,0004: ADMINISTRATION AND SERVICE-WIDE ACTIVITIES,X,NOT APPLICABLE,,,DLM1KL6LJ5M9,,GEORGIA VOCATIONAL REHABILITATION AGENCY,GEORGIA VOCATIONAL REHABILITATION AGENCY,,3B4X8,DLM1KL6LJ5M9,,GEORGIA VOCATIONAL REHABILITATION AGENCY,GEORGIA VOCATIONAL REHABILITATION AGENCY,USA,UNITED STATES,5238 ROYAL WOODS PKWY,,TUCKER,13089,DEKALB,13,GA,GEORGIA,300848617,GA-05,GA-04,4703160281,7707246598,USA,UNITED STATES,FORT BENNING,13053,CHATTAHOOCHEE,13,GA,GEORGIA,319054465,GA-02,GA-02,AWARD,C,DELIVERY ORDER,,,,,,,J,FIRM FIXED PRICE,"FORT BENNING, FULL FOOD SERVICE",W5168W23R0003,1,OT,OTHER FUNCTIONS,M1FD,OPERATION OF DINING FACILITIES,H,NOT BUNDLED,,,722310,FOOD SERVICE CONTRACTORS,C,NO CLAUSES INCLUDED AND NO SUSTAINABILITY INCLUDED,B,OTHER U.S. ENTITY (E.G. GOVERNMENT),000,NONE,Z,NOT IT PRODUCTS OR SERVICES,E,NOT REQUIRED,USA,UNITED STATES,C,NOT A MANUFACTURED END PRODUCT,F,INDIVIDUAL SUBCONTRACT PLAN,A,FULL AND OPEN COMPETITION,NP,NEGOTIATED PROPOSAL/QUOTE,,,NONE,NO PREFERENCE USED,,,,,,,,A,COMMERCIAL PRODUCTS/SERVICES,f,N,NO,,,X,NOT APPLICABLE,N,NO,,N,NO,N,NO,Y,YES,N,NO,X,NOT APPLICABLE,,,B,IDC,S,SINGLE AWARD,,,,N,NO,X,NOT APPLICABLE EXEMPT FROM CAS,Y,Y,,,D,NOT CONSOLIDATED,Y,YES - SERVICE WHERE PBA IS USED.,N,NO,Z,NOT APPLICABLE,N,NO,X,NOT APPLICABLE,f,f,f,f,f,f,f,f,f,f,f,f,f,f,f,f,f,f,f,OTHER THAN SMALL BUSINESS,O,f,f,f,f,f,f,t,f,f,f,f,f,f,f,f,f,f,US GOVERNMENT ENTITY,f,f,f,f,f,f,t,f,f,f,f,f,f,f,f,f,f,t,f,f,f,f,f,f,f,f,f,f,f,f,f,f,f,f,f,f,f,f,f,f,f,f,f,f,f,f,f,f,f,f,,,,,,,,,,,https://www.usaspending.gov/award/CONT_AWD_W911SF25FA045_9700_W5168W24D0001_9700/,2025-11-05
CONT_AWD_W911SR19F0042_9700_W911QY18D0111_9700,W911SR19F0042,9700,DEPT OF DEFENSE,W911QY18D0111,Q: Not Designated Nonemergency/Emergency/Disaster/Wildfire Suppression,,,,,38504056.74,10945.71,38504056.74,93094364.92,2019-08-01,2019,2025-05-08,2025,2019-08-01,2026-05-14,2030-05-14 00:00:00,,2019-04-18,097,Department of Defense,2100,Department of the Army,W911SR,W6QK ACC-APG,097,Department of Defense,2100,Department of the Army,W51EUA,W6DZ JPEO CBRND ABERDEEN,021-2019/2021-2035-000;021-2021/2023-2035-000;021-2022/2024-2035-000;021-2023/2025-2035-000;021-2024/2026-2035-000;021-2025/2027-2035-000;097-2019/2021-0300-000;097-2020/2022-0300-000,021-2035;097-0300,25.1: Advisory and assistance services;25.3: Other goods and services from Federal sources;31.0: Equipment,0001: SUPPORT VEHICLES AND EQUIPMENT;0020: UNDISTRIBUTED,X,NOT APPLICABLE,,,EEPLYFLLCT75,,"MIRION TECHNOLOGIES (CANBERRA), INC.","MIRION TECHNOLOGIES (CANBERRA), INC.",,0K3M2,EEPLYFLLCT75,,"MIRION TECHNOLOGIES (CANBERRA), INC.",MIRION TECHNOLOGIES (CANBERRA)  INC.,USA,UNITED STATES,1218 MENLO DR NW STE A,,ATLANTA,13121,FULTON,13,GA,GEORGIA,303184163,GA-05,GA-06,4707959077,,USA,UNITED STATES,SMYRNA,13067,COBB,13,GA,GEORGIA,300825134,GA-06,GA-06,AWARD,C,DELIVERY ORDER,,,,,,,J,FIRM FIXED PRICE,"JOINT PERSONAL DOSIMETER INDIVIDUAL BATTLEFIELD DOSIMETERS, CONFORMANCE TESTING, SPARE PARTS, AND TECHNICAL DOCUMENTATION.",,1,,,6665,HAZARD-DETECTING INSTRUMENTS AND APPARATUS,H,NOT BUNDLED,C9B,MEDICAL AND DENTAL SUPPLIES AND EQUIPMENT,541715,"RESEARCH AND DEVELOPMENT IN THE PHYSICAL, ENGINEERING, AND LIFE SCIENCES (EXCEPT NANOTECHNOLOGY AND BIOTECHNOLOGY)",C,NO CLAUSES INCLUDED AND NO SUSTAINABILITY INCLUDED,C,FOREIGN-OWNED BUSINESS INCORPORATED IN THE U.S.,000,NONE,Z,NOT IT PRODUCTS OR SERVICES,A,MEETS REQUIREMENTS,FIN,FINLAND,L,MFG OUTSIDE U.S. - QUALIFYING COUNTRY (DOD ONLY),F,INDIVIDUAL SUBCONTRACT PLAN,A,FULL AND OPEN COMPETITION,MAFO,SUBJECT TO MULTIPLE AWARD FAIR OPPORTUNITY,,,NONE,NO PREFERENCE USED,,,ONE,ONLY ONE SOURCE - OTHER,,,1,D,COMMERCIAL PRODUCTS/SERVICES PROCEDURES NOT USED,f,N,NO,N,NO,Y,YES,N,NO,,N,NO,Y,YES,N,NO,N,NO,X,NOT APPLICABLE,,,B,IDC,M,MULTIPLE AWARD,,,,N,NO,,,N,N,N,NO,D,NOT CONSOLIDATED,X,NOT APPLICABLE,N,NO,Z,NOT APPLICABLE,N,NO,X,NOT APPLICABLE,f,f,f,f,f,f,f,f,f,f,f,f,f,f,f,f,f,f,f,OTHER THAN SMALL BUSINESS,O,f,f,f,f,f,f,f,f,f,f,f,f,f,f,f,f,f,CORPORATE NOT TAX EXEMPT,t,f,f,f,f,f,f,f,f,f,f,f,f,f,f,f,f,t,f,f,f,f,f,f,f,f,f,f,t,f,f,f,f,f,f,f,f,f,f,f,f,f,f,f,f,f,f,f,f,f,,,,,,,,,,,https://www.usaspending.gov/award/CONT_AWD_W911SR19F0042_9700_W911QY18D0111_9700/,2025-05-08
CONT_AWD_W9124922C0010_9700_-NONE-_-NONE-,W9124922C0010,,,,Q: Not Designated Nonemergency/Emergency/Disaster/Wildfire Suppression,,,,,108691811.43,0.00,133745150.71,156102752.87,2022-06-30,2022,2025-09-23,2025,2022-07-01,2026-06-30,2027-06-30 00:00:00,,2022-02-01,097,Department of Defense,2100,Department of the Army,W91249,W6QM MICC-FT GORDON,097,Department of Defense,2100,Department of the Army,W80PUW,"W6CB DPW, OPS AND MAINT",021-2023/2023-0725-000;021-2023/2023-2020-000;021-2024/2024-0725-000;021-2024/2024-2020-000,021-0725;021-2020,25.4: Operation and maintenance of facilities,0004: ADMINISTRATION AND SERVICE-WIDE ACTIVITIES;0008: MAINTENANCE AND REPAIR,X,NOT APPLICABLE,,,HNACGTYK29J7,,"KGJJ ENGINEERING SOLUTIONS, LLC","KGJJ ENGINEERING SOLUTIONS, LLC",,8LXA0,HNACGTYK29J7,,"KGJJ ENGINEERING SOLUTIONS, LLC",KGJJ ENGINEERING SOLUTIONS  LLC,USA,UNITED STATES,320 HEMPHILL ST,,FORT WORTH,48439,TARRANT,48,TX,TEXAS,761041130,TX-12,TX-12,8178200881,,USA,UNITED STATES,AUGUSTA,13245,RICHMOND,13,GA,GEORGIA,309050002,GA-12,GA-12,AWARD,D,DEFINITIVE CONTRACT,,,,,,,J,FIRM FIXED PRICE,FORT GORDON BASE OPERATIONS SUPPORT SERVICES,W911S021R0017,1,OT,OTHER FUNCTIONS,M1AZ,OPERATION OF OTHER ADMINISTRATIVE FACILITIES AND SERVICE BUILDINGS,H,NOT BUNDLED,S1,SERVICES,561210,FACILITIES SUPPORT SERVICES,C,NO CLAUSES INCLUDED AND NO SUSTAINABILITY INCLUDED,A,U.S. OWNED BUSINESS,000,NONE,Z,NOT IT PRODUCTS OR SERVICES,E,NOT REQUIRED,USA,UNITED STATES,C,NOT A MANUFACTURED END PRODUCT,B,PLAN NOT REQUIRED,D,FULL AND OPEN COMPETITION AFTER EXCLUSION OF SOURCES,NP,NEGOTIATED PROPOSAL/QUOTE,8A,8A COMPETED,NONE,NO PREFERENCE USED,,,,,,,8,D,COMMERCIAL PRODUCTS/SERVICES PROCEDURES NOT USED,f,N,NO,N,NO,Y,YES,N,NO,0.00,N,NO,N,NO,Y,YES,Y,YES,X,NOT APPLICABLE,,,,,,,,,,N,NO,X,NOT APPLICABLE EXEMPT FROM CAS,Y,Y,N,NO,D,NOT CONSOLIDATED,Y,YES - SERVICE WHERE PBA IS USED.,N,NO,Z,NOT APPLICABLE,N,NO,X,NOT APPLICABLE,f,f,f,f,f,f,f,f,f,f,f,f,t,f,f,f,t,f,f,SMALL BUSINESS,S,f,f,f,f,f,f,f,f,f,f,f,f,f,f,f,f,f,PARTNERSHIP,f,f,t,f,f,f,f,f,f,f,f,f,f,f,f,f,f,t,f,f,f,f,f,f,f,f,f,f,t,f,f,f,f,f,f,f,f,f,f,f,f,f,f,f,f,t,f,f,f,t,GEORGE F BERNARD,281041.00,ROBERT S CARLOS,17630769.00,JEFFREY S KING,250000.00,CHRISTOPHER  RHYNERSON,203750.00,TIM  EDWARDS,194915.00,https://www.usaspending.gov/award/CONT_AWD_W9124922C0010_9700_-NONE-_-NONE-/,2025-11-13
CONT_AWD_W9124923C0013_9700_-NONE-_-NONE-,W9124923C0013,,,,,,,,,24933937.69,,24933937.69,61498629.25,2023-09-26,2023,2025-08-29,2025,2023-09-26,2026-04-18,2029-04-18 00:00:00,,2022-12-09,097,Department of Defense,2100,Department of the Army,W91249,W6QM MICC-FT GORDON,097,Department of Defense,2100,Department of the Army,W58MUU,W6ZR USA CYBER COE,,,,,X,NOT APPLICABLE,,,CWDSTZNRNXU5,,OPEN SAN CONSULTING L.L.C.,OPEN SAN CONSULTING L.L.C.,,5ZPN4,NKHCQ2TAD2H3,,OPEN SAN CONSULTING L.L.C.,OPEN SAN CONSULTING L.L.C.,USA,UNITED STATES,1954 AIRPORT RD,STE 144,ATLANTA,13089,DEKALB,13,GA,GEORGIA,303414956,GA-04,GA-04,8776721025,8776721025,USA,UNITED STATES,FORT GORDON,13245,RICHMOND,13,GA,GEORGIA,309055719,GA-12,GA-12,AWARD,D,DEFINITIVE CONTRACT,,,,,,,J,FIRM FIXED PRICE,G6 INFORMATION TECHNOLOGY ENGINEERING SERVICES SUPPORT CONTRACT,W9124923R0002,1,OT,OTHER FUNCTIONS,R425,SUPPORT- PROFESSIONAL: ENGINEERING/TECHNICAL,H,NOT BUNDLED,,,541512,COMPUTER SYSTEMS DESIGN SERVICES,C,NO CLAUSES INCLUDED AND NO SUSTAINABILITY INCLUDED,A,U.S. OWNED BUSINESS,000,NONE,Z,NOT IT PRODUCTS OR SERVICES,E,NOT REQUIRED,USA,UNITED STATES,C,NOT A MANUFACTURED END PRODUCT,B,PLAN NOT REQUIRED,D,FULL AND OPEN COMPETITION AFTER EXCLUSION OF SOURCES,NP,NEGOTIATED PROPOSAL/QUOTE,8A,8A COMPETED,NONE,NO PREFERENCE USED,,,,,,,11,A,COMMERCIAL PRODUCTS/SERVICES,f,N,NO,,,Y,YES,N,NO,0.00,N,NO,N,NO,N,NO,N,NO,X,NOT APPLICABLE,,,,,,,,,,N,NO,X,NOT APPLICABLE EXEMPT FROM CAS,N,N,,,D,NOT CONSOLIDATED,Y,YES - SERVICE WHERE PBA IS USED.,N,NO,Z,NOT APPLICABLE,N,NO,X,NOT APPLICABLE,f,f,f,f,f,f,f,t,t,t,f,f,t,f,f,t,f,f,f,SMALL BUSINESS,S,f,f,f,f,f,f,f,f,f,f,f,f,f,f,f,f,f,CORPORATE NOT TAX EXEMPT,t,f,f,f,f,f,f,f,f,f,f,f,f,f,f,f,f,t,f,f,f,f,f,f,f,f,t,f,t,f,f,f,f,f,f,f,f,f,f,f,f,f,f,f,f,t,f,t,f,f,TIFFANY  BAILEY,0.00,LEE  HENDRICKSON,0.00,ROMAIN  NOWAKOWSKI,0.00,JEREMY  JOHNSON,0.00,,,https://www.usaspending.gov/award/CONT_AWD_W9124923C0013_9700_-NONE-_-NONE-/,2025-08-29
CONT_AWD_W9124924F0002_9700_W9124922D0003_9700,W9124924F0002,9700,DEPT OF DEFENSE,W9124922D0003,Q: Not Designated Nonemergency/Emergency/Disaster/Wildfire Suppression,,,,,23887889.01,0.00,23887889.01,36012032.19,2023-10-23,2024,2025-08-29,2025,2024-02-19,2026-02-18,2027-02-18 00:00:00,,2023-01-20,097,Department of Defense,2100,Department of the Army,W91249,W6QM MICC-FT GORDON,097,Department of Defense,2100,Department of the Army,W58MUV,W6ZS USA CYBER SCHOOL,021-2024/2024-2020-000,021-2020,25.2: Other services from non-Federal sources,0020: UNDISTRIBUTED,X,NOT APPLICABLE,,,L6YCF5ND7E55,,"HIGHERECHELON, INC.","HIGHERECHELON, INC.",,5RRC3,L6YCF5ND7E55,,"HIGHERECHELON, INC.",HIGHERECHELON  INC.,USA,UNITED STATES,101 LOWE AVE SE STE 3B,,HUNTSVILLE,01089,MADISON,01,AL,ALABAMA,358014220,AL-05,AL-05,2567631931,2567248899,USA,UNITED STATES,AUGUSTA,13245,RICHMOND,13,GA,GEORGIA,309050001,GA-12,GA-12,AWARD,C,DELIVERY ORDER,,,,,,,J,FIRM FIXED PRICE,CCOE INSTRUCTOR SUPPORT SERVICES,W911SF20R0031,1,OT,OTHER FUNCTIONS,U009,EDUCATION/TRAINING- GENERAL,H,NOT BUNDLED,,,611430,PROFESSIONAL AND MANAGEMENT DEVELOPMENT TRAINING,C,NO CLAUSES INCLUDED AND NO SUSTAINABILITY INCLUDED,A,U.S. OWNED BUSINESS,000,NONE,Z,NOT IT PRODUCTS OR SERVICES,E,NOT REQUIRED,USA,UNITED STATES,C,NOT A MANUFACTURED END PRODUCT,B,PLAN NOT REQUIRED,D,FULL AND OPEN COMPETITION AFTER EXCLUSION OF SOURCES,MAFO,SUBJECT TO MULTIPLE AWARD FAIR OPPORTUNITY,,,NONE,NO PREFERENCE USED,,,FAIR,FAIR OPPORTUNITY GIVEN,,,4,A,COMMERCIAL PRODUCTS/SERVICES,f,N,NO,N,NO,Y,YES,N,NO,,N,NO,N,NO,N,NO,N,NO,X,NOT APPLICABLE,,,B,IDC,M,MULTIPLE AWARD,,,,N,NO,X,NOT APPLICABLE EXEMPT FROM CAS,N,N,,,D,NOT CONSOLIDATED,Y,YES - SERVICE WHERE PBA IS USED.,N,NO,Z,NOT APPLICABLE,N,NO,X,NOT APPLICABLE,f,f,f,f,f,t,t,f,f,f,f,f,f,f,f,f,f,f,f,SMALL BUSINESS,S,f,f,f,f,f,f,f,f,f,f,f,f,f,f,f,f,f,CORPORATE NOT TAX EXEMPT,t,f,f,f,f,f,f,f,f,f,f,f,f,f,f,f,f,t,f,f,f,f,f,f,f,t,f,f,t,f,f,f,f,f,f,f,f,f,f,f,f,f,f,f,f,f,f,f,f,f,DONALD J ROSS,426663.00,PAUL J MAGGIANO,425207.00,GEORGE T PASH,276244.00,RICHARD K ROPER,268888.00,STEVEN S SPAULDING,267215.00,https://www.usaspending.gov/award/CONT_AWD_W9124924F0002_9700_W9124922D0003_9700/,2025-08-29
CONT_AWD_W9124J24F0021_9700_W9124J20D0003_9700,W9124J24F0021,9700,DEPT OF DEFENSE,W9124J20D0003,Q: Not Designated Nonemergency/Emergency/Disaster/Wildfire Suppression,,,,,24813454.14,6385756.49,24851743.80,24851743.80,2024-02-01,2024,2024-11-25,2025,2024-02-01,2025-01-31,2025-01-31 00:00:00,,2024-01-17,097,Department of Defense,2100,Department of the Army,W91249,W6QM MICC-FT GORDON,097,Department of Defense,2100,Department of the Army,W68NE1,W6YH USALRCTR FT GORDON,021-2024/2024-2020-000,021-2020,25.8: Subsistence and support of persons,0004: ADMINISTRATION AND SERVICE-WIDE ACTIVITIES,X,NOT APPLICABLE,,,DLM1KL6LJ5M9,,GEORGIA VOCATIONAL REHABILITATION AGENCY,GEORGIA VOCATIONAL REHABILITATION AGENCY,,3B4X8,DLM1KL6LJ5M9,,GEORGIA VOCATIONAL REHABILITATION AGENCY,GEORGIA VOCATIONAL REHABILITATION AGENCY,USA,UNITED STATES,5238 ROYAL WOODS,,TUCKER,13089,DEKALB,13,GA,GEORGIA,300848617,GA-04,GA-04,7707246590,7707246598,USA,UNITED STATES,AUGUSTA,13245,RICHMOND,13,GA,GEORGIA,309050002,GA-12,GA-12,AWARD,C,DELIVERY ORDER,,,,,,,J,FIRM FIXED PRICE,FULL FOOD SERVICE AT DFAC BLDG 29704,W9124J19R0025,1,OT,OTHER FUNCTIONS,M1FD,OPERATION OF DINING FACILITIES,H,NOT BUNDLED,,,722310,FOOD SERVICE CONTRACTORS,C,NO CLAUSES INCLUDED AND NO SUSTAINABILITY INCLUDED,B,OTHER U.S. ENTITY (E.G. GOVERNMENT),000,NONE,Z,NOT IT PRODUCTS OR SERVICES,E,NOT REQUIRED,USA,UNITED STATES,C,NOT A MANUFACTURED END PRODUCT,F,INDIVIDUAL SUBCONTRACT PLAN,A,FULL AND OPEN COMPETITION,NP,NEGOTIATED PROPOSAL/QUOTE,,,NONE,NO PREFERENCE USED,,,,,,,,A,COMMERCIAL PRODUCTS/SERVICES,f,N,NO,N,NO,Y,YES,N,NO,,N,NO,X,NOT APPLICABLE,Y,YES,X,NOT APPLICABLE,X,NOT APPLICABLE,,,B,IDC,S,SINGLE AWARD,,,,N,NO,X,NOT APPLICABLE EXEMPT FROM CAS,Y,Y,,,D,NOT CONSOLIDATED,Y,YES - SERVICE WHERE PBA IS USED.,N,NO,Z,NOT APPLICABLE,N,NO,X,NOT APPLICABLE,f,f,f,f,f,f,f,f,f,f,f,f,f,f,f,f,f,f,f,OTHER THAN SMALL BUSINESS,O,f,f,f,f,f,f,t,f,f,f,f,f,f,f,f,f,f,US GOVERNMENT ENTITY,f,f,f,f,f,f,t,f,f,f,f,f,f,f,f,f,f,t,f,f,f,f,f,f,f,f,f,f,f,f,f,f,f,f,f,f,f,f,f,f,f,f,f,f,f,f,f,f,f,f,,,,,,,,,,,https://www.usaspending.gov/award/CONT_AWD_W9124J24F0021_9700_W9124J20D0003_9700/,2024-11-25
CONT_AWD_W9124M10F0027_9700_DEAM3698OR22645_8900,W9124M10F0027,8900,"ENERGY, DEPARTMENT OF",DEAM3698OR22645,Q: Not Designated Nonemergency/Emergency/Disaster/Wildfire Suppression,,,,,37969682.50,67394.61,43574434.99,43574434.99,2010-04-19,2010,2025-09-23,2025,2010-04-01,2028-04-30,2028-04-30 00:00:00,,,097,Department of Defense,2100,Department of the Army,W9124M,W6QM MICC-FT STEWART,097,Department of Defense,2100,Department of the Army,W33DL4,W0VA USA GAR EN R U MAINT,021-2019/2019-2020-000;021-2020/2020-2020-000;021-2022/2022-2020-000;021-2023/2023-2020-000;021-2024/2024-2020-000;021-2025/2025-2020-000,021-2020,23.2: Rental payments to others;25.4: Operation and maintenance of facilities,0004: ADMINISTRATION AND SERVICE-WIDE ACTIVITIES;0004: ADMINISTRATION & SERVICEWIDE ACTIVITIES,X,NOT APPLICABLE,,,RXNUR4G46NG3,,"JOHNSON CONTROLS GOVERNMENT SYSTEMS, LLC",JOHNSON CONTROLS GOVERNMENT SYSTEMS LLC,,1MN13,RXNUR4G46NG3,,"JOHNSON CONTROLS GOVERNMENT SYSTEMS, LLC",JOHNSON CONTROLS GOVERNMENT SYSTEMS  LLC,USA,UNITED STATES,507 E. MICHIGAN ST.,,MILWAUKEE,55079,MILWAUKEE,55,WI,WISCONSIN,532025202,WI-08,WI-04,4145244578,4142726424,USA,UNITED STATES,FORT STEWART,13179,LIBERTY,13,GA,GEORGIA,313143425,GA-01,GA-01,AWARD,C,DELIVERY ORDER,,,,,,,J,FIRM FIXED PRICE,PERFORMANCE PERIOD SEVENTEEN - SAVINGS,,1,,,Y249,CONSTRUCTION OF OTHER UTILITIES,D,NOT A BUNDLED REQUIREMENT,S1,SERVICES,541330,ENGINEERING SERVICES,C,NO CLAUSES INCLUDED AND NO SUSTAINABILITY INCLUDED,,,000,NONE,Z,NOT IT PRODUCTS OR SERVICES,E,NOT REQUIRED,USA,UNITED STATES,C,NOT A MANUFACTURED END PRODUCT,,,A,FULL AND OPEN COMPETITION,MAFO,SUBJECT TO MULTIPLE AWARD FAIR OPPORTUNITY,,,,,,,ONE,ONLY ONE SOURCE - OTHER,,,1,D,COMMERCIAL PRODUCTS/SERVICES PROCEDURES NOT USED,f,N,NO,N,NO,X,NOT APPLICABLE,N,NO,0.00,N,NO,X,NOT APPLICABLE,X,NOT APPLICABLE,Y,YES,X,NOT APPLICABLE,,,B,IDC,M,MULTIPLE AWARD,,,,Y,YES,X,NOT APPLICABLE EXEMPT FROM CAS,N,N,N,NO,N,NO,N,NO - SERVICE WHERE PBA IS NOT USED.,N,NO,Z,NOT APPLICABLE,N,NO,X,NOT APPLICABLE,f,f,f,f,f,f,f,f,f,f,f,f,f,f,f,f,f,f,f,OTHER THAN SMALL BUSINESS,O,f,f,f,f,f,f,f,f,f,f,f,f,f,f,f,f,f,CORPORATE NOT TAX EXEMPT,t,f,f,f,f,f,f,f,f,f,f,f,f,f,f,f,f,f,f,f,f,f,f,f,f,f,f,f,f,f,f,f,f,f,f,f,f,f,f,f,f,f,f,f,f,f,f,f,f,f,,,,,,,,,,,https://www.usaspending.gov/award/CONT_AWD_W9124M10F0027_9700_DEAM3698OR22645_8900/,2025-09-23
CONT_AWD_W9124M20C0003_9700_-NONE-_-NONE-,W9124M20C0003,,,,N: Emergency P.L. 116-136;Q: Not Designated Nonemergency/Emergency/Disaster/Wildfire Suppression,4495103.57,2161361.09,,,25663497.44,4495103.57,25817782.60,25817782.60,2020-02-14,2020,2025-09-26,2025,2020-02-01,2020-10-31,2020-10-31 00:00:00,,2020-01-10,097,Department of Defense,2100,Department of the Army,W9124M,W6QM MICC-FT STEWART,097,Department of Defense,2100,Department of the Army,W33DL4,W0VA USA GAR EN R U MAINT,021-2020/2020-2020-000;021-2021/2021-2020-000,021-2020,25.4: Operation and maintenance of facilities,0001: OPERATING FORCES;OPTN: FIELD IS OPTIONAL PRIOR TO FY21,X,NOT APPLICABLE,,,P9MTSHFLUJG7,,"TSAY/FERGUSON-WILLIAMS, LLC","TSAY/FERGUSON-WILLIAMS, LLC",,4RCR1,P9MTSHFLUJG7,,"TSAY/FERGUSON-WILLIAMS, LLC",TSAY/FERGUSON-WILLIAMS  LLC,USA,UNITED STATES,346 EAGLE RD,,SAN JUAN PUEBLO,35039,RIO ARRIBA,35,NM,NEW MEXICO,875663600,NM-03,NM-03,5057470700,5057475690,USA,UNITED STATES,FORT STEWART,13179,LIBERTY,13,GA,GEORGIA,313143425,GA-01,GA-01,AWARD,D,DEFINITIVE CONTRACT,,,,,,,R,COST PLUS AWARD FEE,FACILITY MAINTENANCE - VERTICAL 411A,,1,OT,OTHER FUNCTIONS,S216,HOUSEKEEPING- FACILITIES OPERATIONS SUPPORT,H,NOT BUNDLED,S1,SERVICES,561210,FACILITIES SUPPORT SERVICES,C,NO CLAUSES INCLUDED AND NO SUSTAINABILITY INCLUDED,A,U.S. OWNED BUSINESS,000,NONE,Z,NOT IT PRODUCTS OR SERVICES,A,MEETS REQUIREMENTS,USA,UNITED STATES,C,NOT A MANUFACTURED END PRODUCT,B,PLAN NOT REQUIRED,C,NOT COMPETED,SSS,ONLY ONE SOURCE,NONE,NO SET ASIDE USED.,NONE,NO PREFERENCE USED,,,,,FOC,FOLLOW-ON CONTRACT (FAR 6.302-1(A)(2)(II/III)),1,D,COMMERCIAL PRODUCTS/SERVICES PROCEDURES NOT USED,f,N,NO,N,NO,N,NO,N,NO,0.00,N,NO,X,NOT APPLICABLE,Y,YES,Y,YES,X,NOT APPLICABLE,,,,,,,,,,N,NO,Y,YES - CAS CLAUSE INCLUDED,Y,Y,N,NO,D,NOT CONSOLIDATED,Y,YES - SERVICE WHERE PBA IS USED.,N,NO,Z,NOT APPLICABLE,N,NO,X,NOT APPLICABLE,f,f,t,f,t,f,f,f,f,f,f,f,t,f,f,f,f,t,f,SMALL BUSINESS,S,f,f,f,f,f,f,f,f,f,f,f,f,f,f,f,f,f,CORPORATE NOT TAX EXEMPT,t,f,f,f,f,f,f,f,f,f,f,f,f,f,f,f,f,t,f,f,f,f,f,f,f,f,t,f,t,f,f,f,f,f,f,f,f,f,f,f,f,f,f,f,f,f,f,f,f,f,,,,,,,,,,,https://www.usaspending.gov/award/CONT_AWD_W9124M20C0003_9700_-NONE-_-NONE-/,2025-12-31
CONT_AWD_W9124M25F0017_9700_W9124M20D0001_9700,W9124M25F0017,9700,DEPT OF DEFENSE,W9124M20D0001,Q: Not Designated Nonemergency/Emergency/Disaster/Wildfire Suppression,,,,,37147888.20,0.00,44806457.18,44806457.18,2024-10-29,2025,2025-09-11,2025,2024-11-01,2025-10-31,2025-10-31 00:00:00,,2024-10-24,097,Department of Defense,2100,Department of the Army,W9124M,W6QM MICC-FT STEWART,097,Department of Defense,2100,Department of the Army,W33DL4,W0VA USA GAR EN R U MAINT,021-2025/2025-2020-000,021-2020,25.4: Operation and maintenance of facilities,0004: ADMINISTRATION AND SERVICE-WIDE ACTIVITIES,X,NOT APPLICABLE,,,S9PQZM9ZTKT7,,PEGASUS SUPPORT SERVICES LLC,"PEGASUS SUPPORT SERVICES, LLC",,5LKZ4,XJ8CB44HRXL3,,PEGASUS SUPPORT SERVICES LLC,PEGASUS SUPPORT SERVICES LLC,USA,UNITED STATES,100 STONEFOREST DR SUITE 100,,WOODSTOCK,13057,CHEROKEE,13,GA,GEORGIA,301894881,GA-11,GA-11,6784940549,6784940879,USA,UNITED STATES,FORT STEWART,13179,LIBERTY,13,GA,GEORGIA,313145001,GA-01,GA-01,AWARD,C,DELIVERY ORDER,,,,,,,J,FIRM FIXED PRICE,0009EA ODC/MATERIALS,,1,OT,OTHER FUNCTIONS,Z1AA,MAINTENANCE OF OFFICE BUILDINGS,H,NOT BUNDLED,,,561210,FACILITIES SUPPORT SERVICES,C,NO CLAUSES INCLUDED AND NO SUSTAINABILITY INCLUDED,A,U.S. OWNED BUSINESS,000,NONE,Z,NOT IT PRODUCTS OR SERVICES,E,NOT REQUIRED,USA,UNITED STATES,C,NOT A MANUFACTURED END PRODUCT,B,PLAN NOT REQUIRED,D,FULL AND OPEN COMPETITION AFTER EXCLUSION OF SOURCES,NP,NEGOTIATED PROPOSAL/QUOTE,,,NONE,NO PREFERENCE USED,,,,,,,,D,COMMERCIAL PRODUCTS/SERVICES PROCEDURES NOT USED,f,N,NO,N,NO,X,NOT APPLICABLE,N,NO,,N,NO,X,NOT APPLICABLE,Y,YES,Y,YES,X,NOT APPLICABLE,,,B,IDC,S,SINGLE AWARD,,,,N,NO,X,NOT APPLICABLE EXEMPT FROM CAS,Y,Y,,,D,NOT CONSOLIDATED,Y,YES - SERVICE WHERE PBA IS USED.,N,NO,Z,NOT APPLICABLE,N,NO,X,NOT APPLICABLE,f,f,f,f,f,t,t,f,f,f,f,f,f,f,f,f,f,f,f,SMALL BUSINESS,S,f,f,f,f,f,f,f,f,f,f,f,f,f,f,f,f,f,CORPORATE NOT TAX EXEMPT,t,f,f,f,f,f,f,f,f,f,f,f,f,f,f,f,f,t,f,f,f,f,f,f,f,t,f,f,t,f,f,f,f,f,f,f,f,f,f,f,f,f,f,f,f,f,f,f,f,f,BRIAN K NEWELL,300000.00,JOHN R CARTER,350000.00,FRANK  RUSSO,245000.00,BRANDY  BROWN,158000.00,,,https://www.usaspending.gov/award/CONT_AWD_W9124M25F0017_9700_W9124M20D0001_9700/,2025-09-12
CONT_AWD_W9126G04C0029_9700_-NONE-_-NONE-,W9126G04C0029,,,,N: Emergency P.L. 116-136;Q: Not Designated Nonemergency/Emergency/Disaster/Wildfire Suppression,0,6228727.80,,,117261228.56,604938.53,39455376.48,759909385.03,2003-12-13,2004,2025-09-27,2025,2004-12-13,2049-11-17,2049-11-17 00:00:00,,,097,Department of Defense,2100,Department of the Army,W911SF,W6QM MICC-FT BENNING,097,Department of Defense,2100,Department of the Army,W909H3,W6CR USAG FT BENNING,021-2014/2014-2020-000;021-2015/2015-2020-000;021-2017/2017-2020-000;021-2018/2018-2020-000;021-2019/2019-2020-000;021-2020/2020-2020-000;021-2022/2022-2020-000;021-2023/2023-2020-000;021-2023/2023-2070-000;021-2024/2024-2020-000;021-2025/2025-2020-000,021-2020;021-2070,11.7: Military personnel;25.4: Operation and maintenance of facilities,0001: RESERVE COMPONENT TRAINING & SUPPORT;0004: ADMINISTRATION AND SERVICE-WIDE ACTIVITIES;0004: ADMINISTRATION & SERVICEWIDE ACTIVITIES;0020: UNDISTRIBUTED;OPTN: FIELD IS OPTIONAL PRIOR TO FY21,X,NOT APPLICABLE,,,HJGCENAJUNM3,,BOARD OF WATER COMMISSIONERS OF COLUMBUS,BOARD OF WATER COMMISSIONERS O,,1WE87,HJGCENAJUNM3,,BOARD OF WATER COMMISSIONERS OF COLUMBUS,BOARD OF WATER COMMISSIONERS OF COLUMBUS,USA,UNITED STATES,1421 VETERANS PKWY,,COLUMBUS,13215,MUSCOGEE,13,GA,GEORGIA,31901,GA-02,GA-02,,,USA,UNITED STATES,FORT BENNING,13053,CHATTAHOOCHEE,13,GA,GEORGIA,319051339,GA-02,GA-02,AWARD,D,DEFINITIVE CONTRACT,,,,,,,J,FIRM FIXED PRICE,"TAS::97 0100::TAS 200511!501228!2100!W911SF!ACA, FORT BENNING               !W9126G04C0029  !A!N! !N!2B09         !      !20041213!20050430!107533036!107533036!107533036!N!BOARD OF WATER COMMISSIONERS O!1421 VETERANS PKWY        !COLUMBUS            !GA!31901!30760!215!13!FORT BENNING        !MUSCOGEE              !GEORGIA   !+000000533337!N!N!000000000000!S114!WATER SERVICES                                    !S1 !SERVICES                            !000 !*                             !221310!E! !3! ! ! ! ! !20200930!B! ! !A! !A!U!J!1!001!B!  !Z!N!Z! !  !N!C!N! ! ! !Z!Z!A!A!000!A!B!N! ! ! ! !    !      !0001! !",,1,,,S114,UTILITIES- WATER,D,NOT A BUNDLED REQUIREMENT,S1,SERVICES,221310,WATER SUPPLY AND IRRIGATION SYSTEMS,C,NO CLAUSES INCLUDED AND NO SUSTAINABILITY INCLUDED,,,000,NONE,,,E,NOT REQUIRED,USA,UNITED STATES,C,NOT A MANUFACTURED END PRODUCT,B,PLAN NOT REQUIRED,A,FULL AND OPEN COMPETITION,NP,NEGOTIATED PROPOSAL/QUOTE,NONE,NO SET ASIDE USED.,NONE,NO PREFERENCE USED,,,,,,,1,D,COMMERCIAL PRODUCTS/SERVICES PROCEDURES NOT USED,f,N,NO,N,NO,Y,YES,,,0.00,N,NO,X,NOT APPLICABLE,N,NO,X,NOT APPLICABLE,X,NOT APPLICABLE,,,,,,,,,,N,NO,X,NOT APPLICABLE EXEMPT FROM CAS,N,N,U,UNKNOWN,N,NO,N,NO - SERVICE WHERE PBA IS NOT USED.,N,NO,Z,NOT APPLICABLE,N,NO,X,NOT APPLICABLE,f,f,f,f,f,f,f,f,f,f,f,f,f,f,f,f,f,f,f,OTHER THAN SMALL BUSINESS,O,f,f,f,f,f,f,f,f,f,f,f,f,f,f,f,f,f,,f,f,f,f,f,f,f,f,f,f,f,f,f,f,f,f,f,f,f,f,f,f,f,f,f,f,f,f,f,f,f,f,f,f,f,f,f,f,f,f,f,f,f,f,f,f,f,f,f,f,,,,,,,,,,,https://www.usaspending.gov/award/CONT_AWD_W9126G04C0029_9700_-NONE-_-NONE-/,2025-09-27
CONT_AWD_W9127819F0069_9700_W9127818D0096_9700,W9127819F0069,9700,DEPT OF DEFENSE,W9127818D0096,,,,,,24160799.01,,24160799.01,28819972.48,2019-01-15,2019,2025-08-05,2025,2019-01-15,2025-08-29,2025-08-29 00:00:00,,2018-11-16,097,Department of Defense,2100,Department of the Army,W91278,W074 ENDIST MOBILE,097,Department of Defense,97DH,Defense Health Agency,HT0029,DEFENSE HEALTH AGENCY,,,,,X,NOT APPLICABLE,,,EEPCF2DJKJM4,,"FACILITY SERVICES MANAGEMENT, INC.","FACILITY SERVICES MANAGEMENT, INC.",,05HC6,EEPCF2DJKJM4,,"FACILITY SERVICES MANAGEMENT, INC.",FACILITY SERVICES MANAGEMENT  INC.,USA,UNITED STATES,1031 PROGRESS DR,,CLARKSVILLE,47125,MONTGOMERY,47,TN,TENNESSEE,370405359,TN-07,TN-07,9315527044,9315527074,USA,UNITED STATES,FORT GORDON,13245,RICHMOND,13,GA,GEORGIA,309056018,GA-12,GA-12,AWARD,C,DELIVERY ORDER,,,,,,,J,FIRM FIXED PRICE,BASE YEAR,W9127816R0030,1,OT,OTHER FUNCTIONS,Z1DA,MAINTENANCE OF HOSPITALS AND INFIRMARIES,H,NOT BUNDLED,S1,SERVICES,236220,COMMERCIAL AND INSTITUTIONAL BUILDING CONSTRUCTION,C,NO CLAUSES INCLUDED AND NO SUSTAINABILITY INCLUDED,A,U.S. OWNED BUSINESS,000,NONE,Z,NOT IT PRODUCTS OR SERVICES,E,NOT REQUIRED,USA,UNITED STATES,C,NOT A MANUFACTURED END PRODUCT,B,PLAN NOT REQUIRED,A,FULL AND OPEN COMPETITION,MAFO,SUBJECT TO MULTIPLE AWARD FAIR OPPORTUNITY,,,NONE,NO PREFERENCE USED,,,FAIR,FAIR OPPORTUNITY GIVEN,,,3,D,COMMERCIAL PRODUCTS/SERVICES PROCEDURES NOT USED,f,N,NO,N,NO,X,NOT APPLICABLE,N,NO,,N,NO,X,NOT APPLICABLE,Y,YES,Y,YES,X,NOT APPLICABLE,,,B,IDC,M,MULTIPLE AWARD,,,,N,NO,,,N,N,U,UNKNOWN,D,NOT CONSOLIDATED,Y,YES - SERVICE WHERE PBA IS USED.,N,NO,Z,NOT APPLICABLE,N,NO,X,NOT APPLICABLE,f,f,f,f,f,f,f,t,t,f,f,f,f,f,f,f,f,f,f,SMALL BUSINESS,S,f,f,f,f,f,f,f,f,f,f,f,f,f,f,f,f,f,CORPORATE NOT TAX EXEMPT,t,f,f,f,f,f,f,f,f,f,f,f,f,f,f,f,f,t,f,f,f,f,f,f,f,f,f,f,t,f,f,f,f,f,f,f,f,f,f,f,f,f,f,f,f,f,f,f,f,f,,,,,,,,,,,https://www.usaspending.gov/award/CONT_AWD_W9127819F0069_9700_W9127818D0096_9700/,2025-08-05
CONT_AWD_W9127820C0025_9700_-NONE-_-NONE-,W9127820C0025,,,,Q: Not Designated Nonemergency/Emergency/Disaster/Wildfire Suppression,,,,,21874873.23,1420174.21,21874873.23,26013852.23,2020-08-28,2020,2025-03-31,2025,2020-09-10,2026-05-12,2026-05-12 00:00:00,,2020-02-11,097,Department of Defense,2100,Department of the Army,W91278,W074 ENDIST MOBILE,096,Corps of Engineers - Civil Works,96CE,U.S. Army Corps of Engineers - Civil Program Financing Only,964105,ARMY CORPS OF ENGINEERS CIVIL WORKS,096-X-8862-000,096-8862,25.2: Other services from non-Federal sources,0004: HYDROPOWER;0005: MULTIPURPOSE AND OTHER PROGRAMS,X,NOT APPLICABLE,,,TWA8Z4ANM3Y4,,GE RENEWABLES US LLC,ALSTOM RENEWABLE US LLC,,7JH90,JRZ1WHXAKBM3,,GENERAL ELECTRIC COMPANY,GE RENEWABLES US LLC,USA,UNITED STATES,8000 E MAPLEWOOD AVE #105,,GREENWOOD VILLAGE,08005,ARAPAHOE,08,CO,COLORADO,801114727,CO-06,CO-06,3033304007,,USA,UNITED STATES,HARTWELL,13147,HART,13,GA,GEORGIA,306438217,GA-10,GA-10,AWARD,D,DEFINITIVE CONTRACT,,,,,,,J,FIRM FIXED PRICE,HARTWELL REWIND UNITS 3&4,W9127820R0018,1,OT,OTHER FUNCTIONS,Z2PZ,REPAIR OR ALTERATION OF OTHER NON-BUILDING FACILITIES,H,NOT BUNDLED,C2,CONSTRUCTION,237990,OTHER HEAVY AND CIVIL ENGINEERING CONSTRUCTION,J,FAR 52.223-4 & BIO-BASED & ENERGY EFFICIENT,A,U.S. OWNED BUSINESS,000,NONE,Z,NOT IT PRODUCTS OR SERVICES,A,MEETS REQUIREMENTS,USA,UNITED STATES,C,NOT A MANUFACTURED END PRODUCT,F,INDIVIDUAL SUBCONTRACT PLAN,A,FULL AND OPEN COMPETITION,NP,NEGOTIATED PROPOSAL/QUOTE,NONE,NO SET ASIDE USED.,NONE,NO PREFERENCE USED,,,,,,,4,D,COMMERCIAL PRODUCTS/SERVICES PROCEDURES NOT USED,f,N,NO,N,NO,Y,YES,N,NO,0.00,N,NO,N,NO,N,NO,Y,YES,X,NOT APPLICABLE,,,,,,,,,,N,NO,X,NOT APPLICABLE EXEMPT FROM CAS,N,N,U,UNKNOWN,D,NOT CONSOLIDATED,Y,YES - SERVICE WHERE PBA IS USED.,N,NO,A,FAR 52.232-16 PROGRESS PAYMENTS,N,NO,X,NOT APPLICABLE,f,f,f,f,f,f,f,f,f,f,f,f,f,f,f,f,f,f,f,OTHER THAN SMALL BUSINESS,O,f,f,f,f,f,f,f,f,f,f,f,f,f,f,f,f,f,CORPORATE NOT TAX EXEMPT,t,f,f,f,f,f,f,f,f,f,f,f,f,f,f,f,f,t,f,f,f,f,f,f,f,f,t,f,t,f,f,f,f,f,f,f,f,f,f,f,f,f,f,f,f,f,f,f,f,f,,,,,,,,,,,https://www.usaspending.gov/award/CONT_AWD_W9127820C0025_9700_-NONE-_-NONE-/,2025-03-31
CONT_AWD_W912CH25F0017_9700_W56HZV20D0084_9700,W912CH25F0017,9700,DEPT OF DEFENSE,W56HZV20D0084,,,,,,42878435.69,,42948017.12,42948017.12,2024-10-25,2025,2025-09-09,2025,2024-10-24,2025-09-19,2025-09-19 12:09:00,,2024-10-01,097,Department of Defense,2100,Department of the Army,W912CH,W6QK ACC- DTA,097,Department of Defense,2100,Department of the Army,W502E2,W6DW PEO CS & CSS WARREN,,,,,X,NOT APPLICABLE,,,G525KLUWCM96,,JCB INC.,JCB INC.,,0JKF0,G525KLUWCM96,,JCB INC.,JCB  INC.,USA,UNITED STATES,2000 BAMFORD BLVD,,POOLER,13051,CHATHAM,13,GA,GEORGIA,313229504,GA-01,GA-01,9124472000,9124472246,USA,UNITED STATES,POOLER,13051,CHATHAM,13,GA,GEORGIA,313229504,GA-01,GA-01,AWARD,C,DELIVERY ORDER,,,,,,,J,FIRM FIXED PRICE,HIGH MOBILITY ENGINEER EXCAVATOR (HMEE),,1,,,2420,"TRACTORS, WHEELED",H,NOT BUNDLED,,,333120,CONSTRUCTION MACHINERY MANUFACTURING,A,FAR 52.223-4 INCLUDED,A,U.S. OWNED BUSINESS,000,NONE,Z,NOT IT PRODUCTS OR SERVICES,A,MEETS REQUIREMENTS,USA,UNITED STATES,D,MFG IN U.S.,F,INDIVIDUAL SUBCONTRACT PLAN,C,NOT COMPETED,SSS,ONLY ONE SOURCE,,,NONE,NO PREFERENCE USED,,,,,FOC,FOLLOW-ON CONTRACT (FAR 6.302-1(A)(2)(II/III)),,D,COMMERCIAL PRODUCTS/SERVICES PROCEDURES NOT USED,f,N,NO,N,NO,X,NOT APPLICABLE,N,NO,,Y,YES,X,NOT APPLICABLE,Y,YES,X,NOT APPLICABLE,X,NOT APPLICABLE,,,B,IDC,S,SINGLE AWARD,,,,Y,YES,X,NOT APPLICABLE EXEMPT FROM CAS,Y,Y,,,D,NOT CONSOLIDATED,X,NOT APPLICABLE,N,NO,Z,NOT APPLICABLE,N,NO,X,NOT APPLICABLE,f,f,f,f,f,f,f,f,f,f,f,f,f,f,f,f,f,f,f,OTHER THAN SMALL BUSINESS,O,f,f,f,f,f,f,f,f,f,f,f,f,f,f,f,f,f,CORPORATE NOT TAX EXEMPT,t,f,f,f,f,f,f,f,f,f,f,f,t,f,f,f,f,t,f,f,f,f,f,f,f,f,f,f,t,f,f,f,f,f,f,f,f,f,f,f,f,f,f,f,f,f,f,f,f,f,,,,,,,,,,,https://www.usaspending.gov/award/CONT_AWD_W912CH25F0017_9700_W56HZV20D0084_9700/,2026-01-28
CONT_AWD_W912CH25F0343_9700_W56HZV20D0084_9700,W912CH25F0343,9700,DEPT OF DEFENSE,W56HZV20D0084,Q: Not Designated Nonemergency/Emergency/Disaster/Wildfire Suppression,,,,,30567032.92,0.00,30567032.92,30567032.92,2025-06-26,2025,2025-06-26,2025,2025-06-26,2027-02-26,2027-02-26 00:00:00,,2024-10-01,097,Department of Defense,2100,Department of the Army,W912CH,W6QK ACC- DTA,097,Department of Defense,2100,Department of the Army,W502E2,W6DW PEO CS & CSS WARREN,021-2025/2027-2035-000,021-2035,31.0: Equipment,0005: N/A,X,NOT APPLICABLE,,,G525KLUWCM96,,JCB INC.,JCB INC.,,0JKF0,G525KLUWCM96,,JCB INC.,JCB  INC.,USA,UNITED STATES,2000 BAMFORD BLVD,,POOLER,13051,CHATHAM,13,GA,GEORGIA,313229504,GA-01,GA-01,9124472000,9124472246,USA,UNITED STATES,POOLER,13051,CHATHAM,13,GA,GEORGIA,313229504,GA-01,GA-01,AWARD,C,DELIVERY ORDER,,,,,,,J,FIRM FIXED PRICE,HIGH MOBILITY ENGINEER EXCAVATOR (HMEE),,1,,,2420,"TRACTORS, WHEELED",H,NOT BUNDLED,,,333120,CONSTRUCTION MACHINERY MANUFACTURING,A,FAR 52.223-4 INCLUDED,A,U.S. OWNED BUSINESS,000,NONE,Z,NOT IT PRODUCTS OR SERVICES,A,MEETS REQUIREMENTS,USA,UNITED STATES,D,MFG IN U.S.,F,INDIVIDUAL SUBCONTRACT PLAN,C,NOT COMPETED,SSS,ONLY ONE SOURCE,,,NONE,NO PREFERENCE USED,,,,,FOC,FOLLOW-ON CONTRACT (FAR 6.302-1(A)(2)(II/III)),,D,COMMERCIAL PRODUCTS/SERVICES PROCEDURES NOT USED,f,N,NO,N,NO,X,NOT APPLICABLE,N,NO,,Y,YES,X,NOT APPLICABLE,Y,YES,X,NOT APPLICABLE,X,NOT APPLICABLE,,,B,IDC,S,SINGLE AWARD,,,,Y,YES,X,NOT APPLICABLE EXEMPT FROM CAS,Y,Y,,,D,NOT CONSOLIDATED,X,NOT APPLICABLE,N,NO,Z,NOT APPLICABLE,N,NO,X,NOT APPLICABLE,f,f,f,f,f,f,f,f,f,f,f,f,f,f,f,f,f,f,f,OTHER THAN SMALL BUSINESS,O,f,f,f,f,f,f,f,f,f,f,f,f,f,f,f,f,f,CORPORATE NOT TAX EXEMPT,t,f,f,f,f,f,f,f,f,f,f,f,t,f,f,f,f,t,f,f,f,f,f,f,f,f,f,f,t,f,f,f,f,f,f,f,f,f,f,f,f,f,f,f,f,f,f,f,f,f,,,,,,,,,,,https://www.usaspending.gov/award/CONT_AWD_W912CH25F0343_9700_W56HZV20D0084_9700/,2026-01-27
CONT_AWD_W912DY18F0820_9700_GS00P15BSD1134_4740,W912DY18F0820,4740,PUBLIC BUILDINGS SERVICE,GS00P15BSD1134,,,,,,20458133.83,,31974624.83,31974624.83,2018-09-28,2018,2025-06-30,2025,2018-09-28,2039-08-31,2039-08-31 00:00:00,,2017-04-06,097,Department of Defense,2100,Department of the Army,W912DY,W2V6 USA ENG SPT CTR HUNTSVIL,097,Department of Defense,2100,Department of the Army,W912DY,W2V6 USA ENG SPT CTR HUNTSVIL,,,,,X,NOT APPLICABLE,,,JKC9LGLDQDV4,,GEORGIA POWER COMPANY,GEORGIA POWER COMPANY,,1KY73,SXU3LDF7K6Z5,,SOUTHERN CO SERVICES INC,THE SOUTHERN COMPANY,USA,UNITED STATES,241 RALPH MCGILL BLVD NE,,ATLANTA,13121,FULTON,13,GA,GEORGIA,303083374,GA-05,GA-05,4045061464,4045062506,USA,UNITED STATES,WARNER ROBINS,13153,HOUSTON,13,GA,GEORGIA,310981027,GA-02,GA-02,AWARD,C,DELIVERY ORDER,,,,,,,J,FIRM FIXED PRICE,IGF::OT::IGF  ECMS FOR BUILDING  229,,1,OT,OTHER FUNCTIONS,S112,UTILITIES- ELECTRIC,H,NOT BUNDLED,S1,SERVICES,221122,ELECTRIC POWER DISTRIBUTION,C,NO CLAUSES INCLUDED AND NO SUSTAINABILITY INCLUDED,A,U.S. OWNED BUSINESS,000,NONE,Z,NOT IT PRODUCTS OR SERVICES,E,NOT REQUIRED,USA,UNITED STATES,C,NOT A MANUFACTURED END PRODUCT,G,COMMERCIAL SUBCONTRACT PLAN,B,NOT AVAILABLE FOR COMPETITION,SSS,ONLY ONE SOURCE,,,NONE,NO PREFERENCE USED,,,,,UT,UTILITIES (FAR 6.302-1(B)(3)),,A,COMMERCIAL PRODUCTS/SERVICES,f,N,NO,N,NO,X,NOT APPLICABLE,N,NO,,N,NO,N,NO,N,NO,N,NO,X,NOT APPLICABLE,,,B,IDC,S,SINGLE AWARD,,,,N,NO,Y,YES - CAS CLAUSE INCLUDED,N,N,U,UNKNOWN,D,NOT CONSOLIDATED,N,NO - SERVICE WHERE PBA IS NOT USED.,Y,YES,E,COMMERCIAL FINANCING,N,NO,X,NOT APPLICABLE,f,f,f,f,f,f,f,f,f,f,f,f,f,f,f,f,f,f,f,OTHER THAN SMALL BUSINESS,O,f,f,f,f,f,f,f,f,f,f,f,f,f,f,f,f,f,CORPORATE NOT TAX EXEMPT,t,f,f,f,f,f,f,f,f,f,f,f,f,f,f,f,f,t,f,f,f,f,f,f,f,f,f,f,t,f,f,f,f,f,f,f,f,f,f,f,f,f,f,f,f,f,f,f,f,f,,,,,,,,,,,https://www.usaspending.gov/award/CONT_AWD_W912DY18F0820_9700_GS00P15BSD1134_4740/,2025-06-30
CONT_AWD_W912DY21F0025_9700_47QSHA18D000Y_4732,W912DY21F0025,4732,FEDERAL ACQUISITION SERVICE,47QSHA18D000Y,,,,,,140458963.82,,140458963.82,151920465.80,2021-01-29,2021,2025-08-15,2025,2021-02-01,2025-10-29,2025-10-29 00:00:00,,2020-08-14,097,Department of Defense,2100,Department of the Army,W912DY,W2V6 USA ENG SPT CTR HUNTSVIL,097,Department of Defense,97AS,Defense Logistics Agency,SP0600,DLA  ENERGY,,,,,X,NOT APPLICABLE,,,KJQMBHL1L9Q3,,POND CONSTRUCTORS INC.,POND CONSTRUCTORS INC,,1RJT2,KJQMBHL1L9Q3,,POND CONSTRUCTORS INC.,POND CONSTRUCTORS INC.,USA,UNITED STATES,3500 PARKWAY LN,STE 600,PEACHTREE CORNERS,13135,GWINNETT,13,GA,GEORGIA,300922861,GA-04,GA-04,6783367740,6783367755,USA,UNITED STATES,PEACHTREE CORNERS,13135,GWINNETT,13,GA,GEORGIA,300922861,GA-04,GA-04,AWARD,C,DELIVERY ORDER,,,,,,,J,FIRM FIXED PRICE,RECURRING MAINTENANCE AND MINOR REPAIR RMMR PACIFIC OCEAN DIVISION HONOLULU AND ALASKA DISTRICTS POH,W912DY20R0038,1,OT,OTHER FUNCTIONS,Z1NA,MAINTENANCE OF FUEL SUPPLY FACILITIES,H,NOT BUNDLED,A8A,PETROLEUM,561210,FACILITIES SUPPORT SERVICES,C,NO CLAUSES INCLUDED AND NO SUSTAINABILITY INCLUDED,A,U.S. OWNED BUSINESS,000,NONE,Z,NOT IT PRODUCTS OR SERVICES,E,NOT REQUIRED,USA,UNITED STATES,C,NOT A MANUFACTURED END PRODUCT,F,INDIVIDUAL SUBCONTRACT PLAN,A,FULL AND OPEN COMPETITION,MAFO,SUBJECT TO MULTIPLE AWARD FAIR OPPORTUNITY,,,NONE,NO PREFERENCE USED,,,FAIR,FAIR OPPORTUNITY GIVEN,,,2,A,COMMERCIAL PRODUCTS/SERVICES,f,N,NO,N,NO,Y,YES,N,NO,,N,NO,X,NOT APPLICABLE,Y,YES,X,NOT APPLICABLE,X,NOT APPLICABLE,,,C,FSS,M,MULTIPLE AWARD,,,,N,NO,,,N,N,U,UNKNOWN,D,NOT CONSOLIDATED,Y,YES - SERVICE WHERE PBA IS USED.,,,Z,NOT APPLICABLE,N,NO,X,NOT APPLICABLE,f,f,f,f,f,f,f,f,f,f,f,f,f,f,f,f,f,f,f,OTHER THAN SMALL BUSINESS,O,f,f,f,f,f,f,f,f,f,f,f,f,f,f,f,f,f,CORPORATE NOT TAX EXEMPT,t,f,f,f,f,f,f,f,f,f,f,f,f,f,f,f,f,t,f,f,f,f,f,f,f,f,f,f,t,f,f,f,f,f,f,f,f,f,f,f,f,f,f,f,f,f,f,f,f,f,,,,,,,,,,,https://www.usaspending.gov/award/CONT_AWD_W912DY21F0025_9700_47QSHA18D000Y_4732/,2025-08-15
CONT_AWD_W912DY22F0081_9700_47QSHA18D0016_4732,W912DY22F0081,4732,FEDERAL ACQUISITION SERVICE,47QSHA18D0016,,,,,,36984995.77,,36984995.77,41872444.78,2022-02-03,2022,2025-06-04,2025,2022-02-08,2026-02-07,2026-08-07 00:00:00,,2021-06-10,097,Department of Defense,2100,Department of the Army,W912DY,W2V6 USA ENG SPT CTR HUNTSVIL,097,Department of Defense,97AS,Defense Logistics Agency,SP0600,DLA  ENERGY,,,,,X,NOT APPLICABLE,,,Z4XGALW7L9K6,,WESTON SOLUTIONS INC,WESTON SOLUTIONS INC,,2M222,ML53DYBW2523,,"WESTON SOLUTIONS HOLDINGS, INC.",WESTON SOLUTIONS HOLDINGS INC,USA,UNITED STATES,1400 WESTON WAY,,WEST CHESTER,42029,CHESTER,42,PA,PENNSYLVANIA,193801492,PA-06,PA-06,6107013918,,USA,UNITED STATES,PEACHTREE CORNERS,13135,GWINNETT,13,GA,GEORGIA,300922826,GA-04,GA-04,AWARD,C,DELIVERY ORDER,,,,,,,J,FIRM FIXED PRICE,"RECURRING MAINTENANCE AND MINOR AND EMERGENCY REPAIR FUNDING FOR SOUTH ATLANTIC DIVISION, ARMY (SAD-A)",W912DY21R0040,1,CT,CRITICAL FUNCTIONS,Z1NA,MAINTENANCE OF FUEL SUPPLY FACILITIES,H,NOT BUNDLED,A8A,PETROLEUM,561210,FACILITIES SUPPORT SERVICES,C,NO CLAUSES INCLUDED AND NO SUSTAINABILITY INCLUDED,A,U.S. OWNED BUSINESS,000,NONE,Z,NOT IT PRODUCTS OR SERVICES,E,NOT REQUIRED,USA,UNITED STATES,C,NOT A MANUFACTURED END PRODUCT,F,INDIVIDUAL SUBCONTRACT PLAN,A,FULL AND OPEN COMPETITION,MAFO,SUBJECT TO MULTIPLE AWARD FAIR OPPORTUNITY,,,NONE,NO PREFERENCE USED,,,FAIR,FAIR OPPORTUNITY GIVEN,,,4,A,COMMERCIAL PRODUCTS/SERVICES,f,N,NO,N,NO,Y,YES,N,NO,,N,NO,X,NOT APPLICABLE,Y,YES,X,NOT APPLICABLE,X,NOT APPLICABLE,,,C,FSS,M,MULTIPLE AWARD,,,,N,NO,,,N,N,U,UNKNOWN,D,NOT CONSOLIDATED,Y,YES - SERVICE WHERE PBA IS USED.,,,Z,NOT APPLICABLE,N,NO,X,NOT APPLICABLE,f,f,f,f,f,f,f,f,f,f,f,f,f,f,f,f,f,f,f,OTHER THAN SMALL BUSINESS,O,f,f,f,f,f,f,f,f,f,f,f,f,f,f,f,f,f,CORPORATE NOT TAX EXEMPT,t,f,f,f,f,f,f,f,f,f,f,f,f,f,f,f,f,t,f,f,f,f,f,f,f,f,f,f,t,f,f,f,f,f,f,f,f,f,f,f,f,f,f,f,f,f,f,f,f,f,LAWRENCE J BOVE,942308.00,KARA  FIELDS,628888.00,JOE  HOCKENBERRY,624592.00,STEVE  BLARR,518505.00,STEVE  KUHR,514556.00,https://www.usaspending.gov/award/CONT_AWD_W912DY22F0081_9700_47QSHA18D0016_4732/,2025-06-04
CONT_AWD_W912DY22F0266_9700_47QSHA18D000Y_4732,W912DY22F0266,4732,FEDERAL ACQUISITION SERVICE,47QSHA18D000Y,,,,,,49686852.90,,49686852.90,55069655.95,2022-06-30,2022,2025-07-02,2025,2022-07-08,2026-07-07,2027-01-07 00:00:00,,2021-05-28,097,Department of Defense,2100,Department of the Army,W912DY,W2V6 USA ENG SPT CTR HUNTSVIL,097,Department of Defense,97AS,Defense Logistics Agency,SP0600,DLA  ENERGY,,,,,X,NOT APPLICABLE,,,KJQMBHL1L9Q3,,POND CONSTRUCTORS INC.,POND CONSTRUCTORS INC,,1RJT2,KJQMBHL1L9Q3,,POND CONSTRUCTORS INC.,POND CONSTRUCTORS INC.,USA,UNITED STATES,3500 PARKWAY LN,STE 600,PEACHTREE CORNERS,13135,GWINNETT,13,GA,GEORGIA,300922861,GA-07,GA-04,6783367740,6783367755,USA,UNITED STATES,PEACHTREE CORNERS,13135,GWINNETT,13,GA,GEORGIA,300922861,GA-04,GA-04,AWARD,C,DELIVERY ORDER,,,,,,,J,FIRM FIXED PRICE,FUNDING FOR RECURRING MAINTENANCE AND MINOR REPAIR (RMMR) SOUTH PACIFIC DIVISION-AIR FORCE (SPD-AF),W912DY21R0034,1,OT,OTHER FUNCTIONS,Z1NA,MAINTENANCE OF FUEL SUPPLY FACILITIES,H,NOT BUNDLED,A8A,PETROLEUM,561210,FACILITIES SUPPORT SERVICES,C,NO CLAUSES INCLUDED AND NO SUSTAINABILITY INCLUDED,A,U.S. OWNED BUSINESS,000,NONE,Z,NOT IT PRODUCTS OR SERVICES,E,NOT REQUIRED,USA,UNITED STATES,C,NOT A MANUFACTURED END PRODUCT,F,INDIVIDUAL SUBCONTRACT PLAN,A,FULL AND OPEN COMPETITION,MAFO,SUBJECT TO MULTIPLE AWARD FAIR OPPORTUNITY,,,NONE,NO PREFERENCE USED,,,FAIR,FAIR OPPORTUNITY GIVEN,,,6,A,COMMERCIAL PRODUCTS/SERVICES,f,N,NO,N,NO,Y,YES,N,NO,,N,NO,X,NOT APPLICABLE,Y,YES,X,NOT APPLICABLE,X,NOT APPLICABLE,,,C,FSS,M,MULTIPLE AWARD,,,,N,NO,,,N,N,U,UNKNOWN,D,NOT CONSOLIDATED,Y,YES - SERVICE WHERE PBA IS USED.,,,Z,NOT APPLICABLE,N,NO,X,NOT APPLICABLE,f,f,f,f,f,f,f,f,f,f,f,f,f,f,f,f,f,f,f,OTHER THAN SMALL BUSINESS,O,f,f,f,f,f,f,f,f,f,f,f,f,f,f,f,f,f,CORPORATE NOT TAX EXEMPT,t,f,f,f,f,f,f,f,f,f,f,f,f,f,f,f,f,t,f,f,f,f,f,f,f,f,f,f,t,f,f,f,f,f,f,f,f,f,f,f,f,f,f,f,f,f,f,f,f,f,,,,,,,,,,,https://www.usaspending.gov/award/CONT_AWD_W912DY22F0266_9700_47QSHA18D000Y_4732/,2025-07-02
CONT_AWD_W912DY22F0579_9700_W912DY20D0041_9700,W912DY22F0579,9700,DEPT OF DEFENSE,W912DY20D0041,,,,,,23776112.00,,25776112.00,34435228.00,2022-09-27,2022,2025-08-29,2025,2022-09-29,2026-09-28,2028-03-28 00:00:00,,2022-08-08,097,Department of Defense,2100,Department of the Army,W912DY,W2V6 USA ENG SPT CTR HUNTSVIL,097,Department of Defense,2100,Department of the Army,W912DY,W2V6 USA ENG SPT CTR HUNTSVIL,,,,,X,NOT APPLICABLE,,,LFD2YFMZJ1J3,,"JOHNSON CONTROLS BUILDING AUTOMATION SYSTEMS, LLC",JOHNSON CONTROLS BUILDING AUTOMATION SYSTEMS LLC,,4CWR3,LFD2YFMZJ1J3,,"JOHNSON CONTROLS BUILDING AUTOMATION SYSTEMS, LLC",JOHNSON CONTROLS BUILDING AUTOMATION SYSTEMS  LLC,USA,UNITED STATES,4940 CORPORATE DR NW STE C,,HUNTSVILLE,01089,MADISON,01,AL,ALABAMA,358056226,AL-05,AL-05,7708703990,,USA,UNITED STATES,FORT STEWART,13179,LIBERTY,13,GA,GEORGIA,313145023,GA-01,GA-01,AWARD,C,DELIVERY ORDER,,,,,,,J,FIRM FIXED PRICE,"TASK ORDER W912DY22F0579 IS AWARDED TO JOHNSON CONTROLS BUILDING AUTOMATION SYSTEMS, INC. (JCBAS) ON CONTRACT W912DY-20-D-0041.",W912DY18R0001,1,OT,OTHER FUNCTIONS,N059,INSTALLATION OF EQUIPMENT- ELECTRICAL AND ELECTRONIC EQUIPMENT COMPONENTS,H,NOT BUNDLED,S1,SERVICES,541512,COMPUTER SYSTEMS DESIGN SERVICES,F,ENVIRONMENTALLY PREFERABLE,C,FOREIGN-OWNED BUSINESS INCORPORATED IN THE U.S.,000,NONE,Z,NOT IT PRODUCTS OR SERVICES,E,NOT REQUIRED,USA,UNITED STATES,C,NOT A MANUFACTURED END PRODUCT,F,INDIVIDUAL SUBCONTRACT PLAN,C,NOT COMPETED,SSS,ONLY ONE SOURCE,,,NONE,NO PREFERENCE USED,,,,,BND,BRAND NAME DESCRIPTION (FAR 6.302-1(C)),,A,COMMERCIAL PRODUCTS/SERVICES,f,N,NO,N,NO,X,NOT APPLICABLE,N,NO,,N,NO,N,NO,Y,YES,Y,YES,X,NOT APPLICABLE,,,B,IDC,S,SINGLE AWARD,,,,Y,YES,,,N,N,U,UNKNOWN,D,NOT CONSOLIDATED,Y,YES - SERVICE WHERE PBA IS USED.,N,NO,A,FAR 52.232-16 PROGRESS PAYMENTS,N,NO,X,NOT APPLICABLE,f,f,f,f,f,f,f,f,f,f,f,f,f,f,f,f,f,f,f,OTHER THAN SMALL BUSINESS,O,f,f,f,f,f,f,f,f,f,f,f,f,f,f,f,f,f,CORPORATE NOT TAX EXEMPT,t,f,f,f,f,f,f,f,f,f,f,f,f,f,f,f,f,t,f,f,f,f,f,f,f,f,f,t,t,f,f,f,f,f,f,f,f,f,f,f,f,f,f,f,f,f,f,f,f,f,,,,,,,,,,,https://www.usaspending.gov/award/CONT_AWD_W912DY22F0579_9700_W912DY20D0041_9700/,2025-09-02
CONT_AWD_W912HN19F3001_9700_W912HN17D3003_9700,W912HN19F3001,9700,DEPT OF DEFENSE,W912HN17D3003,,,,,,32800299.74,,32800299.74,32800299.74,2019-09-20,2019,2025-06-04,2025,2019-09-20,2023-12-14,2023-12-14 00:00:00,,2019-08-09,097,Department of Defense,2100,Department of the Army,W912HN,W074 ENDIST SAVANNAH,097,Department of Defense,2100,Department of the Army,W912HN,W074 ENDIST SAVANNAH,,,,,X,NOT APPLICABLE,,,UENJB2AT8GJ9,,"SAND POINT SERVICES, LLC","SAND POINT SERVICES, LLC",,58MN2,UENJB2AT8GJ9,,"SAND POINT SERVICES, LLC",SAND POINT SERVICES  LLC,USA,UNITED STATES,3601 C ST STE 1000-20,,ANCHORAGE,02020,ANCHORAGE,02,AK,ALASKA,995035923,AK-00,AK-00,9076021012,9072782332,USA,UNITED STATES,AUGUSTA,13245,RICHMOND,13,GA,GEORGIA,309050496,GA-12,GA-12,AWARD,C,DELIVERY ORDER,,,,,,,J,FIRM FIXED PRICE,"DEMOLISH, RENOVATE&REPAIR, AND NEW CONSTRUCTION FOR BUILDINGS 25702&25707. FORT GORDON GA",W912HN15R0002,1,OT,OTHER FUNCTIONS,Y1AZ,CONSTRUCTION OF OTHER ADMINISTRATIVE FACILITIES AND SERVICE BUILDINGS,H,NOT BUNDLED,C2,CONSTRUCTION,236220,COMMERCIAL AND INSTITUTIONAL BUILDING CONSTRUCTION,F,ENVIRONMENTALLY PREFERABLE,A,U.S. OWNED BUSINESS,000,NONE,Z,NOT IT PRODUCTS OR SERVICES,E,NOT REQUIRED,USA,UNITED STATES,C,NOT A MANUFACTURED END PRODUCT,B,PLAN NOT REQUIRED,D,FULL AND OPEN COMPETITION AFTER EXCLUSION OF SOURCES,MAFO,SUBJECT TO MULTIPLE AWARD FAIR OPPORTUNITY,,,NONE,NO PREFERENCE USED,,,FAIR,FAIR OPPORTUNITY GIVEN,,,1,D,COMMERCIAL PRODUCTS/SERVICES PROCEDURES NOT USED,f,N,NO,N,NO,Y,YES,N,NO,,N,NO,X,NOT APPLICABLE,X,NOT APPLICABLE,Y,YES,X,NOT APPLICABLE,,,B,IDC,M,MULTIPLE AWARD,,,,N,NO,,,N,N,N,NO,D,NOT CONSOLIDATED,Y,YES - SERVICE WHERE PBA IS USED.,N,NO,Z,NOT APPLICABLE,N,NO,X,NOT APPLICABLE,t,f,f,f,f,f,f,f,f,f,f,f,t,f,f,f,f,t,f,SMALL BUSINESS,S,f,f,f,f,f,f,f,f,f,f,f,f,f,f,f,f,f,CORPORATE NOT TAX EXEMPT,t,f,f,f,f,f,f,f,f,f,f,f,f,f,f,f,f,f,f,f,f,f,f,f,f,f,t,f,t,f,f,f,f,f,f,f,f,f,f,f,f,f,f,f,f,t,f,t,f,f,,,,,,,,,,,https://www.usaspending.gov/award/CONT_AWD_W912HN19F3001_9700_W912HN17D3003_9700/,2025-06-04
CONT_AWD_W912HN20C3006_9700_-NONE-_-NONE-,W912HN20C3006,,,,Q: Not Designated Nonemergency/Emergency/Disaster/Wildfire Suppression,,,,,99367886.00,1568885.91,102281084.77,102281084.77,2020-06-19,2020,2025-09-29,2025,2020-06-19,2023-05-01,2027-03-04 00:00:00,,2019-05-31,097,Department of Defense,2100,Department of the Army,W912HN,W074 ENDIST SAVANNAH,097,Department of Defense,2100,Department of the Army,W33SJG,W2SR ENDIST SAVANNAH CW,021-2018/2022-2050-000;021-2019/2023-2050-000,021-2050,32.0: Land and structures,0001: MAJOR CONSTRUCTION;0003: PLANNING AND DESIGN;0004: SUPPORT ACTIVITIES;OPTN: FIELD IS OPTIONAL PRIOR TO FY21,X,NOT APPLICABLE,,,WHB7C12ADS35,,GILBANE FEDERAL,GILBANE FEDERAL,,012A2,WHB7C12ADS35,,GILBANE FEDERAL,GILBANE FEDERAL,USA,UNITED STATES,1655 GRANT ST 12TH FL,,CONCORD,06013,CONTRA COSTA,06,CA,CALIFORNIA,945202600,CA-10,CA-10,9259463211,9256828125,USA,UNITED STATES,AUGUSTA,13245,RICHMOND,13,GA,GEORGIA,309050001,GA-12,GA-12,AWARD,D,DEFINITIVE CONTRACT,,,,,,,J,FIRM FIXED PRICE,"PN 88724 SCI TRAINING, RESEARCH&NETWORK CENTER, FORT GORDON, GEORGIA",W912HN19R3004,1,OT,OTHER FUNCTIONS,Y1AZ,CONSTRUCTION OF OTHER ADMINISTRATIVE FACILITIES AND SERVICE BUILDINGS,H,NOT BUNDLED,C2,CONSTRUCTION,236220,COMMERCIAL AND INSTITUTIONAL BUILDING CONSTRUCTION,F,ENVIRONMENTALLY PREFERABLE,A,U.S. OWNED BUSINESS,000,NONE,Z,NOT IT PRODUCTS OR SERVICES,E,NOT REQUIRED,USA,UNITED STATES,C,NOT A MANUFACTURED END PRODUCT,F,INDIVIDUAL SUBCONTRACT PLAN,A,FULL AND OPEN COMPETITION,NP,NEGOTIATED PROPOSAL/QUOTE,NONE,NO SET ASIDE USED.,NONE,NO PREFERENCE USED,,,,,,,4,D,COMMERCIAL PRODUCTS/SERVICES PROCEDURES NOT USED,f,N,NO,N,NO,Y,YES,N,NO,0.00,N,NO,N,NO,N,NO,Y,YES,X,NOT APPLICABLE,,,,,,,,,,N,NO,X,NOT APPLICABLE EXEMPT FROM CAS,N,N,U,UNKNOWN,D,NOT CONSOLIDATED,N,NO - SERVICE WHERE PBA IS NOT USED.,N,NO,Z,NOT APPLICABLE,N,NO,X,NOT APPLICABLE,f,f,f,f,f,f,f,f,f,f,f,f,f,f,f,f,f,f,f,OTHER THAN SMALL BUSINESS,O,f,f,f,f,f,f,f,f,f,f,f,f,f,f,f,f,f,OTHER,f,f,f,f,f,f,f,f,f,f,f,f,f,f,f,f,f,t,f,f,f,f,f,f,f,t,f,f,t,f,f,f,f,f,f,f,f,f,f,f,f,f,f,f,f,f,f,f,f,f,REYNOLDS  DANIEL,1335459.00,TEJ  SINGH,796499.00,BRUNS  HEATH,652799.00,ROTH  MICHAEL,547399.00,ABBOTT  JOHN,517648.00,https://www.usaspending.gov/award/CONT_AWD_W912HN20C3006_9700_-NONE-_-NONE-/,2025-09-29
CONT_AWD_W912HN20C3007_9700_-NONE-_-NONE-,W912HN20C3007,,,,Q: Not Designated Nonemergency/Emergency/Disaster/Wildfire Suppression,,,,,46730892.87,311032.40,46730892.87,46730892.87,2020-09-03,2020,2025-03-07,2025,2020-09-18,2026-06-12,2026-06-12 00:00:00,,2020-06-23,097,Department of Defense,2100,Department of the Army,W912HN,W074 ENDIST SAVANNAH,097,Department of Defense,5700,Department of the Air Force,F3E201,F3E201 23 MXG CC,057-2016/2020-3300-000;057-2017/2021-3300-000;057-2019/2023-3300-000,057-3300,32.0: Land and structures,0001: MAJOR CONSTRUCTION;0020: UNDISTRIBUTED,X,NOT APPLICABLE,,,WTDVA1NN9JH8,,MCKNIGHT CONSTRUCTION CO.,MC KNIGHT CONSTRUCTION CO INC,,0DX80,WTDVA1NN9JH8,,MCKNIGHT CONSTRUCTION CO.,MCKNIGHT CONSTRUCTION CO.,USA,UNITED STATES,635 N W FRONTAGE RD,,AUGUSTA,13245,RICHMOND,13,GA,GEORGIA,309072451,GA-12,GA-12,7068637784,7068632031,USA,UNITED STATES,VALDOSTA,13185,LOWNDES,13,GA,GEORGIA,316056058,GA-08,GA-08,AWARD,D,DEFINITIVE CONTRACT,,,,,,,J,FIRM FIXED PRICE,PERSONNEL RECOVERY HANGAR HMU AT MOODY AFB GA,W912HN20B3002,1,OT,OTHER FUNCTIONS,Y1BZ,CONSTRUCTION OF OTHER AIRFIELD STRUCTURES,H,NOT BUNDLED,C2,CONSTRUCTION,236220,COMMERCIAL AND INSTITUTIONAL BUILDING CONSTRUCTION,F,ENVIRONMENTALLY PREFERABLE,A,U.S. OWNED BUSINESS,000,NONE,Z,NOT IT PRODUCTS OR SERVICES,E,NOT REQUIRED,USA,UNITED STATES,C,NOT A MANUFACTURED END PRODUCT,F,INDIVIDUAL SUBCONTRACT PLAN,A,FULL AND OPEN COMPETITION,SB,SEALED BID,NONE,NO SET ASIDE USED.,NONE,NO PREFERENCE USED,,,,,,,14,D,COMMERCIAL PRODUCTS/SERVICES PROCEDURES NOT USED,f,N,NO,N,NO,Y,YES,N,NO,0.00,N,NO,N,NO,N,NO,Y,YES,X,NOT APPLICABLE,,,,,,,,,,N,NO,X,NOT APPLICABLE EXEMPT FROM CAS,N,N,U,UNKNOWN,D,NOT CONSOLIDATED,N,NO - SERVICE WHERE PBA IS NOT USED.,N,NO,Z,NOT APPLICABLE,N,NO,X,NOT APPLICABLE,f,f,f,f,f,f,f,f,f,f,f,f,f,f,f,f,f,f,f,OTHER THAN SMALL BUSINESS,O,f,f,f,f,f,f,f,f,f,f,f,f,f,f,f,f,f,CORPORATE NOT TAX EXEMPT,t,f,f,f,f,f,f,f,f,f,f,f,f,f,f,f,f,t,f,f,f,f,f,f,f,t,f,f,t,f,f,f,f,f,f,f,f,f,f,f,f,f,f,f,f,f,f,f,f,f,,,,,,,,,,,https://www.usaspending.gov/award/CONT_AWD_W912HN20C3007_9700_-NONE-_-NONE-/,2025-04-24
CONT_AWD_W912HN20F1021_9700_W912EP16D0008_9700,W912HN20F1021,9700,DEPT OF DEFENSE,W912EP16D0008,,,,,,27631011.01,,27631011.01,30264167.67,2020-09-09,2020,2025-09-10,2025,2020-09-08,2027-09-08,2027-09-08 00:00:00,,2020-02-14,097,Department of Defense,2100,Department of the Army,W912HN,W074 ENDIST SAVANNAH,097,Department of Defense,2100,Department of the Army,W33SJG,W2SR ENDIST SAVANNAH CW,,,,,X,NOT APPLICABLE,,,J7ZXM9MD8UE3,,"BHATE ZAPATA, LLC",BHATE ZAPATA,,6E0K1,J7ZXM9MD8UE3,,"BHATE ZAPATA, LLC",BHATE ZAPATA  LLC,USA,UNITED STATES,"1608 13TH AVENUE SOUTH, SUITE 300",,BIRMINGHAM,01073,JEFFERSON,01,AL,ALABAMA,352050000,AL-07,AL-07,2059184000,2059184050,USA,UNITED STATES,WARNER ROBINS,13153,HOUSTON,13,GA,GEORGIA,310888058,GA-08,GA-08,AWARD,C,DELIVERY ORDER,,,,,,,J,FIRM FIXED PRICE,ROBINS AIR FORCE BASE OPTIMIZED REMEDIATION CONTRACT,,1,OT,OTHER FUNCTIONS,F999,OTHER ENVIRONMENTAL SERVICES,H,NOT BUNDLED,S1,SERVICES,562910,REMEDIATION SERVICES,C,NO CLAUSES INCLUDED AND NO SUSTAINABILITY INCLUDED,A,U.S. OWNED BUSINESS,000,NONE,Z,NOT IT PRODUCTS OR SERVICES,E,NOT REQUIRED,USA,UNITED STATES,C,NOT A MANUFACTURED END PRODUCT,B,PLAN NOT REQUIRED,D,FULL AND OPEN COMPETITION AFTER EXCLUSION OF SOURCES,MAFO,SUBJECT TO MULTIPLE AWARD FAIR OPPORTUNITY,,,NONE,NO PREFERENCE USED,,,FAIR,FAIR OPPORTUNITY GIVEN,,,4,D,COMMERCIAL PRODUCTS/SERVICES PROCEDURES NOT USED,f,N,NO,N,NO,X,NOT APPLICABLE,N,NO,,N,NO,N,NO,Y,YES,Y,YES,X,NOT APPLICABLE,,,B,IDC,M,MULTIPLE AWARD,,,,N,NO,,,N,N,U,UNKNOWN,D,NOT CONSOLIDATED,Y,YES - SERVICE WHERE PBA IS USED.,N,NO,Z,NOT APPLICABLE,N,NO,X,NOT APPLICABLE,f,f,f,f,f,f,f,f,f,f,f,f,f,f,f,f,f,f,f,SMALL BUSINESS,S,f,f,f,f,f,f,f,f,f,f,f,f,f,f,f,f,f,PARTNERSHIP,f,f,t,f,f,f,f,f,f,f,f,f,f,f,f,f,f,t,f,f,f,f,f,f,f,f,t,f,t,f,f,f,f,f,f,f,f,f,f,f,f,f,f,f,f,f,f,f,f,f,,,,,,,,,,,https://www.usaspending.gov/award/CONT_AWD_W912HN20F1021_9700_W912EP16D0008_9700/,2025-10-16
CONT_AWD_W912HN20F3009_9700_W912HN17D3003_9700,W912HN20F3009,9700,DEPT OF DEFENSE,W912HN17D3003,,,,,,41107812.00,,41107812.00,41107812.00,2020-09-30,2020,2025-08-27,2025,2020-10-15,2024-04-08,2024-04-08 00:00:00,,2020-09-08,097,Department of Defense,2100,Department of the Army,W912HN,W074 ENDIST SAVANNAH,097,Department of Defense,2100,Department of the Army,W33SJG,W2SR ENDIST SAVANNAH CW,,,,,X,NOT APPLICABLE,,,UENJB2AT8GJ9,,"SAND POINT SERVICES, LLC","SAND POINT SERVICES, LLC",,58MN2,UENJB2AT8GJ9,,"SAND POINT SERVICES, LLC",SAND POINT SERVICES  LLC,USA,UNITED STATES,3601 C ST STE 1000-20,,ANCHORAGE,02020,ANCHORAGE,02,AK,ALASKA,995035923,AK-00,AK-00,9076021012,9072782332,USA,UNITED STATES,HINESVILLE,13179,LIBERTY,13,GA,GEORGIA,313100003,GA-01,GA-01,AWARD,C,DELIVERY ORDER,,,,,,,J,FIRM FIXED PRICE,"REPAIR VOLAR BUILDING 514, 515, 516, 517 AT FT STEWART, GA",W912HN15R0002,1,"CL,CT","CLOSELY ASSOCIATED,CRITICAL FUNCTIONS",Z2FC,REPAIR OR ALTERATION OF TROOP HOUSING FACILITIES,H,NOT BUNDLED,C2,CONSTRUCTION,236220,COMMERCIAL AND INSTITUTIONAL BUILDING CONSTRUCTION,D,ENERGY EFFICIENT,A,U.S. OWNED BUSINESS,000,NONE,Z,NOT IT PRODUCTS OR SERVICES,A,MEETS REQUIREMENTS,USA,UNITED STATES,C,NOT A MANUFACTURED END PRODUCT,B,PLAN NOT REQUIRED,D,FULL AND OPEN COMPETITION AFTER EXCLUSION OF SOURCES,MAFO,SUBJECT TO MULTIPLE AWARD FAIR OPPORTUNITY,,,NONE,NO PREFERENCE USED,,,FAIR,FAIR OPPORTUNITY GIVEN,,,1,D,COMMERCIAL PRODUCTS/SERVICES PROCEDURES NOT USED,f,N,NO,N,NO,Y,YES,N,NO,,N,NO,X,NOT APPLICABLE,X,NOT APPLICABLE,Y,YES,X,NOT APPLICABLE,,,B,IDC,M,MULTIPLE AWARD,,,,N,NO,,,N,N,N,NO,D,NOT CONSOLIDATED,N,NO - SERVICE WHERE PBA IS NOT USED.,N,NO,Z,NOT APPLICABLE,N,NO,X,NOT APPLICABLE,t,f,f,f,f,f,f,f,f,f,f,f,t,f,f,f,f,t,f,SMALL BUSINESS,S,f,f,f,f,f,f,f,f,f,f,f,f,f,f,f,f,f,CORPORATE NOT TAX EXEMPT,t,f,f,f,f,f,f,f,f,f,f,f,f,f,f,f,f,f,f,f,f,f,f,f,f,f,t,f,t,f,f,f,f,f,f,f,f,f,f,f,f,f,f,f,f,t,f,t,f,f,,,,,,,,,,,https://www.usaspending.gov/award/CONT_AWD_W912HN20F3009_9700_W912HN17D3003_9700/,2025-08-27
CONT_AWD_W912HN21C3003_9700_-NONE-_-NONE-,W912HN21C3003,,,,Q: Not Designated Nonemergency/Emergency/Disaster/Wildfire Suppression,,,,,115341906.81,3281381.30,115341906.81,115341906.81,2021-04-02,2021,2025-07-10,2025,2021-04-09,2024-10-30,2024-10-30 00:00:00,,2020-12-02,097,Department of Defense,2100,Department of the Army,W912HN,W074 ENDIST SAVANNAH,097,Department of Defense,2100,Department of the Army,W33SJG,W2SR ENDIST SAVANNAH CW,021-2020/2024-2050-000;021-2021/2025-2050-000;021-2022/2026-2050-000,021-2050,32.0: Land and structures,0001: MAJOR CONSTRUCTION;0003: PLANNING AND DESIGN;0004: SUPPORT ACTIVITIES,X,NOT APPLICABLE,,,NWMLSEK4HXN3,,J KOKOLAKIS CONTRACTING INC,"J. KOKOLAKIS CONTRACTING, INC.",,0JNU4,P43URZ2KTYJ5,,"J. KOKOLAKIS CONTRACTING, INC.",J. KOKOLAKIS CONTRACTING  INC.,USA,UNITED STATES,202 E CENTER ST,,TARPON SPRINGS,12103,PINELLAS,12,FL,FLORIDA,346894360,FL-13,FL-13,7279422211,7279375708,USA,UNITED STATES,AUGUSTA,13245,RICHMOND,13,GA,GEORGIA,309050320,GA-12,GA-12,AWARD,D,DEFINITIVE CONTRACT,,,,,,,J,FIRM FIXED PRICE,MCA2 FORCE MODERNIZATION & PROPONENCY CENTER,W912HN21B3002,1,OT,OTHER FUNCTIONS,Y1CZ,CONSTRUCTION OF OTHER EDUCATIONAL BUILDINGS,H,NOT BUNDLED,C2,CONSTRUCTION,236220,COMMERCIAL AND INSTITUTIONAL BUILDING CONSTRUCTION,D,ENERGY EFFICIENT,A,U.S. OWNED BUSINESS,000,NONE,Z,NOT IT PRODUCTS OR SERVICES,E,NOT REQUIRED,USA,UNITED STATES,C,NOT A MANUFACTURED END PRODUCT,F,INDIVIDUAL SUBCONTRACT PLAN,A,FULL AND OPEN COMPETITION,SB,SEALED BID,NONE,NO SET ASIDE USED.,NONE,NO PREFERENCE USED,,,,,,,7,D,COMMERCIAL PRODUCTS/SERVICES PROCEDURES NOT USED,f,N,NO,N,NO,Y,YES,N,NO,0.00,N,NO,N,NO,N,NO,Y,YES,X,NOT APPLICABLE,,,,,,,,,,N,NO,X,NOT APPLICABLE EXEMPT FROM CAS,N,N,N,NO,D,NOT CONSOLIDATED,N,NO - SERVICE WHERE PBA IS NOT USED.,N,NO,C,PERCENTAGE OF COMPLETION PROGRESS PAYMENTS,N,NO,X,NOT APPLICABLE,f,f,f,f,f,f,f,f,f,f,f,f,f,f,f,f,f,f,f,OTHER THAN SMALL BUSINESS,O,f,f,f,f,f,f,f,f,f,f,f,f,f,f,f,f,f,CORPORATE NOT TAX EXEMPT,t,f,f,f,f,f,f,f,f,f,f,f,f,f,f,f,f,t,f,f,f,f,f,f,f,t,f,f,t,f,f,f,f,f,f,f,f,f,f,f,f,f,f,f,f,f,f,f,f,f,,,,,,,,,,,https://www.usaspending.gov/award/CONT_AWD_W912HN21C3003_9700_-NONE-_-NONE-/,2025-07-10
CONT_AWD_W912HN21C3004_9700_-NONE-_-NONE-,W912HN21C3004,,,,Q: Not Designated Nonemergency/Emergency/Disaster/Wildfire Suppression,,,,,66033394.44,4528078.78,66033394.44,66033394.44,2021-05-28,2021,2025-02-27,2025,2021-05-22,2025-07-14,2025-07-14 00:00:00,,2021-02-12,097,Department of Defense,2100,Department of the Army,W912HN,W074 ENDIST SAVANNAH,097,Department of Defense,2100,Department of the Army,W912HN,W074 ENDIST SAVANNAH,021-2019/2023-2050-000;021-2021/2025-2050-000,021-2050,32.0: Land and structures,0001: MAJOR CONSTRUCTION;0003: PLANNING AND DESIGN,X,NOT APPLICABLE,,,QXNSEJFDC1K3,,ACC CONSTRUCTION CO INC,"ACC CONSTRUCTION CO., INC.",,0FZ73,QXNSEJFDC1K3,,ACC CONSTRUCTION CO INC,ACC CONSTRUCTION CO  INC,USA,UNITED STATES,635 NW FRONTAGE RD STE A,,AUGUSTA,13245,RICHMOND,13,GA,GEORGIA,309073679,GA-12,GA-12,7068681037,7068681515,USA,UNITED STATES,AUGUSTA,13245,RICHMOND,13,GA,GEORGIA,309050002,GA-12,GA-12,AWARD,D,DEFINITIVE CONTRACT,,,,,,,J,FIRM FIXED PRICE,CONSTRUCT ADVANCE TRAINING FACILITY,W912HN21B3003,1,OT,OTHER FUNCTIONS,Y1FC,CONSTRUCTION OF TROOP HOUSING FACILITIES,H,NOT BUNDLED,C2,CONSTRUCTION,236220,COMMERCIAL AND INSTITUTIONAL BUILDING CONSTRUCTION,G,FAR 52.223-4 & ENERGY EFFICIENT,A,U.S. OWNED BUSINESS,000,NONE,Z,NOT IT PRODUCTS OR SERVICES,A,MEETS REQUIREMENTS,USA,UNITED STATES,C,NOT A MANUFACTURED END PRODUCT,F,INDIVIDUAL SUBCONTRACT PLAN,A,FULL AND OPEN COMPETITION,SB,SEALED BID,NONE,NO SET ASIDE USED.,NONE,NO PREFERENCE USED,,,,,,,6,D,COMMERCIAL PRODUCTS/SERVICES PROCEDURES NOT USED,f,N,NO,N,NO,X,NOT APPLICABLE,N,NO,0.00,N,NO,X,NOT APPLICABLE,X,NOT APPLICABLE,Y,YES,X,NOT APPLICABLE,,,,,,,,,,N,NO,X,NOT APPLICABLE EXEMPT FROM CAS,N,N,N,NO,D,NOT CONSOLIDATED,N,NO - SERVICE WHERE PBA IS NOT USED.,N,NO,A,FAR 52.232-16 PROGRESS PAYMENTS,N,NO,X,NOT APPLICABLE,f,f,f,f,f,f,f,f,f,f,f,f,f,f,f,f,f,f,f,OTHER THAN SMALL BUSINESS,O,f,f,f,f,f,f,f,f,f,f,f,f,f,f,f,f,f,CORPORATE NOT TAX EXEMPT,t,f,f,f,f,f,f,f,f,f,f,f,f,f,f,f,f,t,f,f,f,f,f,f,f,t,f,f,t,f,f,f,f,f,f,f,f,f,f,f,f,f,f,f,f,f,f,f,f,f,MASON H MCKNIGHTIII,0.00,MASON H MCKNIGHTIV,0.00,MATTHEW M MCKNIGHT,0.00,MARSHALL D MCKNIGHT,0.00,BERNARD S DUNSTAN III,0.00,https://www.usaspending.gov/award/CONT_AWD_W912HN21C3004_9700_-NONE-_-NONE-/,2025-02-27
CONT_AWD_W912HN21C3005_9700_-NONE-_-NONE-,W912HN21C3005,,,,Q: Not Designated Nonemergency/Emergency/Disaster/Wildfire Suppression,,,,,56519974.90,0.00,56519974.90,59629974.90,2021-06-15,2021,2025-08-26,2025,2021-06-25,2024-03-11,2024-03-11 00:00:00,,2021-01-06,097,Department of Defense,2100,Department of the Army,W912HN,W074 ENDIST SAVANNAH,097,Department of Defense,2100,Department of the Army,W33SJG,W2SR ENDIST SAVANNAH CW,021-2020/2024-2050-000,021-2050,32.0: Land and structures,0001: MAJOR CONSTRUCTION;0003: PLANNING AND DESIGN;0004: SUPPORT ACTIVITIES,X,NOT APPLICABLE,,,C1E1XRJ5XTK5,,"ZODIAC-POETTKER HBZ JOINT VENTURE II, LLC","ZODIAC-POETTKER HBZ JOINT VENTURE II, LLC",,8AT94,C1E1XRJ5XTK5,,"ZODIAC-POETTKER HBZ JOINT VENTURE II, LLC",ZODIAC-POETTKER HBZ JOINT VENTURE II  LLC,USA,UNITED STATES,7305 MARIETTA AVE,,SAINT LOUIS,29189,ST. LOUIS,29,MO,MISSOURI,631433101,MO-02,MO-02,6365360008,,USA,UNITED STATES,SAVANNAH,13051,CHATHAM,13,GA,GEORGIA,314011192,GA-01,GA-01,AWARD,D,DEFINITIVE CONTRACT,,,,,,,J,FIRM FIXED PRICE,BASE:HAAF HANGAR,W912HN20R3009,1,OT,OTHER FUNCTIONS,Y1BZ,CONSTRUCTION OF OTHER AIRFIELD STRUCTURES,H,NOT BUNDLED,C2,CONSTRUCTION,236220,COMMERCIAL AND INSTITUTIONAL BUILDING CONSTRUCTION,D,ENERGY EFFICIENT,A,U.S. OWNED BUSINESS,000,NONE,Z,NOT IT PRODUCTS OR SERVICES,A,MEETS REQUIREMENTS,USA,UNITED STATES,C,NOT A MANUFACTURED END PRODUCT,B,PLAN NOT REQUIRED,A,FULL AND OPEN COMPETITION,NP,NEGOTIATED PROPOSAL/QUOTE,NONE,NO SET ASIDE USED.,HZE,HUBZONE PRICE EVALUATION,,,,,,,5,D,COMMERCIAL PRODUCTS/SERVICES PROCEDURES NOT USED,f,N,NO,N,NO,Y,YES,N,NO,10.00,N,NO,N,NO,N,NO,Y,YES,X,NOT APPLICABLE,,,,,,,,,,N,NO,X,NOT APPLICABLE EXEMPT FROM CAS,N,N,N,NO,D,NOT CONSOLIDATED,N,NO - SERVICE WHERE PBA IS NOT USED.,N,NO,A,FAR 52.232-16 PROGRESS PAYMENTS,N,NO,X,NOT APPLICABLE,f,f,f,f,f,f,f,f,f,f,f,f,t,t,f,f,f,f,f,SMALL BUSINESS,S,f,f,f,f,f,f,f,f,f,f,f,f,f,f,f,f,f,PARTNERSHIP,f,f,t,f,f,f,f,f,f,f,f,f,f,f,f,f,f,t,f,f,f,f,f,f,f,f,f,f,t,f,f,f,f,f,f,f,f,f,f,f,f,f,f,f,f,t,f,f,f,f,,,,,,,,,,,https://www.usaspending.gov/award/CONT_AWD_W912HN21C3005_9700_-NONE-_-NONE-/,2025-08-26
CONT_AWD_W912HN21C3007_9700_-NONE-_-NONE-,W912HN21C3007,,,,Q: Not Designated Nonemergency/Emergency/Disaster/Wildfire Suppression,,,,,30854821.28,0.00,30854821.28,30854821.28,2021-09-23,2021,2025-04-24,2025,2021-09-23,2023-09-05,2023-09-05 00:00:00,,2021-07-30,097,Department of Defense,2100,Department of the Army,W912HN,W074 ENDIST SAVANNAH,097,Department of Defense,2100,Department of the Army,W912HN,W074 ENDIST SAVANNAH,021-2021/2025-2050-000,021-2050,32.0: Land and structures,0001: MAJOR CONSTRUCTION;0801: REIMBURSABLE,X,NOT APPLICABLE,,,UENJB2AT8GJ9,,"SAND POINT SERVICES, LLC","SAND POINT SERVICES, LLC",,58MN2,UENJB2AT8GJ9,,"SAND POINT SERVICES, LLC",SAND POINT SERVICES  LLC,USA,UNITED STATES,3601 C ST STE 1000-20,,ANCHORAGE,02020,ANCHORAGE,02,AK,ALASKA,995035923,AK-00,AK-00,9075704200,,USA,UNITED STATES,FORT BENNING,13053,CHATTAHOOCHEE,13,GA,GEORGIA,319050100,GA-02,GA-02,AWARD,D,DEFINITIVE CONTRACT,,,,,,,J,FIRM FIXED PRICE,REPAIR SECTION C,W912HN21B3007,1,OT,OTHER FUNCTIONS,Y1FC,CONSTRUCTION OF TROOP HOUSING FACILITIES,H,NOT BUNDLED,C2,CONSTRUCTION,236220,COMMERCIAL AND INSTITUTIONAL BUILDING CONSTRUCTION,C,NO CLAUSES INCLUDED AND NO SUSTAINABILITY INCLUDED,A,U.S. OWNED BUSINESS,000,NONE,Z,NOT IT PRODUCTS OR SERVICES,E,NOT REQUIRED,USA,UNITED STATES,C,NOT A MANUFACTURED END PRODUCT,B,PLAN NOT REQUIRED,A,FULL AND OPEN COMPETITION,SB,SEALED BID,NONE,NO SET ASIDE USED.,NONE,NO PREFERENCE USED,,,,,,,5,D,COMMERCIAL PRODUCTS/SERVICES PROCEDURES NOT USED,f,N,NO,N,NO,Y,YES,N,NO,0.00,N,NO,X,NOT APPLICABLE,X,NOT APPLICABLE,Y,YES,X,NOT APPLICABLE,,,,,,,,,,N,NO,X,NOT APPLICABLE EXEMPT FROM CAS,N,N,U,UNKNOWN,D,NOT CONSOLIDATED,N,NO - SERVICE WHERE PBA IS NOT USED.,N,NO,Z,NOT APPLICABLE,N,NO,X,NOT APPLICABLE,t,f,f,f,f,f,f,f,f,f,f,f,t,f,f,f,f,t,f,SMALL BUSINESS,S,f,f,f,f,f,f,f,f,f,f,f,f,f,f,f,f,f,CORPORATE NOT TAX EXEMPT,t,f,f,f,f,f,f,f,f,f,f,f,f,f,f,f,f,t,f,f,f,f,f,f,f,f,t,f,t,f,f,f,f,f,f,f,f,f,f,f,f,f,f,f,f,t,f,f,f,f,,,,,,,,,,,https://www.usaspending.gov/award/CONT_AWD_W912HN21C3007_9700_-NONE-_-NONE-/,2025-04-24
CONT_AWD_W912HN22C3000_9700_-NONE-_-NONE-,W912HN22C3000,,,,Q: Not Designated Nonemergency/Emergency/Disaster/Wildfire Suppression,,,,,24558347.17,0.00,24558347.17,24558347.17,2021-11-09,2022,2025-07-16,2025,2021-11-04,2024-04-17,2024-04-17 00:00:00,,2021-07-26,097,Department of Defense,2100,Department of the Army,W912HN,W074 ENDIST SAVANNAH,097,Department of Defense,2100,Department of the Army,W912HN,W074 ENDIST SAVANNAH,021-2021/2025-2050-000;021-2022/2026-2050-000,021-2050,32.0: Land and structures,0001: MAJOR CONSTRUCTION;0801: REIMBURSABLE,X,NOT APPLICABLE,,,LTJ1KM3SKHC9,,"ASHFORD LEEBCOR ENTERPRISES V, LLC","ASHFORD LEEBCOR ENTERPRISES V, LLC",,92A61,LTJ1KM3SKHC9,,"ASHFORD LEEBCOR ENTERPRISES V, LLC",ASHFORD LEEBCOR ENTERPRISES V  LLC,USA,UNITED STATES,430 MCLAWS CIR,,WILLIAMSBURG,51095,JAMES CITY,51,VA,VIRGINIA,231855655,VA-01,VA-01,2147334813,,USA,UNITED STATES,AUGUSTA,13245,RICHMOND,13,GA,GEORGIA,309050007,GA-12,GA-12,AWARD,D,DEFINITIVE CONTRACT,,,,,,,J,FIRM FIXED PRICE,RENOVATION OF THE FACILITY,W912HN21B3008,1,OT,OTHER FUNCTIONS,Y1CZ,CONSTRUCTION OF OTHER EDUCATIONAL BUILDINGS,H,NOT BUNDLED,C2,CONSTRUCTION,236220,COMMERCIAL AND INSTITUTIONAL BUILDING CONSTRUCTION,D,ENERGY EFFICIENT,A,U.S. OWNED BUSINESS,000,NONE,Z,NOT IT PRODUCTS OR SERVICES,E,NOT REQUIRED,USA,UNITED STATES,C,NOT A MANUFACTURED END PRODUCT,B,PLAN NOT REQUIRED,A,FULL AND OPEN COMPETITION,SB,SEALED BID,NONE,NO SET ASIDE USED.,HZE,HUBZONE PRICE EVALUATION,,,,,,,6,D,COMMERCIAL PRODUCTS/SERVICES PROCEDURES NOT USED,f,N,NO,N,NO,Y,YES,N,NO,10.00,N,NO,X,NOT APPLICABLE,N,NO,Y,YES,X,NOT APPLICABLE,,,,,,,,,,N,NO,X,NOT APPLICABLE EXEMPT FROM CAS,N,N,U,UNKNOWN,D,NOT CONSOLIDATED,N,NO - SERVICE WHERE PBA IS NOT USED.,N,NO,C,PERCENTAGE OF COMPLETION PROGRESS PAYMENTS,N,NO,X,NOT APPLICABLE,f,t,f,f,f,f,f,t,t,t,t,t,t,f,f,f,f,t,f,SMALL BUSINESS,S,f,f,f,f,f,f,f,f,f,f,f,f,f,f,f,f,f,PARTNERSHIP,f,f,t,f,f,f,f,f,f,f,f,f,f,f,f,f,f,t,f,f,f,f,f,f,f,f,t,f,t,f,f,f,f,f,f,f,f,f,f,f,f,f,f,f,f,t,f,f,f,f,,,,,,,,,,,https://www.usaspending.gov/award/CONT_AWD_W912HN22C3000_9700_-NONE-_-NONE-/,2025-07-16
CONT_AWD_W912HN22C3002_9700_-NONE-_-NONE-,W912HN22C3002,,,,Q: Not Designated Nonemergency/Emergency/Disaster/Wildfire Suppression,,,,,75531909.00,11900000.00,75531909.00,75531909.00,2022-03-15,2022,2025-09-15,2025,2022-04-15,2026-03-16,2026-03-16 00:00:00,,2021-12-30,097,Department of Defense,2100,Department of the Army,W912HN,W074 ENDIST SAVANNAH,097,Department of Defense,2100,Department of the Army,W33SJG,W2SR ENDIST SAVANNAH CW,021-2022/2026-2050-000,021-2050,32.0: Land and structures,0001: MAJOR CONSTRUCTION;0801: REIMBURSABLE,X,NOT APPLICABLE,,,QXNSEJFDC1K3,,ACC CONSTRUCTION CO INC,"ACC CONSTRUCTION CO., INC.",ACC CONSTRUCTION COMPANY,0FZ73,QXNSEJFDC1K3,,ACC CONSTRUCTION CO INC,ACC CONSTRUCTION CO  INC,USA,UNITED STATES,635 NW FRONTAGE RD STE A,,AUGUSTA,13245,RICHMOND,13,GA,GEORGIA,309073679,GA-12,GA-12,7068681037,7068681515,USA,UNITED STATES,WARNER ROBINS,13153,HOUSTON,13,GA,GEORGIA,310981027,GA-02,GA-02,AWARD,D,DEFINITIVE CONTRACT,,,,,,,J,FIRM FIXED PRICE,"ADVANCED BATTLE MANAGEMENT OPS FACILITY TO 5-FT LINE, COMPLETE",W912HN22B3001,1,OT,OTHER FUNCTIONS,Y1BZ,CONSTRUCTION OF OTHER AIRFIELD STRUCTURES,H,NOT BUNDLED,C2,CONSTRUCTION,236220,COMMERCIAL AND INSTITUTIONAL BUILDING CONSTRUCTION,D,ENERGY EFFICIENT,A,U.S. OWNED BUSINESS,000,NONE,Z,NOT IT PRODUCTS OR SERVICES,A,MEETS REQUIREMENTS,USA,UNITED STATES,C,NOT A MANUFACTURED END PRODUCT,F,INDIVIDUAL SUBCONTRACT PLAN,A,FULL AND OPEN COMPETITION,SB,SEALED BID,NONE,NO SET ASIDE USED.,NONE,NO PREFERENCE USED,,,,,,,4,D,COMMERCIAL PRODUCTS/SERVICES PROCEDURES NOT USED,f,N,NO,N,NO,Y,YES,N,NO,0.00,N,NO,X,NOT APPLICABLE,X,NOT APPLICABLE,Y,YES,X,NOT APPLICABLE,,,,,,,,,,N,NO,X,NOT APPLICABLE EXEMPT FROM CAS,N,N,N,NO,D,NOT CONSOLIDATED,N,NO - SERVICE WHERE PBA IS NOT USED.,N,NO,Z,NOT APPLICABLE,N,NO,X,NOT APPLICABLE,f,f,f,f,f,f,f,f,f,f,f,f,f,f,f,f,f,f,f,OTHER THAN SMALL BUSINESS,O,f,f,f,f,f,f,f,f,f,f,f,f,f,f,f,f,f,CORPORATE NOT TAX EXEMPT,t,f,f,f,f,f,f,f,f,f,f,f,f,f,f,f,f,t,f,f,f,f,f,f,f,t,f,f,t,f,f,f,f,f,f,f,f,f,f,f,f,f,f,f,f,f,f,f,f,f,MASON H MCKNIGHTIII,0.00,MASON H MCKNIGHTIV,0.00,MATTHEW M MCKNIGHT,0.00,MARSHALL D MCKNIGHT,0.00,BERNARD S DUNSTAN III,0.00,https://www.usaspending.gov/award/CONT_AWD_W912HN22C3002_9700_-NONE-_-NONE-/,2025-09-15
CONT_AWD_W912HN22C3003_9700_-NONE-_-NONE-,W912HN22C3003,,,,Q: Not Designated Nonemergency/Emergency/Disaster/Wildfire Suppression,,,,,23120740.36,0.00,23120740.36,23120740.36,2022-09-23,2022,2025-07-21,2025,2022-10-05,2025-06-12,2025-06-12 00:00:00,,2022-08-10,097,Department of Defense,2100,Department of the Army,W912HN,W074 ENDIST SAVANNAH,097,Department of Defense,2100,Department of the Army,W912HN,W074 ENDIST SAVANNAH,021-2022/2026-2050-000,021-2050,32.0: Land and structures,0801: REIMBURSABLE,X,NOT APPLICABLE,,,VRAHG9BDXCP9,,"4K GLOBAL-ACC JV, LLC",4K GLOBAL-ACC JV LLC,,7VUA6,VRAHG9BDXCP9,,"4K GLOBAL-ACC JV, LLC",4K GLOBAL-ACC JV  LLC,USA,UNITED STATES,635A NW FRONTAGE RD,,AUGUSTA,13245,RICHMOND,13,GA,GEORGIA,309073679,GA-12,GA-12,7068681037,,USA,UNITED STATES,FORT GORDON,13245,RICHMOND,13,GA,GEORGIA,309055136,GA-12,GA-12,AWARD,D,DEFINITIVE CONTRACT,,,,,,,J,FIRM FIXED PRICE,RENOVATION OF THE FACILITY .,W912HN22B3003,1,OT,OTHER FUNCTIONS,Y1CZ,CONSTRUCTION OF OTHER EDUCATIONAL BUILDINGS,H,NOT BUNDLED,C2,CONSTRUCTION,236220,COMMERCIAL AND INSTITUTIONAL BUILDING CONSTRUCTION,C,NO CLAUSES INCLUDED AND NO SUSTAINABILITY INCLUDED,A,U.S. OWNED BUSINESS,000,NONE,Z,NOT IT PRODUCTS OR SERVICES,E,NOT REQUIRED,USA,UNITED STATES,C,NOT A MANUFACTURED END PRODUCT,B,PLAN NOT REQUIRED,A,FULL AND OPEN COMPETITION,SB,SEALED BID,NONE,NO SET ASIDE USED.,NONE,NO PREFERENCE USED,,,,,,,2,D,COMMERCIAL PRODUCTS/SERVICES PROCEDURES NOT USED,f,N,NO,N,NO,Y,YES,N,NO,0.00,N,NO,X,NOT APPLICABLE,X,NOT APPLICABLE,Y,YES,X,NOT APPLICABLE,,,,,,,,,,N,NO,X,NOT APPLICABLE EXEMPT FROM CAS,N,N,U,UNKNOWN,D,NOT CONSOLIDATED,N,NO - SERVICE WHERE PBA IS NOT USED.,N,NO,A,FAR 52.232-16 PROGRESS PAYMENTS,N,NO,X,NOT APPLICABLE,f,f,f,f,f,f,f,f,f,f,t,f,f,f,f,f,f,f,f,SMALL BUSINESS,S,f,f,f,f,f,f,f,f,f,f,f,f,f,f,f,f,f,PARTNERSHIP,f,f,t,f,f,f,f,f,f,f,f,f,f,f,f,f,f,t,f,f,f,f,f,f,f,f,t,f,t,f,f,f,f,f,f,f,f,f,f,f,f,f,f,f,f,f,f,f,f,f,MOLLY  SAPP,0.00,BOBBY  BLUMENTHAL,170000.00,NOT APPLICABLE  NOT APPLICABLE,0.00,NOT APPLICABLE  NOT APPLICABLE,0.00,NOT APPLICABLE  NOT APPLICABLE,0.00,https://www.usaspending.gov/award/CONT_AWD_W912HN22C3003_9700_-NONE-_-NONE-/,2025-07-21
CONT_AWD_W912HN22C4005_9700_-NONE-_-NONE-,W912HN22C4005,,,,Q: Not Designated Nonemergency/Emergency/Disaster/Wildfire Suppression,,,,,29390541.00,1325077.72,29390541.00,29390541.00,2022-09-28,2022,2025-08-18,2025,2022-09-28,2026-04-30,2026-04-30 00:00:00,,2022-08-23,097,Department of Defense,2100,Department of the Army,W912HN,W074 ENDIST SAVANNAH,097,Department of Defense,2100,Department of the Army,W33SJG,W2SR ENDIST SAVANNAH CW,021-2022/2026-2050-000,021-2050,32.0: Land and structures,0801: REIMBURSABLE,X,NOT APPLICABLE,,,H2H4PDV4ALJ6,,GCI-SAC JV LLC,GCI-SAC JV LLC,,92DJ3,H2H4PDV4ALJ6,,GCI-SAC JV LLC,GCI-SAC JV LLC,USA,UNITED STATES,426 EDGEWOOD AVE S,,JACKSONVILLE,12031,DUVAL,12,FL,FLORIDA,322543728,FL-04,FL-04,4782560282,,USA,UNITED STATES,FORT BENNING,13215,MUSCOGEE,13,GA,GEORGIA,319057049,GA-02,GA-02,AWARD,D,DEFINITIVE CONTRACT,,,,,,,J,FIRM FIXED PRICE,"CONTRACT IS TO REPAIR/REPLACE HEATING, VENTILATION, AND AIR CONDITIONING SYSTEMS IN BUILDINGS 3405 AND 3425 AT FORT BENNING GEORGIA.",W912HN22B4003,1,OT,OTHER FUNCTIONS,Z2NB,REPAIR OR ALTERATION OF HEATING AND COOLING PLANTS,H,NOT BUNDLED,C2,CONSTRUCTION,238220,"PLUMBING, HEATING, AND AIR-CONDITIONING CONTRACTORS",B,FAR 52.223-4 AND FAR 52.223-9 INCLUDED,A,U.S. OWNED BUSINESS,000,NONE,Z,NOT IT PRODUCTS OR SERVICES,A,MEETS REQUIREMENTS,USA,UNITED STATES,C,NOT A MANUFACTURED END PRODUCT,B,PLAN NOT REQUIRED,A,FULL AND OPEN COMPETITION,SB,SEALED BID,NONE,NO SET ASIDE USED.,HZE,HUBZONE PRICE EVALUATION,,,,,,,3,D,COMMERCIAL PRODUCTS/SERVICES PROCEDURES NOT USED,f,N,NO,N,NO,X,NOT APPLICABLE,N,NO,0.00,N,NO,N,NO,N,NO,Y,YES,X,NOT APPLICABLE,,,,,,,,,,N,NO,X,NOT APPLICABLE EXEMPT FROM CAS,N,N,U,UNKNOWN,D,NOT CONSOLIDATED,Y,YES - SERVICE WHERE PBA IS USED.,N,NO,A,FAR 52.232-16 PROGRESS PAYMENTS,N,NO,X,NOT APPLICABLE,f,f,f,f,f,f,f,f,f,f,f,f,f,f,f,f,f,f,f,SMALL BUSINESS,S,f,f,f,f,f,f,f,f,f,f,f,f,f,f,f,f,f,PARTNERSHIP,f,f,t,f,f,f,f,f,f,f,f,f,f,f,f,f,f,t,f,f,f,f,f,f,f,f,t,f,t,f,f,f,f,f,f,f,f,f,f,f,f,f,f,f,f,f,f,f,f,f,,,,,,,,,,,https://www.usaspending.gov/award/CONT_AWD_W912HN22C4005_9700_-NONE-_-NONE-/,2025-08-18
CONT_AWD_W912HN23C3001_9700_-NONE-_-NONE-,W912HN23C3001,,,,Q: Not Designated Nonemergency/Emergency/Disaster/Wildfire Suppression,,,,,70790403.00,0.00,70893767.00,71159767.00,2022-12-16,2023,2025-10-22,2026,2022-12-23,2025-12-16,2025-12-16 00:00:00,,2022-03-08,097,Department of Defense,2100,Department of the Army,W912HN,W074 ENDIST SAVANNAH,097,Department of Defense,2100,Department of the Army,W33SJG,W2SR ENDIST SAVANNAH CW,097-2020/2024-0500-000;097-2021/2025-0500-000;097-2022/2026-0500-000,097-0500,32.0: Land and structures,0003: PLANNING & DESIGN;0020: UNDISTRIBUTED,X,NOT APPLICABLE,,,SBVUVJ2G3NL4,,"SAUER CONSTRUCTION, LLC","SAUER CONSTRUCTION, LLC",,0DX52,FQ7GFK8RDCY3,,"SAUER HOLDINGS, INC.",SAUER CONSTRUCTION  LLC,USA,UNITED STATES,6621 SOUTHPOINT DR N STE 200,,JACKSONVILLE,12031,DUVAL,12,FL,FLORIDA,322160952,FL-05,FL-05,9042626444,9042627774,USA,UNITED STATES,FORT BENNING,13053,CHATTAHOOCHEE,13,GA,GEORGIA,319054503,GA-02,GA-02,AWARD,D,DEFINITIVE CONTRACT,,,,,,,J,FIRM FIXED PRICE,CONSTRUCTION SOF BATTALION HQ,W912HN22R3004,1,OT,OTHER FUNCTIONS,Y1AZ,CONSTRUCTION OF OTHER ADMINISTRATIVE FACILITIES AND SERVICE BUILDINGS,H,NOT BUNDLED,,,236220,COMMERCIAL AND INSTITUTIONAL BUILDING CONSTRUCTION,F,ENVIRONMENTALLY PREFERABLE,A,U.S. OWNED BUSINESS,000,NONE,Z,NOT IT PRODUCTS OR SERVICES,E,NOT REQUIRED,USA,UNITED STATES,C,NOT A MANUFACTURED END PRODUCT,F,INDIVIDUAL SUBCONTRACT PLAN,A,FULL AND OPEN COMPETITION,SB,SEALED BID,NONE,NO SET ASIDE USED.,NONE,NO PREFERENCE USED,,,,,,,4,D,COMMERCIAL PRODUCTS/SERVICES PROCEDURES NOT USED,f,N,NO,,,Y,YES,N,NO,0.00,N,NO,N,NO,N,NO,Y,YES,X,NOT APPLICABLE,,,,,,,,,,N,NO,Y,YES - CAS CLAUSE INCLUDED,N,N,U,UNKNOWN,D,NOT CONSOLIDATED,N,NO - SERVICE WHERE PBA IS NOT USED.,N,NO,Z,NOT APPLICABLE,N,NO,X,NOT APPLICABLE,f,f,f,f,f,f,f,f,f,f,f,f,f,f,f,f,f,f,f,OTHER THAN SMALL BUSINESS,O,f,f,f,f,f,f,f,f,f,f,f,f,f,f,f,f,f,CORPORATE NOT TAX EXEMPT,t,f,f,f,f,f,f,f,f,f,f,f,f,f,f,f,f,t,f,f,f,f,f,f,f,f,t,f,t,f,f,f,f,f,f,f,f,f,f,f,f,f,f,f,f,f,f,f,f,f,,,,,,,,,,,https://www.usaspending.gov/award/CONT_AWD_W912HN23C3001_9700_-NONE-_-NONE-/,2025-10-22
CONT_AWD_W912HN23C3002_9700_-NONE-_-NONE-,W912HN23C3002,,,,Q: Not Designated Nonemergency/Emergency/Disaster/Wildfire Suppression,,,,,102251644.00,0.00,102251644.00,103521935.00,2023-01-12,2023,2025-09-18,2025,2023-02-01,2027-01-09,2027-01-09 00:00:00,,2022-09-13,097,Department of Defense,2100,Department of the Army,W912HN,W074 ENDIST SAVANNAH,097,Department of Defense,2100,Department of the Army,W33SJG,W2SR ENDIST SAVANNAH CW,021-2023/2027-2050-000,021-2050,32.0: Land and structures,0801: REIMBURSABLE,X,NOT APPLICABLE,,,QXNSEJFDC1K3,,ACC CONSTRUCTION CO INC,"ACC CONSTRUCTION CO., INC.",,0FZ73,QXNSEJFDC1K3,,ACC CONSTRUCTION CO INC,ACC CONSTRUCTION CO  INC,USA,UNITED STATES,635 NW FRONTAGE RD STE A,,AUGUSTA,13245,RICHMOND,13,GA,GEORGIA,309073679,GA-12,GA-12,7068681037,7068681515,USA,UNITED STATES,WARNER ROBINS,13153,HOUSTON,13,GA,GEORGIA,310981027,GA-02,GA-02,AWARD,D,DEFINITIVE CONTRACT,,,,,,,J,FIRM FIXED PRICE,ABMS FACILITY HANGAR,W912HN22B3005,1,OT,OTHER FUNCTIONS,Y1BZ,CONSTRUCTION OF OTHER AIRFIELD STRUCTURES,H,NOT BUNDLED,,,236220,COMMERCIAL AND INSTITUTIONAL BUILDING CONSTRUCTION,F,ENVIRONMENTALLY PREFERABLE,A,U.S. OWNED BUSINESS,000,NONE,Z,NOT IT PRODUCTS OR SERVICES,E,NOT REQUIRED,USA,UNITED STATES,C,NOT A MANUFACTURED END PRODUCT,F,INDIVIDUAL SUBCONTRACT PLAN,A,FULL AND OPEN COMPETITION,SB,SEALED BID,NONE,NO SET ASIDE USED.,NONE,NO PREFERENCE USED,,,,,,,3,D,COMMERCIAL PRODUCTS/SERVICES PROCEDURES NOT USED,f,N,NO,,,X,NOT APPLICABLE,N,NO,0.00,N,NO,X,NOT APPLICABLE,X,NOT APPLICABLE,Y,YES,X,NOT APPLICABLE,,,,,,,,,,N,NO,X,NOT APPLICABLE EXEMPT FROM CAS,N,N,N,NO,D,NOT CONSOLIDATED,Y,YES - SERVICE WHERE PBA IS USED.,N,NO,Z,NOT APPLICABLE,N,NO,X,NOT APPLICABLE,f,f,f,f,f,f,f,f,f,f,f,f,f,f,f,f,f,f,f,OTHER THAN SMALL BUSINESS,O,f,f,f,f,f,f,f,f,f,f,f,f,f,f,f,f,f,CORPORATE NOT TAX EXEMPT,t,f,f,f,f,f,f,f,f,f,f,f,f,f,f,f,f,t,f,f,f,f,f,f,f,t,f,f,t,f,f,f,f,f,f,f,f,f,f,f,f,f,f,f,f,f,f,f,f,f,MASON H MCKNIGHTIII,0.00,MASON H MCKNIGHTIV,0.00,MATTHEW M MCKNIGHT,0.00,MARSHALL D MCKNIGHT,0.00,BERNARD S DUNSTAN III,0.00,https://www.usaspending.gov/award/CONT_AWD_W912HN23C3002_9700_-NONE-_-NONE-/,2025-09-18
CONT_AWD_W912HN23C3005_9700_-NONE-_-NONE-,W912HN23C3005,,,,Q: Not Designated Nonemergency/Emergency/Disaster/Wildfire Suppression,,,,,38580157.90,0.00,38580157.90,38580157.90,2023-07-27,2023,2025-09-15,2025,2023-08-05,2026-07-13,2026-07-13 00:00:00,,2023-07-21,097,Department of Defense,2100,Department of the Army,W912HN,W074 ENDIST SAVANNAH,097,Department of Defense,2100,Department of the Army,W33SJG,W2SR ENDIST SAVANNAH CW,021-2023/2027-2050-000,021-2050,32.0: Land and structures,0801: REIMBURSABLE,X,NOT APPLICABLE,,,MXD8AHCA17C4,,"COPPER CONSTRUCTION COMPANY, INC.",COPPER CONSTRUCTION CO INC,,1T1N5,MXD8AHCA17C4,,"COPPER CONSTRUCTION COMPANY, INC.",COPPER CONSTRUCTION COMPANY  INC.,USA,UNITED STATES,410 MCINTOSH ST,,VIDALIA,13279,TOOMBS,13,GA,GEORGIA,304743111,GA-12,GA-12,9125376420,9125373214,USA,UNITED STATES,FORT BENNING,13053,CHATTAHOOCHEE,13,GA,GEORGIA,319054503,GA-02,GA-02,AWARD,D,DEFINITIVE CONTRACT,,,,,,,J,FIRM FIXED PRICE,"REPAIR SECTION F, BUILDING 17 - PH I",W912HN23B3002,1,OT,OTHER FUNCTIONS,Z2FC,REPAIR OR ALTERATION OF TROOP HOUSING FACILITIES,H,NOT BUNDLED,,,236220,COMMERCIAL AND INSTITUTIONAL BUILDING CONSTRUCTION,C,NO CLAUSES INCLUDED AND NO SUSTAINABILITY INCLUDED,A,U.S. OWNED BUSINESS,000,NONE,Z,NOT IT PRODUCTS OR SERVICES,A,MEETS REQUIREMENTS,USA,UNITED STATES,C,NOT A MANUFACTURED END PRODUCT,B,PLAN NOT REQUIRED,D,FULL AND OPEN COMPETITION AFTER EXCLUSION OF SOURCES,SB,SEALED BID,SBA,SMALL BUSINESS SET ASIDE - TOTAL,NONE,NO PREFERENCE USED,,,,,,,2,D,COMMERCIAL PRODUCTS/SERVICES PROCEDURES NOT USED,f,N,NO,,,Y,YES,N,NO,0.00,N,NO,X,NOT APPLICABLE,X,NOT APPLICABLE,Y,YES,X,NOT APPLICABLE,,,,,,,,,,N,NO,X,NOT APPLICABLE EXEMPT FROM CAS,N,N,,,D,NOT CONSOLIDATED,N,NO - SERVICE WHERE PBA IS NOT USED.,N,NO,A,FAR 52.232-16 PROGRESS PAYMENTS,N,NO,X,NOT APPLICABLE,f,f,f,f,f,f,f,t,t,f,f,f,f,f,f,f,f,f,f,SMALL BUSINESS,S,f,f,f,f,f,f,f,f,f,f,f,f,f,f,f,f,f,CORPORATE NOT TAX EXEMPT,t,f,f,f,f,f,f,f,f,f,f,f,f,f,f,f,f,t,f,f,f,f,f,f,f,t,f,f,t,f,f,f,f,f,f,f,f,f,f,f,f,f,f,f,f,f,f,f,f,f,,,,,,,,,,,https://www.usaspending.gov/award/CONT_AWD_W912HN23C3005_9700_-NONE-_-NONE-/,2025-09-15
CONT_AWD_W912HN23C4002_9700_-NONE-_-NONE-,W912HN23C4002,,,,Q: Not Designated Nonemergency/Emergency/Disaster/Wildfire Suppression,,,,,49357642.00,0.00,49357642.00,49357642.00,2023-08-07,2023,2025-02-25,2025,2023-08-30,2025-12-16,2025-12-16 00:00:00,,2023-06-13,097,Department of Defense,2100,Department of the Army,W912HN,W074 ENDIST SAVANNAH,097,Department of Defense,2100,Department of the Army,W33SJG,W2SR ENDIST SAVANNAH CW,021-2023/2027-2050-000,021-2050,32.0: Land and structures,0801: REIMBURSABLE,X,NOT APPLICABLE,,,WCQDFZRLMXY4,,"ROUNDHOUSE PBN, LLC","ROUNDHOUSE PBN, LLC",,61GH7,EGDZEKKT3JG7,,"ROUNDHOUSE PBN, LLC",ROUNDHOUSE PBN  LLC,USA,UNITED STATES,104 PARK DR,,WARNER ROBINS,13153,HOUSTON,13,GA,GEORGIA,310885167,GA-08,GA-02,4782732252,,USA,UNITED STATES,FORT BENNING,13053,CHATTAHOOCHEE,13,GA,GEORGIA,319054503,GA-02,GA-02,AWARD,D,DEFINITIVE CONTRACT,,,,,,,J,FIRM FIXED PRICE,"REPAIR SECTION E, BUILDING 399",W912HN23B4000,1,OT,OTHER FUNCTIONS,Z2FC,REPAIR OR ALTERATION OF TROOP HOUSING FACILITIES,H,NOT BUNDLED,,,236220,COMMERCIAL AND INSTITUTIONAL BUILDING CONSTRUCTION,B,FAR 52.223-4 AND FAR 52.223-9 INCLUDED,A,U.S. OWNED BUSINESS,000,NONE,Z,NOT IT PRODUCTS OR SERVICES,A,MEETS REQUIREMENTS,USA,UNITED STATES,C,NOT A MANUFACTURED END PRODUCT,B,PLAN NOT REQUIRED,D,FULL AND OPEN COMPETITION AFTER EXCLUSION OF SOURCES,SB,SEALED BID,SBA,SMALL BUSINESS SET ASIDE - TOTAL,NONE,NO PREFERENCE USED,,,,,,,4,D,COMMERCIAL PRODUCTS/SERVICES PROCEDURES NOT USED,f,N,NO,,,Y,YES,N,NO,0.00,N,NO,N,NO,N,NO,Y,YES,X,NOT APPLICABLE,,,,,,,,,,N,NO,X,NOT APPLICABLE EXEMPT FROM CAS,N,N,,,D,NOT CONSOLIDATED,Y,YES - SERVICE WHERE PBA IS USED.,N,NO,A,FAR 52.232-16 PROGRESS PAYMENTS,N,NO,X,NOT APPLICABLE,f,f,f,f,t,f,f,f,f,f,f,f,t,f,f,f,f,t,f,SMALL BUSINESS,S,f,f,f,f,f,f,f,f,f,f,f,f,f,f,f,f,f,CORPORATE TAX EXEMPT,f,t,f,f,f,f,f,f,f,f,f,f,f,f,f,f,f,t,f,f,f,f,f,f,f,f,t,f,t,f,f,f,f,f,f,f,f,f,f,f,f,f,f,f,f,t,f,t,f,f,ERIC  ANANIA,217000.00,,,,,,,,,https://www.usaspending.gov/award/CONT_AWD_W912HN23C4002_9700_-NONE-_-NONE-/,2025-02-25
CONT_AWD_W912HN23C4004_9700_-NONE-_-NONE-,W912HN23C4004,,,,Q: Not Designated Nonemergency/Emergency/Disaster/Wildfire Suppression,,,,,30741605.00,0.00,30741605.00,30741605.00,2023-09-26,2023,2025-08-14,2025,2023-09-26,2026-01-04,2026-01-04 00:00:00,,2023-07-07,097,Department of Defense,2100,Department of the Army,W912HN,W074 ENDIST SAVANNAH,097,Department of Defense,2100,Department of the Army,W33SJG,W2SR ENDIST SAVANNAH CW,021-2023/2027-2050-000,021-2050,32.0: Land and structures,0801: REIMBURSABLE,X,NOT APPLICABLE,,,VRAHG9BDXCP9,,"4K GLOBAL-ACC JV, LLC",4K GLOBAL-ACC JV LLC,,7VUA6,VRAHG9BDXCP9,,"4K GLOBAL-ACC JV, LLC",4K GLOBAL-ACC JV  LLC,USA,UNITED STATES,635 NW FRONTAGE RD,STE A,AUGUSTA,13245,RICHMOND,13,GA,GEORGIA,309073679,GA-12,GA-12,7068681037,,USA,UNITED STATES,AUGUSTA,13245,RICHMOND,13,GA,GEORGIA,309050001,GA-12,GA-12,AWARD,D,DEFINITIVE CONTRACT,,,,,,,J,FIRM FIXED PRICE,ST-22092-3P GEORGIA POWER,W912HN23B4001,1,OT,OTHER FUNCTIONS,Y1JZ,CONSTRUCTION OF MISCELLANEOUS BUILDINGS,H,NOT BUNDLED,,,236220,COMMERCIAL AND INSTITUTIONAL BUILDING CONSTRUCTION,C,NO CLAUSES INCLUDED AND NO SUSTAINABILITY INCLUDED,A,U.S. OWNED BUSINESS,000,NONE,Z,NOT IT PRODUCTS OR SERVICES,A,MEETS REQUIREMENTS,USA,UNITED STATES,C,NOT A MANUFACTURED END PRODUCT,B,PLAN NOT REQUIRED,D,FULL AND OPEN COMPETITION AFTER EXCLUSION OF SOURCES,SB,SEALED BID,SBA,SMALL BUSINESS SET ASIDE - TOTAL,NONE,NO PREFERENCE USED,,,,,,,4,D,COMMERCIAL PRODUCTS/SERVICES PROCEDURES NOT USED,f,N,NO,,,Y,YES,N,NO,0.00,N,NO,X,NOT APPLICABLE,X,NOT APPLICABLE,Y,YES,X,NOT APPLICABLE,,,,,,,,,,N,NO,X,NOT APPLICABLE EXEMPT FROM CAS,N,N,,,D,NOT CONSOLIDATED,N,NO - SERVICE WHERE PBA IS NOT USED.,N,NO,Z,NOT APPLICABLE,N,NO,X,NOT APPLICABLE,f,f,f,f,f,f,f,f,f,f,t,f,f,f,f,f,f,f,f,SMALL BUSINESS,S,f,f,f,f,f,f,f,f,f,f,f,f,f,f,f,f,f,PARTNERSHIP,f,f,t,f,f,f,f,f,f,f,f,f,f,f,f,f,f,t,f,f,f,f,f,f,f,f,t,f,t,f,f,f,f,f,f,f,f,f,f,f,f,f,f,f,f,f,f,f,f,f,MOLLY  SAPP,0.00,BOBBY  BLUMENTHAL,170000.00,NOT APPLICABLE  NOT APPLICABLE,0.00,NOT APPLICABLE  NOT APPLICABLE,0.00,NOT APPLICABLE  NOT APPLICABLE,0.00,https://www.usaspending.gov/award/CONT_AWD_W912HN23C4004_9700_-NONE-_-NONE-/,2025-08-14
CONT_AWD_W912HN23C4005_9700_-NONE-_-NONE-,W912HN23C4005,,,,Q: Not Designated Nonemergency/Emergency/Disaster/Wildfire Suppression,,,,,38008945.00,0.00,38008945.00,38008945.00,2023-09-29,2023,2025-08-25,2025,2023-09-29,2026-03-12,2026-03-12 00:00:00,,2023-06-22,097,Department of Defense,2100,Department of the Army,W912HN,W074 ENDIST SAVANNAH,097,Department of Defense,2100,Department of the Army,W33SJG,W2SR ENDIST SAVANNAH CW,021-2023/2027-2050-000;021-2024/2028-2050-000,021-2050,32.0: Land and structures,0801: REIMBURSABLE,X,NOT APPLICABLE,,,VRAHG9BDXCP9,,"4K GLOBAL-ACC JV, LLC",4K GLOBAL-ACC JV LLC,,7VUA6,VRAHG9BDXCP9,,"4K GLOBAL-ACC JV, LLC",4K GLOBAL-ACC JV  LLC,USA,UNITED STATES,635 NW FRONTAGE RD,STE A,AUGUSTA,13245,RICHMOND,13,GA,GEORGIA,309073679,GA-12,GA-12,7068681037,,USA,UNITED STATES,FORT BENNING,13053,CHATTAHOOCHEE,13,GA,GEORGIA,319054503,GA-02,GA-02,AWARD,D,DEFINITIVE CONTRACT,,,,,,,J,FIRM FIXED PRICE,CONSTRUCTION - PLEASE SEE CLIN SCHEDULE,W912HN23R4005,1,"CL,CT","CLOSELY ASSOCIATED,CRITICAL FUNCTIONS",Z1FC,MAINTENANCE OF TROOP HOUSING FACILITIES,H,NOT BUNDLED,,,236220,COMMERCIAL AND INSTITUTIONAL BUILDING CONSTRUCTION,C,NO CLAUSES INCLUDED AND NO SUSTAINABILITY INCLUDED,A,U.S. OWNED BUSINESS,000,NONE,Z,NOT IT PRODUCTS OR SERVICES,E,NOT REQUIRED,USA,UNITED STATES,C,NOT A MANUFACTURED END PRODUCT,B,PLAN NOT REQUIRED,D,FULL AND OPEN COMPETITION AFTER EXCLUSION OF SOURCES,SB,SEALED BID,SBA,SMALL BUSINESS SET ASIDE - TOTAL,NONE,NO PREFERENCE USED,,,,,,,4,D,COMMERCIAL PRODUCTS/SERVICES PROCEDURES NOT USED,f,N,NO,,,Y,YES,N,NO,0.00,N,NO,X,NOT APPLICABLE,X,NOT APPLICABLE,X,NOT APPLICABLE,X,NOT APPLICABLE,,,,,,,,,,N,NO,X,NOT APPLICABLE EXEMPT FROM CAS,N,N,,,D,NOT CONSOLIDATED,Y,YES - SERVICE WHERE PBA IS USED.,N,NO,A,FAR 52.232-16 PROGRESS PAYMENTS,N,NO,X,NOT APPLICABLE,f,f,f,f,f,f,f,f,f,f,t,f,f,f,f,f,f,f,f,SMALL BUSINESS,S,f,f,f,f,f,f,f,f,f,f,f,f,f,f,f,f,f,PARTNERSHIP,f,f,t,f,f,f,f,f,f,f,f,f,f,f,f,f,f,t,f,f,f,f,f,f,f,f,t,f,t,f,f,f,f,f,f,f,f,f,f,f,f,f,f,f,f,f,f,f,f,f,MOLLY  SAPP,0.00,BOBBY  BLUMENTHAL,170000.00,NOT APPLICABLE  NOT APPLICABLE,0.00,NOT APPLICABLE  NOT APPLICABLE,0.00,NOT APPLICABLE  NOT APPLICABLE,0.00,https://www.usaspending.gov/award/CONT_AWD_W912HN23C4005_9700_-NONE-_-NONE-/,2025-08-25
CONT_AWD_W912HN23C5003_9700_-NONE-_-NONE-,W912HN23C5003,,,,,,,,,28198111.68,,28198111.68,28611961.68,2023-06-28,2023,2024-10-23,2025,2023-06-30,2024-07-08,2024-10-24 00:00:00,,2023-03-30,097,Department of Defense,2100,Department of the Army,W912HN,W074 ENDIST SAVANNAH,097,Department of Defense,2100,Department of the Army,W912HN,W074 ENDIST SAVANNAH,,,,,X,NOT APPLICABLE,,,NLNZS42SH3D6,,MARINEX CONSTRUCTION INC,MARINEX CONSTRUCTION INC,,4NS08,NLNZS42SH3D6,,MARINEX CONSTRUCTION INC,MARINEX CONSTRUCTION INC,USA,UNITED STATES,"1903, PITTSBURGH AVENUE",,CHARLESTON SC,45019,CHARLESTON,45,SC,SOUTH CAROLINA,294059360,SC-06,SC-06,8437229083,8437229085,USA,UNITED STATES,SAVANNAH,13051,CHATHAM,13,GA,GEORGIA,314010900,GA-01,GA-01,AWARD,D,DEFINITIVE CONTRACT,,,,,,,J,FIRM FIXED PRICE,FY23 SAVANNAH INNER HARBOR MAINTENANCE DREDGING,W912HN23B5002,1,OT,OTHER FUNCTIONS,Z1KF,MAINTENANCE OF DREDGING FACILITIES,H,NOT BUNDLED,,,237990,OTHER HEAVY AND CIVIL ENGINEERING CONSTRUCTION,C,NO CLAUSES INCLUDED AND NO SUSTAINABILITY INCLUDED,A,U.S. OWNED BUSINESS,000,NONE,Z,NOT IT PRODUCTS OR SERVICES,E,NOT REQUIRED,USA,UNITED STATES,C,NOT A MANUFACTURED END PRODUCT,F,INDIVIDUAL SUBCONTRACT PLAN,A,FULL AND OPEN COMPETITION,SB,SEALED BID,NONE,NO SET ASIDE USED.,NONE,NO PREFERENCE USED,,,,,,,3,D,COMMERCIAL PRODUCTS/SERVICES PROCEDURES NOT USED,f,N,NO,,,Y,YES,N,NO,0.00,N,NO,X,NOT APPLICABLE,Y,YES,Y,YES,X,NOT APPLICABLE,,,,,,,,,,N,NO,X,NOT APPLICABLE EXEMPT FROM CAS,N,N,,,D,NOT CONSOLIDATED,Y,YES - SERVICE WHERE PBA IS USED.,N,NO,Z,NOT APPLICABLE,N,NO,X,NOT APPLICABLE,f,f,f,f,f,f,f,f,f,f,f,f,f,f,f,f,f,f,f,OTHER THAN SMALL BUSINESS,O,f,f,f,f,f,f,f,f,f,f,f,f,f,f,f,f,f,OTHER,f,f,f,f,f,f,f,f,f,f,f,f,f,f,f,f,f,t,f,f,f,f,f,f,f,t,f,f,t,f,f,f,f,f,f,f,f,f,f,f,f,f,f,f,f,f,f,f,f,f,,,,,,,,,,,https://www.usaspending.gov/award/CONT_AWD_W912HN23C5003_9700_-NONE-_-NONE-/,2024-10-23
CONT_AWD_W912HN24C4001_9700_-NONE-_-NONE-,W912HN24C4001,,,,,,,,,29836882.53,,29836882.53,29836882.53,2023-12-06,2024,2025-08-28,2025,2024-01-01,2026-08-27,2026-08-27 00:00:00,,2023-09-01,097,Department of Defense,2100,Department of the Army,W912HN,W074 ENDIST SAVANNAH,097,Department of Defense,2100,Department of the Army,W33SJG,W2SR ENDIST SAVANNAH CW,,,,,X,NOT APPLICABLE,,,GWQ5K46L6AZ3,,NLGC JV LLC,NLGC JV LLC,,9NWW7,GWQ5K46L6AZ3,,NLGC JV LLC,NLGC JV LLC,USA,UNITED STATES,7310 WOODWARD AVE STE 512,,DETROIT,26163,WAYNE,26,MI,MICHIGAN,482023165,MI-13,MI-13,2482316481,,USA,UNITED STATES,TIFTON,13277,TIFT,13,GA,GEORGIA,317930002,GA-08,GA-08,AWARD,D,DEFINITIVE CONTRACT,,,,,,,J,FIRM FIXED PRICE,NEW LAB BUIILDING,W912HN23B4003,1,OT,OTHER FUNCTIONS,Y1DB,CONSTRUCTION OF LABORATORIES AND CLINICS,H,NOT BUNDLED,,,236220,COMMERCIAL AND INSTITUTIONAL BUILDING CONSTRUCTION,B,FAR 52.223-4 AND FAR 52.223-9 INCLUDED,A,U.S. OWNED BUSINESS,000,NONE,Z,NOT IT PRODUCTS OR SERVICES,A,MEETS REQUIREMENTS,USA,UNITED STATES,C,NOT A MANUFACTURED END PRODUCT,B,PLAN NOT REQUIRED,D,FULL AND OPEN COMPETITION AFTER EXCLUSION OF SOURCES,SB,SEALED BID,SBA,SMALL BUSINESS SET ASIDE - TOTAL,NONE,NO PREFERENCE USED,,,,,,,3,D,COMMERCIAL PRODUCTS/SERVICES PROCEDURES NOT USED,f,N,NO,,,Y,YES,N,NO,0.00,N,NO,X,NOT APPLICABLE,X,NOT APPLICABLE,Y,YES,X,NOT APPLICABLE,,,,,,,,,,N,NO,X,NOT APPLICABLE EXEMPT FROM CAS,N,N,,,D,NOT CONSOLIDATED,N,NO - SERVICE WHERE PBA IS NOT USED.,N,NO,A,FAR 52.232-16 PROGRESS PAYMENTS,N,NO,X,NOT APPLICABLE,f,f,f,f,f,f,f,t,f,f,t,f,t,t,f,f,f,f,f,SMALL BUSINESS,S,f,f,f,f,f,f,f,f,f,f,f,f,f,f,f,f,f,CORPORATE NOT TAX EXEMPT,t,f,f,f,f,f,f,f,f,f,f,f,f,f,f,f,f,t,f,f,f,f,f,f,f,f,t,f,t,f,f,f,f,f,f,f,f,f,f,f,f,f,f,f,f,t,f,f,f,f,,,,,,,,,,,https://www.usaspending.gov/award/CONT_AWD_W912HN24C4001_9700_-NONE-_-NONE-/,2025-08-28
CONT_AWD_W912HN24C4004_9700_-NONE-_-NONE-,W912HN24C4004,,,,,,,,,20323976.19,,20323976.19,20323976.19,2024-09-19,2024,2025-09-12,2025,2024-09-17,2028-07-10,2028-07-10 00:00:00,,2024-06-21,097,Department of Defense,2100,Department of the Army,W912HN,W074 ENDIST SAVANNAH,097,Department of Defense,2100,Department of the Army,W912HN,W074 ENDIST SAVANNAH,,,,,X,NOT APPLICABLE,,,YKS4HYJHGHS7,,ADVON CORPORATION,ADVON CORPORATION,,5VG02,UBUYTWQ99LN5,,ADVON CORPORATION,ADVON CORPORATION,USA,UNITED STATES,2882 REMINGTON GREEN LN,,TALLAHASSEE,12073,LEON,12,FL,FLORIDA,323083757,FL-02,FL-02,8507277626,8508072529,USA,UNITED STATES,DAHLONEGA,13187,LUMPKIN,13,GA,GEORGIA,305332695,GA-07,GA-07,AWARD,D,DEFINITIVE CONTRACT,,,,,,,J,FIRM FIXED PRICE,PRIMARY FACILITY,W912HN24B4004,1,OT,OTHER FUNCTIONS,Y1CZ,CONSTRUCTION OF OTHER EDUCATIONAL BUILDINGS,H,NOT BUNDLED,,,236220,COMMERCIAL AND INSTITUTIONAL BUILDING CONSTRUCTION,C,NO CLAUSES INCLUDED AND NO SUSTAINABILITY INCLUDED,A,U.S. OWNED BUSINESS,000,NONE,Z,NOT IT PRODUCTS OR SERVICES,E,NOT REQUIRED,USA,UNITED STATES,C,NOT A MANUFACTURED END PRODUCT,B,PLAN NOT REQUIRED,D,FULL AND OPEN COMPETITION AFTER EXCLUSION OF SOURCES,SB,SEALED BID,SDVOSBC,SERVICE DISABLED VETERAN OWNED SMALL BUSINESS SET-ASIDE,NONE,NO PREFERENCE USED,,,,,,,4,D,COMMERCIAL PRODUCTS/SERVICES PROCEDURES NOT USED,f,N,NO,,,Y,YES,N,NO,0.00,Y,YES,N,NO,N,NO,Y,YES,X,NOT APPLICABLE,,,,,,,,,,N,NO,X,NOT APPLICABLE EXEMPT FROM CAS,N,N,,,D,NOT CONSOLIDATED,N,NO - SERVICE WHERE PBA IS NOT USED.,N,NO,Z,NOT APPLICABLE,N,NO,X,NOT APPLICABLE,f,f,f,f,f,t,t,f,f,f,f,f,f,f,f,f,f,f,f,SMALL BUSINESS,S,f,f,f,f,f,f,f,f,f,f,f,f,f,f,f,f,f,CORPORATE NOT TAX EXEMPT,t,f,f,f,f,f,f,f,f,f,f,f,f,f,f,f,f,t,f,f,f,f,f,f,f,t,f,f,t,f,f,f,f,f,f,f,f,f,f,f,f,f,f,f,f,f,f,f,f,f,,,,,,,,,,,https://www.usaspending.gov/award/CONT_AWD_W912HN24C4004_9700_-NONE-_-NONE-/,2025-09-12
CONT_AWD_W912HN24C4005_9700_-NONE-_-NONE-,W912HN24C4005,,,,,,,,,26977242.00,,26977242.00,26977242.00,2024-09-25,2024,2025-11-05,2026,2024-10-15,2026-12-17,2026-12-17 00:00:00,,2024-07-16,097,Department of Defense,2100,Department of the Army,W912HN,W074 ENDIST SAVANNAH,097,Department of Defense,2100,Department of the Army,W33SJG,W2SR ENDIST SAVANNAH CW,,,,,X,NOT APPLICABLE,,,VRAHG9BDXCP9,,"4K GLOBAL-ACC JV, LLC","4K GLOBAL-ACC JV, LLC",,7VUA6,VRAHG9BDXCP9,,"4K GLOBAL-ACC JV, LLC",4K GLOBAL-ACC JV  LLC,USA,UNITED STATES,635 NW FRONTAGE RD,STE A,AUGUSTA,13245,RICHMOND,13,GA,GEORGIA,309073679,GA-12,GA-12,7068681037,,USA,UNITED STATES,FORT BENNING,13053,CHATTAHOOCHEE,13,GA,GEORGIA,319054503,GA-02,GA-02,AWARD,D,DEFINITIVE CONTRACT,,,,,,,J,FIRM FIXED PRICE,REPAIR BUILDING 2831,W912HN24R4001,1,OT,OTHER FUNCTIONS,Z2FC,REPAIR OR ALTERATION OF TROOP HOUSING FACILITIES,H,NOT BUNDLED,,,236220,COMMERCIAL AND INSTITUTIONAL BUILDING CONSTRUCTION,C,NO CLAUSES INCLUDED AND NO SUSTAINABILITY INCLUDED,A,U.S. OWNED BUSINESS,000,NONE,Z,NOT IT PRODUCTS OR SERVICES,A,MEETS REQUIREMENTS,USA,UNITED STATES,C,NOT A MANUFACTURED END PRODUCT,B,PLAN NOT REQUIRED,D,FULL AND OPEN COMPETITION AFTER EXCLUSION OF SOURCES,AS,ALTERNATIVE SOURCES,SBA,SMALL BUSINESS SET ASIDE - TOTAL,NONE,NO PREFERENCE USED,,,,,,,5,A,COMMERCIAL PRODUCTS/SERVICES,f,N,NO,,,Y,YES,N,NO,0.00,N,NO,X,NOT APPLICABLE,X,NOT APPLICABLE,Y,YES,X,NOT APPLICABLE,,,,,,,,,,N,NO,X,NOT APPLICABLE EXEMPT FROM CAS,N,N,,,D,NOT CONSOLIDATED,N,NO - SERVICE WHERE PBA IS NOT USED.,N,NO,A,FAR 52.232-16 PROGRESS PAYMENTS,N,NO,X,NOT APPLICABLE,f,f,f,f,f,f,f,f,f,f,t,f,f,f,f,f,f,f,f,SMALL BUSINESS,S,f,f,f,f,f,f,f,f,f,f,f,f,f,f,f,f,f,PARTNERSHIP,f,f,t,f,f,f,f,f,f,f,f,f,f,f,f,f,f,t,f,f,f,f,f,f,f,f,t,f,t,f,f,f,f,f,f,f,f,f,f,f,f,f,f,f,f,f,f,f,f,f,MOLLY  SAPP,0.00,BOBBY  BLUMENTHAL,170000.00,NOT APPLICABLE  NOT APPLICABLE,0.00,NOT APPLICABLE  NOT APPLICABLE,0.00,NOT APPLICABLE  NOT APPLICABLE,0.00,https://www.usaspending.gov/award/CONT_AWD_W912HN24C4005_9700_-NONE-_-NONE-/,2025-11-05
CONT_AWD_W912HN24C4007_9700_-NONE-_-NONE-,W912HN24C4007,,,,,,,,,45377572.00,,45377572.00,45377572.00,2024-09-28,2024,2025-03-04,2025,2024-09-27,2027-06-22,2027-06-22 00:00:00,,2024-07-16,097,Department of Defense,2100,Department of the Army,W912HN,W074 ENDIST SAVANNAH,097,Department of Defense,2100,Department of the Army,W33SJG,W2SR ENDIST SAVANNAH CW,,,,,X,NOT APPLICABLE,,,P9SHBC87CT79,,ROUNDHOUSE PBN - TEPA EC 2 JOINT VENTURE,ROUNDHOUSE PBN - TEPA EC 2 JOINT VENTURE,,9Q325,P9SHBC87CT79,,ROUNDHOUSE PBN - TEPA EC 2 JOINT VENTURE,ROUNDHOUSE PBN - TEPA EC 2 JOINT VENTURE,USA,UNITED STATES,103 ED BAYER CT STE 100,,WARNER ROBINS,13153,HOUSTON,13,GA,GEORGIA,310884045,GA-08,GA-08,4783380949,,USA,UNITED STATES,FORT BENNING,13215,MUSCOGEE,13,GA,GEORGIA,319951401,GA-02,GA-02,AWARD,D,DEFINITIVE CONTRACT,,,,,,,J,FIRM FIXED PRICE,REPAIR SECTION A&B BUILDING 73 PHASE I,W912HN24R3006,1,OT,OTHER FUNCTIONS,Z2FC,REPAIR OR ALTERATION OF TROOP HOUSING FACILITIES,H,NOT BUNDLED,,,236220,COMMERCIAL AND INSTITUTIONAL BUILDING CONSTRUCTION,C,NO CLAUSES INCLUDED AND NO SUSTAINABILITY INCLUDED,A,U.S. OWNED BUSINESS,000,NONE,Z,NOT IT PRODUCTS OR SERVICES,A,MEETS REQUIREMENTS,USA,UNITED STATES,C,NOT A MANUFACTURED END PRODUCT,B,PLAN NOT REQUIRED,A,FULL AND OPEN COMPETITION,NP,NEGOTIATED PROPOSAL/QUOTE,NONE,NO SET ASIDE USED.,NONE,NO PREFERENCE USED,,,,,,,3,A,COMMERCIAL PRODUCTS/SERVICES,f,N,NO,,,Y,YES,N,NO,0.00,Y,YES,X,NOT APPLICABLE,X,NOT APPLICABLE,Y,YES,X,NOT APPLICABLE,,,,,,,,,,N,NO,X,NOT APPLICABLE EXEMPT FROM CAS,N,N,,,D,NOT CONSOLIDATED,Y,YES - SERVICE WHERE PBA IS USED.,N,NO,Z,NOT APPLICABLE,N,NO,X,NOT APPLICABLE,f,f,f,f,t,f,f,f,f,f,f,f,t,f,f,f,f,t,f,SMALL BUSINESS,S,f,f,f,f,f,f,f,f,f,f,f,f,f,f,f,f,f,PARTNERSHIP,f,f,t,f,f,f,f,f,f,f,f,f,f,f,f,f,f,t,f,f,f,f,f,f,f,f,f,f,t,f,f,f,f,f,f,f,f,f,f,f,f,f,f,f,f,t,f,f,f,f,,,,,,,,,,,https://www.usaspending.gov/award/CONT_AWD_W912HN24C4007_9700_-NONE-_-NONE-/,2025-03-04
CONT_AWD_W912HN24C5005_9700_-NONE-_-NONE-,W912HN24C5005,,,,,,,,,27280656.50,,27280656.50,28443156.50,2024-07-12,2024,2025-11-06,2026,2024-07-15,2025-10-09,2025-10-09 00:00:00,,2024-05-08,097,Department of Defense,2100,Department of the Army,W912HN,W074 ENDIST SAVANNAH,096,Corps of Engineers - Civil Works,96CE,U.S. Army Corps of Engineers - Civil Program Financing Only,960102,ARMY CORPS OF ENGINEERS CIVIL WORKS,,,,,X,NOT APPLICABLE,,,NLNZS42SH3D6,,MARINEX CONSTRUCTION INC,MARINEX CONSTRUCTION INC,,4NS08,NLNZS42SH3D6,,MARINEX CONSTRUCTION INC,MARINEX CONSTRUCTION INC,USA,UNITED STATES,"1903, PITTSBURGH AVENUE",,CHARLESTON SC,45019,CHARLESTON,45,SC,SOUTH CAROLINA,294059360,SC-06,SC-06,8437229083,8437229085,USA,UNITED STATES,SAVANNAH,13051,CHATHAM,13,GA,GEORGIA,314010900,GA-01,GA-01,AWARD,D,DEFINITIVE CONTRACT,,,,,,,J,FIRM FIXED PRICE,FY24 SAVANNAH INNER HARBOR MAINTENANCE DREDGING,W912HN24B5003,1,OT,OTHER FUNCTIONS,Z1KE,MAINTENANCE OF SURFACE MINE RECLAMATION FACILITIES,H,NOT BUNDLED,,,237990,OTHER HEAVY AND CIVIL ENGINEERING CONSTRUCTION,C,NO CLAUSES INCLUDED AND NO SUSTAINABILITY INCLUDED,A,U.S. OWNED BUSINESS,000,NONE,Z,NOT IT PRODUCTS OR SERVICES,E,NOT REQUIRED,USA,UNITED STATES,C,NOT A MANUFACTURED END PRODUCT,B,PLAN NOT REQUIRED,A,FULL AND OPEN COMPETITION,SB,SEALED BID,NONE,NO SET ASIDE USED.,NONE,NO PREFERENCE USED,,,,,,,2,D,COMMERCIAL PRODUCTS/SERVICES PROCEDURES NOT USED,f,N,NO,,,Y,YES,N,NO,0.00,N,NO,X,NOT APPLICABLE,Y,YES,Y,YES,X,NOT APPLICABLE,,,,,,,,,,N,NO,X,NOT APPLICABLE EXEMPT FROM CAS,N,N,,,D,NOT CONSOLIDATED,Y,YES - SERVICE WHERE PBA IS USED.,N,NO,Z,NOT APPLICABLE,N,NO,X,NOT APPLICABLE,f,f,f,f,f,f,f,f,f,f,f,f,f,f,f,f,f,f,f,OTHER THAN SMALL BUSINESS,O,f,f,f,f,f,f,f,f,f,f,f,f,f,f,f,f,f,OTHER,f,f,f,f,f,f,f,f,f,f,f,f,f,f,f,f,f,t,f,f,f,f,f,f,f,t,f,f,t,f,f,f,f,f,f,f,f,f,f,f,f,f,f,f,f,f,f,f,f,f,,,,,,,,,,,https://www.usaspending.gov/award/CONT_AWD_W912HN24C5005_9700_-NONE-_-NONE-/,2025-11-06
CONT_AWD_W912HN25C3000_9700_-NONE-_-NONE-,W912HN25C3000,,,,,,,,,51133305.46,,97077919.00,110269206.00,2025-01-23,2025,2025-09-15,2025,2025-01-17,2028-02-12,2028-02-12 00:00:00,,2024-08-09,097,Department of Defense,2100,Department of the Army,W912HN,W074 ENDIST SAVANNAH,097,Department of Defense,2100,Department of the Army,W33SJG,W2SR ENDIST SAVANNAH CW,,,,,X,NOT APPLICABLE,,,QXNSEJFDC1K3,,ACC CONSTRUCTION CO INC,"ACC CONSTRUCTION CO, INC",,0FZ73,QXNSEJFDC1K3,,ACC CONSTRUCTION CO INC,ACC CONSTRUCTION CO  INC,USA,UNITED STATES,635 NW FRONTAGE RD,,AUGUSTA,13245,RICHMOND,13,GA,GEORGIA,309073679,GA-12,GA-12,7068681037,7068681515,USA,UNITED STATES,WARNER ROBINS,13153,HOUSTON,13,GA,GEORGIA,310981608,GA-02,GA-02,AWARD,D,DEFINITIVE CONTRACT,,,,,,,J,FIRM FIXED PRICE,PRIMARY FACILITY,W912HN24R3005,1,OT,OTHER FUNCTIONS,Y1JZ,CONSTRUCTION OF MISCELLANEOUS BUILDINGS,H,NOT BUNDLED,,,236220,COMMERCIAL AND INSTITUTIONAL BUILDING CONSTRUCTION,M,FAR 52.204-4 & FAR 52.223-1 & FAR 52.223-2 & FAR 52.223-15 & FAR 52.223-16 INCLUDED,A,U.S. OWNED BUSINESS,000,NONE,Z,NOT IT PRODUCTS OR SERVICES,A,MEETS REQUIREMENTS,USA,UNITED STATES,C,NOT A MANUFACTURED END PRODUCT,F,INDIVIDUAL SUBCONTRACT PLAN,A,FULL AND OPEN COMPETITION,NP,NEGOTIATED PROPOSAL/QUOTE,NONE,NO SET ASIDE USED.,NONE,NO PREFERENCE USED,,,,,,,2,D,COMMERCIAL PRODUCTS/SERVICES PROCEDURES NOT USED,f,N,NO,,,Y,YES,N,NO,0.00,N,NO,Y,YES,X,NOT APPLICABLE,Y,YES,X,NOT APPLICABLE,,,,,,,,,,N,NO,X,NOT APPLICABLE EXEMPT FROM CAS,N,N,,,D,NOT CONSOLIDATED,N,NO - SERVICE WHERE PBA IS NOT USED.,N,NO,A,FAR 52.232-16 PROGRESS PAYMENTS,N,NO,X,NOT APPLICABLE,f,f,f,f,f,f,f,f,f,f,f,f,f,f,f,f,f,f,f,OTHER THAN SMALL BUSINESS,O,f,f,f,f,f,f,f,f,f,f,f,f,f,f,f,f,f,CORPORATE NOT TAX EXEMPT,t,f,f,f,f,f,f,f,f,f,f,f,f,f,f,f,f,t,f,f,f,f,f,f,f,t,f,f,t,f,f,f,f,f,f,f,f,f,f,f,f,f,f,f,f,f,f,f,f,f,MASON H MCKNIGHTIII,0.00,MASON H MCKNIGHTIV,0.00,MATTHEW M MCKNIGHT,0.00,MARSHALL D MCKNIGHT,0.00,BERNARD S DUNSTAN III,0.00,https://www.usaspending.gov/award/CONT_AWD_W912HN25C3000_9700_-NONE-_-NONE-/,2025-09-15
CONT_AWD_W912HN25C4002_9700_-NONE-_-NONE-,W912HN25C4002,,,,,,,,,165181359.16,,165392803.16,166160170.36,2025-07-31,2025,2025-09-17,2025,2025-08-15,2029-05-03,2029-05-03 00:00:00,,2025-03-31,097,Department of Defense,2100,Department of the Army,W912HN,W074 ENDIST SAVANNAH,097,Department of Defense,2100,Department of the Army,W33SJG,W2SR ENDIST SAVANNAH CW,,,,,X,NOT APPLICABLE,,,QXNSEJFDC1K3,,ACC CONSTRUCTION CO INC,"ACC CONSTRUCTION CO, INC",,0FZ73,QXNSEJFDC1K3,,ACC CONSTRUCTION CO INC,ACC CONSTRUCTION CO  INC,USA,UNITED STATES,635 NW FRONTAGE RD,,AUGUSTA,13245,RICHMOND,13,GA,GEORGIA,309073679,GA-12,GA-12,7068681037,7068681515,USA,UNITED STATES,AUGUSTA,13245,RICHMOND,13,GA,GEORGIA,309050002,GA-12,GA-12,AWARD,D,DEFINITIVE CONTRACT,,,,,,,J,FIRM FIXED PRICE,CONSTRUCTION OF FACILITY,W912HN25B4004,1,OT,OTHER FUNCTIONS,Y1JZ,CONSTRUCTION OF MISCELLANEOUS BUILDINGS,H,NOT BUNDLED,,,236220,COMMERCIAL AND INSTITUTIONAL BUILDING CONSTRUCTION,C,NO CLAUSES INCLUDED AND NO SUSTAINABILITY INCLUDED,A,U.S. OWNED BUSINESS,000,NONE,Z,NOT IT PRODUCTS OR SERVICES,E,NOT REQUIRED,USA,UNITED STATES,C,NOT A MANUFACTURED END PRODUCT,F,INDIVIDUAL SUBCONTRACT PLAN,A,FULL AND OPEN COMPETITION,SB,SEALED BID,NONE,NO SET ASIDE USED.,NONE,NO PREFERENCE USED,,,,,,,3,D,COMMERCIAL PRODUCTS/SERVICES PROCEDURES NOT USED,f,N,NO,,,Y,YES,N,NO,0.00,N,NO,N,NO,N,NO,Y,YES,X,NOT APPLICABLE,,,,,,,,,,N,NO,X,NOT APPLICABLE EXEMPT FROM CAS,N,N,,,D,NOT CONSOLIDATED,Y,YES - SERVICE WHERE PBA IS USED.,N,NO,A,FAR 52.232-16 PROGRESS PAYMENTS,N,NO,X,NOT APPLICABLE,f,f,f,f,f,f,f,f,f,f,f,f,f,f,f,f,f,f,f,OTHER THAN SMALL BUSINESS,O,f,f,f,f,f,f,f,f,f,f,f,f,f,f,f,f,f,CORPORATE NOT TAX EXEMPT,t,f,f,f,f,f,f,f,f,f,f,f,f,f,f,f,f,t,f,f,f,f,f,f,f,t,f,f,t,f,f,f,f,f,f,f,f,f,f,f,f,f,f,f,f,f,f,f,f,f,MASON H MCKNIGHTIII,0.00,MASON H MCKNIGHTIV,0.00,MATTHEW M MCKNIGHT,0.00,MARSHALL D MCKNIGHT,0.00,BERNARD S DUNSTAN III,0.00,https://www.usaspending.gov/award/CONT_AWD_W912HN25C4002_9700_-NONE-_-NONE-/,2025-09-17
CONT_AWD_W912HN25F5009_9700_W912EK22D0002_9700,W912HN25F5009,9700,DEPT OF DEFENSE,W912EK22D0002,,,,,,21636152.15,,21636152.15,21636152.15,2024-11-01,2025,2025-07-31,2025,2024-10-30,2025-04-14,2025-04-14 00:00:00,,2024-10-25,097,Department of Defense,2100,Department of the Army,W912HN,W074 ENDIST SAVANNAH,097,Department of Defense,2100,Department of the Army,W33SJG,W2SR ENDIST SAVANNAH CW,,,,,X,NOT APPLICABLE,,,YH8JGLSMAQX3,,ASHBRITT INC,"ASHBRITT, INC.",,00Z46,YH8JGLSMAQX3,,ASHBRITT INC,ASHBRITT INC,USA,UNITED STATES,565 E HILLSBORO BLVD,,DEERFIELD BEACH,12011,BROWARD,12,FL,FLORIDA,334413543,FL-23,FL-23,9547256992,9547256991,USA,UNITED STATES,AILEY,13209,MONTGOMERY,13,GA,GEORGIA,304102539,GA-12,GA-12,AWARD,C,DELIVERY ORDER,,,,,,,J,FIRM FIXED PRICE,ACI DEBRIS REMOVAL EMERGENCY SCV MONTGOMERY COUNTY HURRICANE HELENE,,1,OT,OTHER FUNCTIONS,S208,HOUSEKEEPING- LANDSCAPING/GROUNDSKEEPING,H,NOT BUNDLED,,,562119,OTHER WASTE COLLECTION,C,NO CLAUSES INCLUDED AND NO SUSTAINABILITY INCLUDED,A,U.S. OWNED BUSINESS,000,NONE,Z,NOT IT PRODUCTS OR SERVICES,E,NOT REQUIRED,USA,UNITED STATES,C,NOT A MANUFACTURED END PRODUCT,F,INDIVIDUAL SUBCONTRACT PLAN,A,FULL AND OPEN COMPETITION,NP,NEGOTIATED PROPOSAL/QUOTE,,,NONE,NO PREFERENCE USED,,,,,,,,D,COMMERCIAL PRODUCTS/SERVICES PROCEDURES NOT USED,f,N,NO,N,NO,X,NOT APPLICABLE,N,NO,,N,NO,N,NO,Y,YES,N,NO,X,NOT APPLICABLE,,,B,IDC,S,SINGLE AWARD,,,,N,NO,Y,YES - CAS CLAUSE INCLUDED,N,N,,,D,NOT CONSOLIDATED,Y,YES - SERVICE WHERE PBA IS USED.,Y,YES,Z,NOT APPLICABLE,N,NO,C,"PRESIDENTIAL ISSUED EMERGENCY DECLARATION, OR A MAJOR DISASTER DECLARATION",f,f,f,f,f,f,f,f,f,f,f,f,f,f,f,f,f,f,f,OTHER THAN SMALL BUSINESS,O,f,f,f,f,f,f,f,f,f,f,f,f,f,f,f,f,f,CORPORATE NOT TAX EXEMPT,t,f,f,f,f,f,f,f,f,f,f,f,f,f,f,f,f,t,f,f,f,f,f,f,f,t,f,f,t,f,f,f,f,f,f,f,f,f,f,f,f,f,f,f,f,f,f,f,f,f,,,,,,,,,,,https://www.usaspending.gov/award/CONT_AWD_W912HN25F5009_9700_W912EK22D0002_9700/,2025-07-31
CONT_AWD_W912HN25F5017_9700_W912EK22D0002_9700,W912HN25F5017,9700,DEPT OF DEFENSE,W912EK22D0002,,,,,,46041771.00,,46041771.00,46041771.00,2024-11-18,2025,2025-08-25,2025,2024-11-18,2025-07-31,2025-07-31 00:00:00,,2024-11-10,097,Department of Defense,2100,Department of the Army,W912HN,W074 ENDIST SAVANNAH,097,Department of Defense,2100,Department of the Army,W33SJG,W2SR ENDIST SAVANNAH CW,,,,,X,NOT APPLICABLE,,,YH8JGLSMAQX3,,ASHBRITT INC,"ASHBRITT, INC.",,00Z46,YH8JGLSMAQX3,,ASHBRITT INC,ASHBRITT INC,USA,UNITED STATES,565 E HILLSBORO BLVD,,DEERFIELD BEACH,12011,BROWARD,12,FL,FLORIDA,334413543,FL-23,FL-23,9547256992,9547256991,USA,UNITED STATES,VALDOSTA,13185,LOWNDES,13,GA,GEORGIA,316010856,GA-08,GA-08,AWARD,C,DELIVERY ORDER,,,,,,,J,FIRM FIXED PRICE,ACI DEBRIS REMOVAL EMERGENCY SCV LOWNDES COUNTY HURRICANE HELENE MISSION,W912HN25R5004,1,OT,OTHER FUNCTIONS,S208,HOUSEKEEPING- LANDSCAPING/GROUNDSKEEPING,H,NOT BUNDLED,,,562119,OTHER WASTE COLLECTION,C,NO CLAUSES INCLUDED AND NO SUSTAINABILITY INCLUDED,A,U.S. OWNED BUSINESS,000,NONE,Z,NOT IT PRODUCTS OR SERVICES,E,NOT REQUIRED,USA,UNITED STATES,C,NOT A MANUFACTURED END PRODUCT,F,INDIVIDUAL SUBCONTRACT PLAN,A,FULL AND OPEN COMPETITION,NP,NEGOTIATED PROPOSAL/QUOTE,,,NONE,NO PREFERENCE USED,,,,,,,,D,COMMERCIAL PRODUCTS/SERVICES PROCEDURES NOT USED,f,N,NO,N,NO,X,NOT APPLICABLE,N,NO,,N,NO,N,NO,Y,YES,N,NO,X,NOT APPLICABLE,,,B,IDC,S,SINGLE AWARD,,,,N,NO,Y,YES - CAS CLAUSE INCLUDED,N,N,,,D,NOT CONSOLIDATED,Y,YES - SERVICE WHERE PBA IS USED.,Y,YES,Z,NOT APPLICABLE,N,NO,C,"PRESIDENTIAL ISSUED EMERGENCY DECLARATION, OR A MAJOR DISASTER DECLARATION",f,f,f,f,f,f,f,f,f,f,f,f,f,f,f,f,f,f,f,OTHER THAN SMALL BUSINESS,O,f,f,f,f,f,f,f,f,f,f,f,f,f,f,f,f,f,CORPORATE NOT TAX EXEMPT,t,f,f,f,f,f,f,f,f,f,f,f,f,f,f,f,f,t,f,f,f,f,f,f,f,t,f,f,t,f,f,f,f,f,f,f,f,f,f,f,f,f,f,f,f,f,f,f,f,f,,,,,,,,,,,https://www.usaspending.gov/award/CONT_AWD_W912HN25F5017_9700_W912EK22D0002_9700/,2025-08-25
CONT_AWD_W912QR21C0009_9700_-NONE-_-NONE-,W912QR21C0009,,,,Q: Not Designated Nonemergency/Emergency/Disaster/Wildfire Suppression,,,,,34578794.64,642333.42,34578794.64,36269469.64,2021-01-29,2021,2025-07-27,2025,2021-01-29,2025-08-05,2025-08-05 00:00:00,,2020-09-08,097,Department of Defense,2100,Department of the Army,W912QR,W072 ENDIST LOUISVILLE,097,Department of Defense,2100,Department of the Army,W912QR,W072 ENDIST LOUISVILLE,057-2017/2021-3730-000;057-2019/2023-3730-000;057-2020/2024-3730-000,057-3730,32.0: Land and structures,0001: MAJOR CONSTRUCTION;0020: UNDISTRIBUTED,X,NOT APPLICABLE,,,QXNSEJFDC1K3,,ACC CONSTRUCTION CO INC,"ACC CONSTRUCTION CO., INC.",,0FZ73,QXNSEJFDC1K3,,ACC CONSTRUCTION CO INC,ACC CONSTRUCTION CO  INC,USA,UNITED STATES,635 NW FRONTAGE RD STE A,,AUGUSTA,13245,RICHMOND,13,GA,GEORGIA,309073679,GA-12,GA-12,7068681037,7068681515,USA,UNITED STATES,WARNER ROBINS,13153,HOUSTON,13,GA,GEORGIA,310981041,GA-02,GA-02,AWARD,D,DEFINITIVE CONTRACT,,,,,,,J,FIRM FIXED PRICE,"CONSTRUCTION OF A CONSOLIDATED MISSION COMPLEX (CMC), PHASE 3 LOCATED AT WARNER ROBINS AIR FORCE BASE (AFB), GEORGIA. BASE AND OPTIONS 1 AND 2 ARE EXERCISED AT TIME OF AWARD. PERIOD OF PERFORMANCE IS 754 DAYS FROM NTP.",W912QR20R0045,1,OT,OTHER FUNCTIONS,Y1JZ,CONSTRUCTION OF MISCELLANEOUS BUILDINGS,H,NOT BUNDLED,C2,CONSTRUCTION,236220,COMMERCIAL AND INSTITUTIONAL BUILDING CONSTRUCTION,E,BIO-BASED,A,U.S. OWNED BUSINESS,000,NONE,Z,NOT IT PRODUCTS OR SERVICES,A,MEETS REQUIREMENTS,USA,UNITED STATES,C,NOT A MANUFACTURED END PRODUCT,F,INDIVIDUAL SUBCONTRACT PLAN,A,FULL AND OPEN COMPETITION,NP,NEGOTIATED PROPOSAL/QUOTE,NONE,NO SET ASIDE USED.,NONE,NO PREFERENCE USED,,,,,,,3,D,COMMERCIAL PRODUCTS/SERVICES PROCEDURES NOT USED,f,N,NO,N,NO,Y,YES,N,NO,0.00,N,NO,X,NOT APPLICABLE,X,NOT APPLICABLE,Y,YES,X,NOT APPLICABLE,,,,,,,,,,N,NO,X,NOT APPLICABLE EXEMPT FROM CAS,N,N,N,NO,D,NOT CONSOLIDATED,N,NO - SERVICE WHERE PBA IS NOT USED.,N,NO,Z,NOT APPLICABLE,N,NO,X,NOT APPLICABLE,f,f,f,f,f,f,f,f,f,f,f,f,f,f,f,f,f,f,f,OTHER THAN SMALL BUSINESS,O,f,f,f,f,f,f,f,f,f,f,f,f,f,f,f,f,f,CORPORATE NOT TAX EXEMPT,t,f,f,f,f,f,f,f,f,f,f,f,f,f,f,f,f,t,f,f,f,f,f,f,f,t,f,f,t,f,f,f,f,f,f,f,f,f,f,f,f,f,f,f,f,f,f,f,f,f,MASON H MCKNIGHTIII,0.00,MASON H MCKNIGHTIV,0.00,MATTHEW M MCKNIGHT,0.00,MARSHALL D MCKNIGHT,0.00,BERNARD S DUNSTAN III,0.00,https://www.usaspending.gov/award/CONT_AWD_W912QR21C0009_9700_-NONE-_-NONE-/,2025-07-27
CONT_AWD_W91RUS21F0010_9700_W91RUS15D0011_9700,W91RUS21F0010,9700,DEPT OF DEFENSE,W91RUS15D0011,,,,,,26135543.21,,33088385.33,33088385.33,2020-12-16,2021,2025-03-26,2025,2021-01-06,2025-03-31,2025-03-31 00:00:00,,2020-02-18,097,Department of Defense,2100,Department of the Army,W91RUS,W6QK ACC-APG CONT CT SW SECTOR,097,Department of Defense,2100,Department of the Army,W5K9FE,W6T3 SIG USANEC MOORE,,,,,X,NOT APPLICABLE,,,PCLCZKAKLLJ9,,LEADER COMMUNICATIONS INC.,"LEADER COMMUNICATIONS, INC.",,1J7E8,PCLCZKAKLLJ9,,LEADER COMMUNICATIONS INC.,LEADER COMMUNICATIONS INC.,USA,UNITED STATES,6421 S AIR DEPOT BLVD STE A,,OKLAHOMA CITY,40109,OKLAHOMA,40,OK,OKLAHOMA,731355924,OK-04,OK-04,4056222200,4056222208,USA,UNITED STATES,FORT BENNING,13215,MUSCOGEE,13,GA,GEORGIA,319052002,GA-02,GA-02,AWARD,C,DELIVERY ORDER,,,,,,,J,FIRM FIXED PRICE,INFORMATION TECHNOLOGY SERVICES AND ADMINISTRATIVE TELEPHONE SERVICES,W91RUS13R0004,1,OT,OTHER FUNCTIONS,DG01,IT AND TELECOM - NETWORK SUPPORT SERVICES (LABOR),H,NOT BUNDLED,S1,SERVICES,517110,WIRED TELECOMMUNICATIONS CARRIERS,C,NO CLAUSES INCLUDED AND NO SUSTAINABILITY INCLUDED,A,U.S. OWNED BUSINESS,000,NONE,F,NONCOMMERCIAL SERVICE,E,NOT REQUIRED,USA,UNITED STATES,C,NOT A MANUFACTURED END PRODUCT,B,PLAN NOT REQUIRED,D,FULL AND OPEN COMPETITION AFTER EXCLUSION OF SOURCES,MAFO,SUBJECT TO MULTIPLE AWARD FAIR OPPORTUNITY,,,NONE,NO PREFERENCE USED,,,FAIR,FAIR OPPORTUNITY GIVEN,,,10,D,COMMERCIAL PRODUCTS/SERVICES PROCEDURES NOT USED,f,N,NO,N,NO,Y,YES,N,NO,,Y,YES,X,NOT APPLICABLE,Y,YES,Y,YES,X,NOT APPLICABLE,,,B,IDC,M,MULTIPLE AWARD,,,,N,NO,,,N,N,U,UNKNOWN,D,NOT CONSOLIDATED,Y,YES - SERVICE WHERE PBA IS USED.,N,NO,Z,NOT APPLICABLE,N,NO,X,NOT APPLICABLE,f,f,f,f,f,t,t,f,f,f,f,f,t,f,f,t,f,f,f,SMALL BUSINESS,S,f,f,f,f,f,f,f,f,f,f,f,f,f,f,f,f,f,CORPORATE NOT TAX EXEMPT,t,f,f,f,f,f,f,f,f,f,f,f,f,f,f,f,f,t,f,f,f,f,f,f,f,f,f,f,t,f,f,f,f,f,f,f,f,f,f,f,f,f,f,f,f,f,f,f,f,f,,,,,,,,,,,https://www.usaspending.gov/award/CONT_AWD_W91RUS21F0010_9700_W91RUS15D0011_9700/,2025-03-26
CONT_AWD_W912HN25CA013_9700_-NONE-_-NONE-,W912HN25CA013,,,,,,,,,45264226.00,,45264226.00,45264226.00,2025-08-22,2025,2025-08-22,2025,2025-09-02,2028-08-17,2028-08-17 00:00:00,,2025-04-06,097,Department of Defense,2100,Department of the Army,W912HN,W074 ENDIST SAVANNAH,097,Department of Defense,2100,Department of the Army,W33SJG,W2SR ENDIST SAVANNAH CW,,,,,X,NOT APPLICABLE,,,MXD8AHCA17C4,,"COPPER CONSTRUCTION COMPANY, INC.","COPPER CONSTRUCTION COMPANY, INC.",,1T1N5,MXD8AHCA17C4,,"COPPER CONSTRUCTION COMPANY, INC.",COPPER CONSTRUCTION COMPANY  INC.,USA,UNITED STATES,410 MCINTOSH ST,,VIDALIA,13279,TOOMBS,13,GA,GEORGIA,304743111,GA-12,GA-12,9125376420,9125373214,USA,UNITED STATES,WARNER ROBINS,13153,HOUSTON,13,GA,GEORGIA,310981815,GA-02,GA-02,AWARD,D,DEFINITIVE CONTRACT,,,,,,,J,FIRM FIXED PRICE,RENOVATE BLDG. 59D - ROBINS AFB GA,W912HN25BA007,1,OT,OTHER FUNCTIONS,Y1JZ,CONSTRUCTION OF MISCELLANEOUS BUILDINGS,H,NOT BUNDLED,,,236220,COMMERCIAL AND INSTITUTIONAL BUILDING CONSTRUCTION,C,NO CLAUSES INCLUDED AND NO SUSTAINABILITY INCLUDED,A,U.S. OWNED BUSINESS,000,NONE,Z,NOT IT PRODUCTS OR SERVICES,E,NOT REQUIRED,USA,UNITED STATES,C,NOT A MANUFACTURED END PRODUCT,B,PLAN NOT REQUIRED,A,FULL AND OPEN COMPETITION,SB,SEALED BID,NONE,NO SET ASIDE USED.,HZE,HUBZONE PRICE EVALUATION,,,,,,,3,D,COMMERCIAL PRODUCTS/SERVICES PROCEDURES NOT USED,f,N,NO,,,Y,YES,N,NO,0.00,N,NO,Y,YES,Y,YES,Y,YES,X,NOT APPLICABLE,,,,,,,,,,N,NO,X,NOT APPLICABLE EXEMPT FROM CAS,N,N,,,D,NOT CONSOLIDATED,N,NO - SERVICE WHERE PBA IS NOT USED.,N,NO,Z,NOT APPLICABLE,N,NO,X,NOT APPLICABLE,f,f,f,f,f,f,f,t,t,f,f,f,f,f,f,f,f,f,f,SMALL BUSINESS,S,f,f,f,f,f,f,f,f,f,f,f,f,f,f,f,f,f,CORPORATE NOT TAX EXEMPT,t,f,f,f,f,f,f,f,f,f,f,f,f,f,f,f,f,t,f,f,f,f,f,f,f,t,f,f,t,f,f,f,f,f,f,f,f,f,f,f,f,f,f,f,f,f,f,f,t,f,,,,,,,,,,,https://www.usaspending.gov/award/CONT_AWD_W912HN25CA013_9700_-NONE-_-NONE-/,2025-10-21
CONT_AWD_FA852225F0038_9700_FA852224D0004_9700,FA852225F0038,9700,DEPT OF DEFENSE,FA852224D0004,,,,,,31049140.00,,31049140.00,31049140.00,2025-08-26,2025,2025-08-26,2025,2025-08-26,2026-08-24,2026-08-25 00:00:00,,2025-08-25,097,Department of Defense,5700,Department of the Air Force,FA8522,FA8522  AFSC PZABB,097,Department of Defense,5700,Department of the Air Force,F3QL04,F3QL04 408 SCMS,,,,,X,NOT APPLICABLE,,,D9SJDK872X57,,NORTHROP GRUMMAN SYSTEMS CORP,NORTHROP GRUMMAN SYSTEMS CORP,,1LTU5,NKVZLJL93QT6,,NORTHROP GRUMMAN CORPORATION,NORTHROP GRUMMAN SYSTEMS CORP,USA,UNITED STATES,101 INDUSTRIAL PARK BLVD,,WARNER ROBINS,13153,HOUSTON,13,GA,GEORGIA,310887409,GA-02,GA-02,5714491496,,USA,UNITED STATES,WARNER ROBINS,13153,HOUSTON,13,GA,GEORGIA,310887409,GA-02,GA-02,AWARD,C,DELIVERY ORDER,,,,,,,J,FIRM FIXED PRICE,LAIRCM AAQ-24 REPAIRS,,1,OT,OTHER FUNCTIONS,J059,MAINT/REPAIR/REBUILD OF EQUIPMENT- ELECTRICAL AND ELECTRONIC EQUIPMENT COMPONENTS,H,NOT BUNDLED,,,811210,ELECTRONIC AND PRECISION EQUIPMENT REPAIR AND MAINTENANCE,C,NO CLAUSES INCLUDED AND NO SUSTAINABILITY INCLUDED,A,U.S. OWNED BUSINESS,000,NONE,Z,NOT IT PRODUCTS OR SERVICES,E,NOT REQUIRED,USA,UNITED STATES,C,NOT A MANUFACTURED END PRODUCT,F,INDIVIDUAL SUBCONTRACT PLAN,C,NOT COMPETED,SSS,ONLY ONE SOURCE,,,NONE,NO PREFERENCE USED,,,,,ONE,ONLY ONE SOURCE-OTHER (FAR 6.302-1 OTHER),,D,COMMERCIAL PRODUCTS/SERVICES PROCEDURES NOT USED,f,N,NO,,,X,NOT APPLICABLE,N,NO,,N,NO,X,NOT APPLICABLE,Y,YES,X,NOT APPLICABLE,X,NOT APPLICABLE,,,B,IDC,S,SINGLE AWARD,,,,Y,YES,X,NOT APPLICABLE EXEMPT FROM CAS,Y,Y,,,D,NOT CONSOLIDATED,N,NO - SERVICE WHERE PBA IS NOT USED.,N,NO,Z,NOT APPLICABLE,N,NO,X,NOT APPLICABLE,f,f,f,f,f,f,f,f,f,f,f,f,f,f,f,f,f,f,f,OTHER THAN SMALL BUSINESS,O,f,f,f,f,f,f,f,f,f,f,f,f,f,f,f,f,f,CORPORATE NOT TAX EXEMPT,t,f,f,f,f,f,f,f,f,f,f,f,t,f,f,f,f,t,f,f,f,f,f,f,f,f,f,f,t,f,f,f,f,f,f,f,f,f,f,f,f,f,f,f,f,f,f,f,f,f,,,,,,,,,,,https://www.usaspending.gov/award/CONT_AWD_FA852225F0038_9700_FA852224D0004_9700/,2025-08-27
CONT_AWD_HTC71125F7578_9700_HTC71124DR001_9700,HTC71125F7578,9700,DEPT OF DEFENSE,HTC71124DR001,,,,,,21399508.38,,21399508.38,21399508.38,2025-08-26,2025,2025-08-26,2025,2025-07-01,2025-07-31,2025-07-31 00:00:00,,2025-07-01,097,Department of Defense,9776,USTRANSCOM,HTC711,USTRANSCOM-AQ,097,Department of Defense,97AD,Immediate Office of the Secretary of Defense,HQ0157,OUSD ACQUISITION & SUSTAINMENT (A & S),,,,,X,NOT APPLICABLE,,,FBUPGPFL74A3,,"INTERNATIONAL AUTO LOGISTICS, LLC","INTERNATIONAL AUTO LOGISTICS, LLC",,6TVH1,FBUPGPFL74A3,,"INTERNATIONAL AUTO LOGISTICS, LLC",INTERNATIONAL AUTO LOGISTICS  LLC,USA,UNITED STATES,110 OFFICE PARK LN,,SAINT SIMONS ISLAND,13127,GLYNN,13,GA,GEORGIA,315226601,GA-01,GA-01,9126025621,,USA,UNITED STATES,SAINT SIMONS ISLAND,13127,GLYNN,13,GA,GEORGIA,315226601,GA-01,GA-01,AWARD,C,DELIVERY ORDER,,,,,,,K,FIXED PRICE WITH ECONOMIC PRICE ADJUSTMENT,TRANSPORTATION AND STORAGE OF PRIVATELY OWNED VEHICLES.,,12628,OT,OTHER FUNCTIONS,V119,TRANSPORTATION/TRAVEL/RELOCATION- TRANSPORTATION: OTHER,H,NOT BUNDLED,,,488999,ALL OTHER SUPPORT ACTIVITIES FOR TRANSPORTATION,C,NO CLAUSES INCLUDED AND NO SUSTAINABILITY INCLUDED,A,U.S. OWNED BUSINESS,000,NONE,Z,NOT IT PRODUCTS OR SERVICES,A,MEETS REQUIREMENTS,USA,UNITED STATES,C,NOT A MANUFACTURED END PRODUCT,F,INDIVIDUAL SUBCONTRACT PLAN,A,FULL AND OPEN COMPETITION,NP,NEGOTIATED PROPOSAL/QUOTE,,,NONE,NO PREFERENCE USED,,,,,,,,A,COMMERCIAL PRODUCTS/SERVICES,f,N,NO,,,X,NOT APPLICABLE,N,NO,,N,NO,X,NOT APPLICABLE,Y,YES,X,NOT APPLICABLE,X,NOT APPLICABLE,,,B,IDC,S,SINGLE AWARD,,,,N,NO,X,NOT APPLICABLE EXEMPT FROM CAS,N,N,,,D,NOT CONSOLIDATED,Y,YES - SERVICE WHERE PBA IS USED.,N,NO,Z,NOT APPLICABLE,N,NO,X,NOT APPLICABLE,f,f,f,f,f,f,f,f,f,f,f,f,f,f,f,f,f,f,f,OTHER THAN SMALL BUSINESS,O,f,f,f,f,f,f,f,f,f,f,f,f,f,f,f,f,f,OTHER,f,f,f,f,f,f,f,f,f,f,f,f,f,f,f,f,f,t,f,f,f,f,f,f,f,f,f,f,t,f,f,f,f,f,f,f,f,f,f,f,f,f,f,f,f,f,f,f,f,f,ROY L MOHR,575116.00,KENNETH  QUINN,718122.00,DOUG W TIPTON,493750.00,VINCENT C WATSON,476271.00,JOHN S CHOATE,394727.00,https://www.usaspending.gov/award/CONT_AWD_HTC71125F7578_9700_HTC71124DR001_9700/,2025-08-26
CONT_AWD_W912HN25C5006_9700_-NONE-_-NONE-,W912HN25C5006,,,,,,,,,27466000.00,,27466000.00,33456000.00,2025-08-27,2025,2025-08-27,2025,2025-09-15,2026-10-01,2026-10-01 00:00:00,,2025-07-27,097,Department of Defense,2100,Department of the Army,W912HN,W074 ENDIST SAVANNAH,097,Department of Defense,2100,Department of the Army,W33SJG,W2SR ENDIST SAVANNAH CW,,,,,X,NOT APPLICABLE,,,NLNZS42SH3D6,,MARINEX CONSTRUCTION INC,MARINEX CONSTRUCTION INC,,4NS08,NLNZS42SH3D6,,MARINEX CONSTRUCTION INC,MARINEX CONSTRUCTION INC,USA,UNITED STATES,"1903, PITTSBURGH AVENUE",,CHARLESTON SC,45019,CHARLESTON,45,SC,SOUTH CAROLINA,294059360,SC-06,SC-06,8437229083,8437229085,USA,UNITED STATES,SAVANNAH,13051,CHATHAM,13,GA,GEORGIA,314010900,GA-01,GA-01,AWARD,D,DEFINITIVE CONTRACT,,,,,,,J,FIRM FIXED PRICE,FY25 SAVANNAH INNER HARBOR MAINTENANCE DREDGING PROJECT,W912HN25B5005,1,OT,OTHER FUNCTIONS,Z1KF,MAINTENANCE OF DREDGING FACILITIES,H,NOT BUNDLED,,,237990,OTHER HEAVY AND CIVIL ENGINEERING CONSTRUCTION,C,NO CLAUSES INCLUDED AND NO SUSTAINABILITY INCLUDED,A,U.S. OWNED BUSINESS,000,NONE,Z,NOT IT PRODUCTS OR SERVICES,E,NOT REQUIRED,USA,UNITED STATES,C,NOT A MANUFACTURED END PRODUCT,F,INDIVIDUAL SUBCONTRACT PLAN,A,FULL AND OPEN COMPETITION,SB,SEALED BID,NONE,NO SET ASIDE USED.,NONE,NO PREFERENCE USED,,,,,,,1,D,COMMERCIAL PRODUCTS/SERVICES PROCEDURES NOT USED,f,N,NO,,,Y,YES,N,NO,0.00,N,NO,X,NOT APPLICABLE,Y,YES,Y,YES,X,NOT APPLICABLE,,,,,,,,,,N,NO,X,NOT APPLICABLE EXEMPT FROM CAS,N,N,,,D,NOT CONSOLIDATED,Y,YES - SERVICE WHERE PBA IS USED.,N,NO,Z,NOT APPLICABLE,N,NO,X,NOT APPLICABLE,f,f,f,f,f,f,f,f,f,f,f,f,f,f,f,f,f,f,f,OTHER THAN SMALL BUSINESS,O,f,f,f,f,f,f,f,f,f,f,f,f,f,f,f,f,f,OTHER,f,f,f,f,f,f,f,f,f,f,f,f,f,f,f,f,f,t,f,f,f,f,f,f,f,t,f,f,t,f,f,f,f,f,f,f,f,f,f,f,f,f,f,f,f,f,f,f,f,f,,,,,,,,,,,https://www.usaspending.gov/award/CONT_AWD_W912HN25C5006_9700_-NONE-_-NONE-/,2025-10-21
CONT_AWD_FA855325F0007_9700_FA855321D0001_9700,FA855325F0007,9700,DEPT OF DEFENSE,FA855321D0001,,,,,,25653148.27,,25653148.27,25653148.27,2025-09-10,2025,2025-09-10,2025,2025-09-11,2028-12-31,2028-12-31 00:00:00,,2023-12-18,097,Department of Defense,5700,Department of the Air Force,FA8553,FA8553  AFLCMC WLNKB,097,Department of Defense,5700,Department of the Air Force,F3QCCQ,F3QCCQ AFLCMC WLNI C130 FMS,,,,,X,NOT APPLICABLE,,,SJDEB3MKJEW5,,LOCKHEED MARTIN CORP,LOCKHEED MARTIN CORPORATION,,98897,ZFN2JJXBLZT3,,LOCKHEED MARTIN CORP,LOCKHEED MARTIN CORP,USA,UNITED STATES,86 SOUTH COBB DR,,MARIETTA,13067,COBB,13,GA,GEORGIA,300630001,GA-11,GA-11,4106820755,,USA,UNITED STATES,MARIETTA,13067,COBB,13,GA,GEORGIA,300630001,GA-11,GA-11,AWARD,C,DELIVERY ORDER,,,,,,,J,FIRM FIXED PRICE,SUSTAINMENT SUPPORT FOR FOREIGN GOVERNMENT C-130JS,FA855324R0002,1,,,1680,MISCELLANEOUS AIRCRAFT ACCESSORIES AND COMPONENTS,H,NOT BUNDLED,,,336412,AIRCRAFT ENGINE AND ENGINE PARTS MANUFACTURING,C,NO CLAUSES INCLUDED AND NO SUSTAINABILITY INCLUDED,A,U.S. OWNED BUSINESS,000,NONE,Z,NOT IT PRODUCTS OR SERVICES,E,NOT REQUIRED,USA,UNITED STATES,D,MFG IN U.S.,H,DOD COMPREHENSIVE SUBCONTRACT PLAN,B,NOT AVAILABLE FOR COMPETITION,SSS,ONLY ONE SOURCE,,,NONE,NO PREFERENCE USED,,,,,IA,INTERNATIONAL AGREEMENT (FAR 6.302-4),,D,COMMERCIAL PRODUCTS/SERVICES PROCEDURES NOT USED,f,N,NO,N,NO,X,NOT APPLICABLE,N,NO,,N,NO,X,NOT APPLICABLE,N,NO,X,NOT APPLICABLE,X,NOT APPLICABLE,,,B,IDC,S,SINGLE AWARD,,,,Y,YES,Y,YES - CAS CLAUSE INCLUDED,N,N,,,D,NOT CONSOLIDATED,X,NOT APPLICABLE,N,NO,Z,NOT APPLICABLE,N,NO,X,NOT APPLICABLE,f,f,f,f,f,f,f,f,f,f,f,f,f,f,f,f,f,f,f,OTHER THAN SMALL BUSINESS,O,f,f,f,f,f,f,f,f,f,f,f,f,f,f,f,f,f,CORPORATE NOT TAX EXEMPT,t,f,f,f,f,f,f,f,f,f,f,f,t,f,f,f,f,t,f,f,f,f,f,f,f,f,f,f,t,f,f,f,f,f,f,f,f,f,f,f,f,f,f,f,f,f,f,f,f,f,,,,,,,,,,,https://www.usaspending.gov/award/CONT_AWD_FA855325F0007_9700_FA855321D0001_9700/,2025-09-11
CONT_AWD_FA852525FB016_9700_FA852525DB002_9700,FA852525FB016,9700,DEPT OF DEFENSE,FA852525DB002,,,,,,34861826.92,,34861826.92,34861826.92,2025-09-15,2025,2025-09-15,2025,2025-09-15,2026-09-14,2026-09-14 00:00:00,,2025-07-25,097,Department of Defense,5700,Department of the Air Force,FA8525,FA8525  AFLCMC WLSKA,097,Department of Defense,5700,Department of the Air Force,F3QCCS,F3QCCS AFLCMC WLS,,,,,X,NOT APPLICABLE,,,SJDEB3MKJEW5,,LOCKHEED MARTIN CORP,LOCKHEED MARTIN CORP,LOCKHEED MARTIN AEROSTRUCTURES,98897,ZFN2JJXBLZT3,,LOCKHEED MARTIN CORP,LOCKHEED MARTIN CORP,USA,UNITED STATES,86 S COBB DR SE,,MARIETTA,13067,COBB,13,GA,GEORGIA,300630001,GA-11,GA-11,6822858949,,USA,UNITED STATES,MARIETTA,13067,COBB,13,GA,GEORGIA,300630001,GA-11,GA-11,AWARD,C,DELIVERY ORDER,,,,,,,U,COST PLUS FIXED FEE,TECHNICAL ENGINEERING SERVICES (TES),FA852524R0001,1,OT,OTHER FUNCTIONS,R425,SUPPORT- PROFESSIONAL: ENGINEERING/TECHNICAL,H,NOT BUNDLED,,,541330,ENGINEERING SERVICES,C,NO CLAUSES INCLUDED AND NO SUSTAINABILITY INCLUDED,A,U.S. OWNED BUSINESS,000,NONE,Z,NOT IT PRODUCTS OR SERVICES,E,NOT REQUIRED,USA,UNITED STATES,C,NOT A MANUFACTURED END PRODUCT,H,DOD COMPREHENSIVE SUBCONTRACT PLAN,C,NOT COMPETED,SSS,ONLY ONE SOURCE,,,NONE,NO PREFERENCE USED,,,,,ONE,ONLY ONE SOURCE-OTHER (FAR 6.302-1 OTHER),,D,COMMERCIAL PRODUCTS/SERVICES PROCEDURES NOT USED,f,N,NO,,,X,NOT APPLICABLE,N,NO,,N,NO,Y,YES,Y,YES,X,NOT APPLICABLE,X,NOT APPLICABLE,,,B,IDC,S,SINGLE AWARD,,,,Y,YES,Y,YES - CAS CLAUSE INCLUDED,Y,Y,,,D,NOT CONSOLIDATED,Y,YES - SERVICE WHERE PBA IS USED.,N,NO,Z,NOT APPLICABLE,N,NO,X,NOT APPLICABLE,f,f,f,f,f,f,f,f,f,f,f,f,f,f,f,f,f,f,f,OTHER THAN SMALL BUSINESS,O,f,f,f,f,f,f,f,f,f,f,f,f,f,f,f,f,f,CORPORATE NOT TAX EXEMPT,t,f,f,f,f,f,f,f,f,f,f,f,t,f,f,f,f,t,f,f,f,f,f,f,f,f,f,f,t,f,f,f,f,f,f,f,f,f,f,f,f,f,f,f,f,f,f,f,f,f,,,,,,,,,,,https://www.usaspending.gov/award/CONT_AWD_FA852525FB016_9700_FA852525DB002_9700/,2026-01-14
CONT_AWD_W31P4Q25F0151_9700_W31P4Q18D0002_9700,W31P4Q25F0151,9700,DEPT OF DEFENSE,W31P4Q18D0002,,,,,,28232271.84,,28232271.84,48602714.86,2025-09-18,2025,2025-09-18,2025,2025-09-18,2028-09-14,2028-09-14 00:00:00,,2025-07-30,097,Department of Defense,2100,Department of the Army,W31P4Q,W6QK ACC-RSA,097,Department of Defense,5700,Department of the Air Force,F3QCDG,F3QCDG EW AVIONICS HBY,,,,,X,NOT APPLICABLE,,,L3G5SBQ2PLK5,,GEORGIA TECH APPLIED RESEARCH CORP,GEORGIA TECH APPLIED RESEARCH CORPORATION,,1FEZ4,L3G5SBQ2PLK5,,GEORGIA TECH APPLIED RESEARCH CORP,GEORGIA TECH RESEARCH CORPORATION,USA,UNITED STATES,505 10TH ST,,ATLANTA,13121,FULTON,13,GA,GEORGIA,303185775,GA-05,GA-05,4048946934,4043852081,USA,UNITED STATES,ATLANTA,13121,FULTON,13,GA,GEORGIA,303186135,GA-05,GA-05,AWARD,C,DELIVERY ORDER,,,,,,,U,COST PLUS FIXED FEE,AFLCMC HBY ELECTRONIC WARFARE RESEARCH AND DEVELOPMENT,,1,"CL,CT","CLOSELY ASSOCIATED,CRITICAL FUNCTIONS",AJ11,GENERAL SCIENCE AND TECHNOLOGY R&D SERVICES; GENERAL SCIENCE AND TECHNOLOGY; BASIC RESEARCH,H,NOT BUNDLED,,,541715,"RESEARCH AND DEVELOPMENT IN THE PHYSICAL, ENGINEERING, AND LIFE SCIENCES (EXCEPT NANOTECHNOLOGY AND BIOTECHNOLOGY)",C,NO CLAUSES INCLUDED AND NO SUSTAINABILITY INCLUDED,B,OTHER U.S. ENTITY (E.G. GOVERNMENT),000,NONE,Z,NOT IT PRODUCTS OR SERVICES,E,NOT REQUIRED,USA,UNITED STATES,C,NOT A MANUFACTURED END PRODUCT,F,INDIVIDUAL SUBCONTRACT PLAN,C,NOT COMPETED,SSS,ONLY ONE SOURCE,,,NONE,NO PREFERENCE USED,,,,,MES,"MOBILIZATION, ESSENTIAL R&D (FAR 6.302-3)",,D,COMMERCIAL PRODUCTS/SERVICES PROCEDURES NOT USED,f,N,NO,N,NO,Y,YES,N,NO,,N,NO,N,NO,Y,YES,N,NO,X,NOT APPLICABLE,,,B,IDC,S,SINGLE AWARD,,,,Y,YES,Y,YES - CAS CLAUSE INCLUDED,N,N,,,D,NOT CONSOLIDATED,N,NO - SERVICE WHERE PBA IS NOT USED.,N,NO,Z,NOT APPLICABLE,N,NO,X,NOT APPLICABLE,f,f,f,f,f,f,f,f,f,f,f,f,f,f,f,f,f,f,f,OTHER THAN SMALL BUSINESS,O,f,f,f,f,f,f,f,f,f,f,f,f,f,f,f,f,f,CORPORATE TAX EXEMPT,f,t,f,f,f,f,f,f,f,t,f,f,f,f,f,f,f,t,f,f,f,f,f,f,f,f,f,f,f,t,f,f,f,t,f,f,f,f,f,f,f,f,f,f,f,f,f,f,f,f,,,,,,,,,,,https://www.usaspending.gov/award/CONT_AWD_W31P4Q25F0151_9700_W31P4Q18D0002_9700/,2025-09-18
CONT_AWD_FA862525FB008_9700_FA862520D3000_9700,FA862525FB008,9700,DEPT OF DEFENSE,FA862520D3000,,,,,,119663095.00,,119663095.00,120964970.00,2025-09-19,2025,2025-09-30,2025,2025-09-30,2029-08-31,2029-08-31 00:00:00,,2025-03-18,097,Department of Defense,5700,Department of the Air Force,FA8625,FA8625  AFLCMC WLNK C130,097,Department of Defense,5700,Department of the Air Force,F3QCCC,F3QCCC AFLCMC WLN,,,,,X,NOT APPLICABLE,,,SJDEB3MKJEW5,,LOCKHEED MARTIN CORP,LOCKHEED MARTIN CORPORATION,LOCKHEED MARTIN AERONAUTICS,98897,ZFN2JJXBLZT3,,LOCKHEED MARTIN CORP,LOCKHEED MARTIN CORP,USA,UNITED STATES,86 SOUTH COBB DR,,MARIETTA,13067,COBB,13,GA,GEORGIA,300630001,GA-11,GA-11,4106820755,,USA,UNITED STATES,MARIETTA,13067,COBB,13,GA,GEORGIA,300630001,GA-11,GA-11,AWARD,C,DELIVERY ORDER,,,,,,,U,COST PLUS FIXED FEE,"LOCKHEED MARTIN TO PERFORM A DMS REFRESH TO RESOLVE COMPONENT OBSOLESCENCE WITHIN THE CONTROL PANELS, PLCU AND MCDU LINE REPLACEABLE UNITS (LRUS)",,1,,,1510,"AIRCRAFT, FIXED WING",H,NOT BUNDLED,,,336411,AIRCRAFT MANUFACTURING,C,NO CLAUSES INCLUDED AND NO SUSTAINABILITY INCLUDED,A,U.S. OWNED BUSINESS,220,C-130J,Z,NOT IT PRODUCTS OR SERVICES,E,NOT REQUIRED,USA,UNITED STATES,D,MFG IN U.S.,H,DOD COMPREHENSIVE SUBCONTRACT PLAN,C,NOT COMPETED,SSS,ONLY ONE SOURCE,,,NONE,NO PREFERENCE USED,,,,,ONE,ONLY ONE SOURCE-OTHER (FAR 6.302-1 OTHER),,D,COMMERCIAL PRODUCTS/SERVICES PROCEDURES NOT USED,f,N,NO,N,NO,X,NOT APPLICABLE,N,NO,,N,NO,X,NOT APPLICABLE,X,NOT APPLICABLE,X,NOT APPLICABLE,X,NOT APPLICABLE,,,B,IDC,S,SINGLE AWARD,,,,N,NO,Y,YES - CAS CLAUSE INCLUDED,N,N,,,D,NOT CONSOLIDATED,X,NOT APPLICABLE,N,NO,Z,NOT APPLICABLE,N,NO,X,NOT APPLICABLE,f,f,f,f,f,f,f,f,f,f,f,f,f,f,f,f,f,f,f,OTHER THAN SMALL BUSINESS,O,f,f,f,f,f,f,f,f,f,f,f,f,f,f,f,f,f,CORPORATE NOT TAX EXEMPT,t,f,f,f,f,f,f,f,f,f,f,f,t,f,f,f,f,t,f,f,f,f,f,f,f,f,f,f,t,f,f,f,f,f,f,f,f,f,f,f,f,f,f,f,f,f,f,f,f,f,,,,,,,,,,,https://www.usaspending.gov/award/CONT_AWD_FA862525FB008_9700_FA862520D3000_9700/,2025-09-30
CONT_AWD_W912QR25CA027_9700_-NONE-_-NONE-,W912QR25CA027,,,,,,,,,54691730.48,,54800124.48,54837829.48,2025-09-19,2025,2025-11-03,2026,2025-09-19,2028-04-04,2028-04-04 00:00:00,,2025-04-13,097,Department of Defense,2100,Department of the Army,W912QR,W072 ENDIST LOUISVILLE,097,Department of Defense,2100,Department of the Army,W22W9K,W2SM ENDIST LOUISVILLE CW,,,,,X,NOT APPLICABLE,,,Y9FCAN97NHC9,,J. E. DUNN CONSTRUCTION COMPANY,J. E. DUNN CONSTRUCTION COMPANY,,0LNN2,Y9FCAN97NHC9,,J. E. DUNN CONSTRUCTION COMPANY,J. E. DUNN CONSTRUCTION COMPANY,USA,UNITED STATES,1001 LOCUST ST,,KANSAS CITY,29095,JACKSON,29,MO,MISSOURI,641061904,MO-05,MO-05,8164748600,8165813134,USA,UNITED STATES,MARIETTA,13067,COBB,13,GA,GEORGIA,300694200,GA-11,GA-11,AWARD,D,DEFINITIVE CONTRACT,,,,,,,J,FIRM FIXED PRICE,"CONSTRUCT AN ARMY RESERVE CENTER (ARC) ON DOBBINS AIR FORCE RESERVE BASE IN ATLANTA, GEORGIA (GA).",W912QR25RA009,1,OT,OTHER FUNCTIONS,Y1JZ,CONSTRUCTION OF MISCELLANEOUS BUILDINGS,H,NOT BUNDLED,,,236220,COMMERCIAL AND INSTITUTIONAL BUILDING CONSTRUCTION,C,NO CLAUSES INCLUDED AND NO SUSTAINABILITY INCLUDED,A,U.S. OWNED BUSINESS,000,NONE,Z,NOT IT PRODUCTS OR SERVICES,E,NOT REQUIRED,USA,UNITED STATES,C,NOT A MANUFACTURED END PRODUCT,F,INDIVIDUAL SUBCONTRACT PLAN,A,FULL AND OPEN COMPETITION,NP,NEGOTIATED PROPOSAL/QUOTE,NONE,NO SET ASIDE USED.,NONE,NO PREFERENCE USED,,,,,,,2,D,COMMERCIAL PRODUCTS/SERVICES PROCEDURES NOT USED,f,N,NO,,,Y,YES,N,NO,0.00,N,NO,N,NO,N,NO,Y,YES,X,NOT APPLICABLE,,,,,,,,,,N,NO,X,NOT APPLICABLE EXEMPT FROM CAS,N,N,,,D,NOT CONSOLIDATED,N,NO - SERVICE WHERE PBA IS NOT USED.,N,NO,Z,NOT APPLICABLE,N,NO,X,NOT APPLICABLE,f,f,f,f,f,f,f,f,f,f,f,f,f,f,f,f,f,f,f,OTHER THAN SMALL BUSINESS,O,f,f,f,f,f,f,f,f,f,f,f,f,f,f,f,f,f,CORPORATE NOT TAX EXEMPT,t,f,f,f,f,f,f,f,f,f,f,f,f,f,f,f,f,t,f,f,f,f,f,f,f,t,f,f,t,f,f,f,f,f,f,f,f,f,f,f,f,f,f,f,f,f,f,f,f,f,,,,,,,,,,,https://www.usaspending.gov/award/CONT_AWD_W912QR25CA027_9700_-NONE-_-NONE-/,2025-11-03
CONT_AWD_W912EP25CA014_9700_-NONE-_-NONE-,W912EP25CA014,,,,,,,,,28128150.00,,28128150.00,28128150.00,2025-09-24,2025,2025-10-17,2026,2025-10-06,2026-04-20,2026-04-20 00:00:00,,2025-09-16,097,Department of Defense,2100,Department of the Army,W912EP,W074 ENDIST JACKSNVLLE,097,Department of Defense,2100,Department of the Army,W32CS5,W2SR ENDIST JACKSONVILLE CW,,,,,X,NOT APPLICABLE,,,ED3FZHBD52V3,,"WEEKS MARINE, INC.","WEEKS MARINE, INC.",,1RHV3,W8F9CKD8QJQ6,,KIEWIT-TURNER A JOINT VENTURE,WEEKS MARINE  INC.,USA,UNITED STATES,304 GAILLE DR,,COVINGTON,22103,ST. TAMMANY,22,LA,LOUISIANA,704339125,LA-01,LA-01,9858752514,9858752570,USA,UNITED STATES,KINGS BAY,13039,CAMDEN,13,GA,GEORGIA,315470001,GA-01,GA-01,AWARD,D,DEFINITIVE CONTRACT,,,,,,,J,FIRM FIXED PRICE,"NAVAL SUBMARINE BASE KINGS BAY MAINTENANCE DREDGING ENTRANCE CHANNEL CAMDEN COUNTY, GEORGIA AND NASSAU COUNTY, FLORIDA",W912EP25BA003,1,OT,OTHER FUNCTIONS,Z1KF,MAINTENANCE OF DREDGING FACILITIES,H,NOT BUNDLED,,,237990,OTHER HEAVY AND CIVIL ENGINEERING CONSTRUCTION,B,FAR 52.223-4 AND FAR 52.223-9 INCLUDED,A,U.S. OWNED BUSINESS,000,NONE,Z,NOT IT PRODUCTS OR SERVICES,A,MEETS REQUIREMENTS,USA,UNITED STATES,C,NOT A MANUFACTURED END PRODUCT,F,INDIVIDUAL SUBCONTRACT PLAN,A,FULL AND OPEN COMPETITION,SB,SEALED BID,NONE,NO SET ASIDE USED.,NONE,NO PREFERENCE USED,,,,,,,3,D,COMMERCIAL PRODUCTS/SERVICES PROCEDURES NOT USED,f,N,NO,,,Y,YES,N,NO,0.00,N,NO,X,NOT APPLICABLE,Y,YES,Y,YES,X,NOT APPLICABLE,,,,,,,,,,N,NO,X,NOT APPLICABLE EXEMPT FROM CAS,N,N,,,D,NOT CONSOLIDATED,N,NO - SERVICE WHERE PBA IS NOT USED.,N,NO,C,PERCENTAGE OF COMPLETION PROGRESS PAYMENTS,N,NO,X,NOT APPLICABLE,f,f,f,f,f,f,f,f,f,f,f,f,f,f,f,f,f,f,f,OTHER THAN SMALL BUSINESS,O,f,f,f,f,f,f,f,f,f,f,f,f,f,f,f,f,f,CORPORATE NOT TAX EXEMPT,t,f,f,f,f,f,f,f,f,f,f,f,f,f,f,f,f,t,f,f,f,f,f,f,f,f,f,f,t,f,f,f,f,f,f,f,f,f,f,f,f,f,f,f,f,f,f,f,f,f,,,,,,,,,,,https://www.usaspending.gov/award/CONT_AWD_W912EP25CA014_9700_-NONE-_-NONE-/,2025-10-27
CONT_AWD_W912QR25CA029_9700_-NONE-_-NONE-,W912QR25CA029,,,,,,,,,34384000.00,,34384000.00,35022000.00,2025-09-25,2025,2025-09-25,2025,2025-09-25,2027-04-30,2027-04-30 00:00:00,,2025-06-23,097,Department of Defense,2100,Department of the Army,W912QR,W072 ENDIST LOUISVILLE,097,Department of Defense,2100,Department of the Army,W22W9K,W2SM ENDIST LOUISVILLE CW,,,,,X,NOT APPLICABLE,,,SZKNP57U5UK3,,THE HASKELL COMPANY,THE HASKELL COMPANY,,0SLF7,SZKNP57U5UK3,,THE HASKELL COMPANY,THE HASKELL COMPANY,USA,UNITED STATES,701 SAN MARCO BLVD STE 1400,,JACKSONVILLE,12031,DUVAL,12,FL,FLORIDA,322078175,FL-05,FL-05,9497055987,,USA,UNITED STATES,ALBANY,13095,DOUGHERTY,13,GA,GEORGIA,317040002,GA-02,GA-02,AWARD,D,DEFINITIVE CONTRACT,,,,,,,J,FIRM FIXED PRICE,"DESIGN/BID/BUILD CONSTRUCTION OF AN ARMY RESERVE CENTER (ARC) TRAINING BUILDING, VEHICLE MAINTENANCE SHOP (VMS) AND UNHEATED STORAGE (UHS) ON MARINE CORPS LOGISTICS BASE (MCLB) - ALBANY, GA",W912QR24RA036,1,OT,OTHER FUNCTIONS,Y1JZ,CONSTRUCTION OF MISCELLANEOUS BUILDINGS,H,NOT BUNDLED,,,236220,COMMERCIAL AND INSTITUTIONAL BUILDING CONSTRUCTION,C,NO CLAUSES INCLUDED AND NO SUSTAINABILITY INCLUDED,A,U.S. OWNED BUSINESS,000,NONE,Z,NOT IT PRODUCTS OR SERVICES,E,NOT REQUIRED,USA,UNITED STATES,C,NOT A MANUFACTURED END PRODUCT,F,INDIVIDUAL SUBCONTRACT PLAN,A,FULL AND OPEN COMPETITION,NP,NEGOTIATED PROPOSAL/QUOTE,NONE,NO SET ASIDE USED.,NONE,NO PREFERENCE USED,,,,,,,5,D,COMMERCIAL PRODUCTS/SERVICES PROCEDURES NOT USED,f,N,NO,,,Y,YES,N,NO,0.00,N,NO,X,NOT APPLICABLE,N,NO,Y,YES,X,NOT APPLICABLE,,,,,,,,,,N,NO,X,NOT APPLICABLE EXEMPT FROM CAS,N,N,,,D,NOT CONSOLIDATED,N,NO - SERVICE WHERE PBA IS NOT USED.,N,NO,Z,NOT APPLICABLE,N,NO,X,NOT APPLICABLE,f,f,f,f,f,f,f,f,f,f,f,f,f,f,f,f,f,f,f,OTHER THAN SMALL BUSINESS,O,f,f,f,f,f,f,f,f,f,f,f,f,f,f,f,f,f,CORPORATE NOT TAX EXEMPT,t,f,f,f,f,f,f,f,f,f,f,f,f,f,f,f,f,t,f,f,f,f,f,f,f,t,f,f,t,f,f,f,f,f,f,f,f,f,f,f,f,f,f,f,f,f,f,f,f,f,,,,,,,,,,,https://www.usaspending.gov/award/CONT_AWD_W912QR25CA029_9700_-NONE-_-NONE-/,2025-11-06
